RecordKey,SurveyKey,SampleKey,StartDate,EndDate,DateType,Date,TaxonVersionKey,TaxonName,GridReference,East,North,Projection,Precision,SiteKey,SiteName,Recorder,Determiner,ZeroAbundance,UnderValidation,ImagePath,County,Vice-county,Habitat description,Determiner name,Abundance,Record comment,Specimen comment,Life stage,Survey name,Source,"Habitat code (Fossitt, 2000)",Sampling method,Native status
2.41065E+16,,,12/10/2012,12/10/2012,D,12/10/2012,NBNSYS0000006842,Chorthippus brunneus,V948209,94850,20950,OSI,100,,Cape Clear,Geoff Hunt,,FALSE,FALSE,,Cork,West Cork,Wet grassland,,Nov-50,,,,,,,,
2.40966E+16,,,01/08/1979,31/08/1979,DD,01/08/1979 - 31/08/1979,NBNSYS0000006842,Chorthippus brunneus,V9622,96500,22500,OSI,1000,,Cape Clear,"O'Flanagan, C.D.",,FALSE,FALSE,,,203,,"O'Flanagan, C.D.",,,,,,Biological Records Centre,,,
2.40966E+16,,,01/08/1979,31/08/1979,DD,01/08/1979 - 31/08/1979,NBNSYS0000006838,Omocestus viridulus,V9622,96500,22500,OSI,1000,,Cape Clear,"O'Flanagan, C.D.",,FALSE,FALSE,,,203,,"Cotton, D.C.F.",,,,,,Biological Records Centre,,,
2.40966E+16,,,01/01/1960,31/12/1999,DD,01/01/1960 - 31/12/1999,NBNSYS0000006838,Omocestus viridulus,V72,75000,25000,OSI,10000,,Mizen Head,"Newman, P.M.",,FALSE,FALSE,,,203,,"Newman, P.M.",,,,,,Biological Records Centre,,,
2.40966E+16,,,01/01/1971,31/12/1971,DD,01/01/1971 - 31/12/1971,NBNSYS0000006838,Omocestus viridulus,V72,75000,25000,OSI,10000,,"Barley Cove,Crookhaven area","Burton, J.F.",,FALSE,FALSE,,,203,,"Burton, J.F.",,,,,,Biological Records Centre,,,
2.40966E+16,,,01/01/1960,31/12/1999,DD,01/01/1960 - 31/12/1999,NBNSYS0000006839,Myrmeleotettix maculatus,V72,75000,25000,OSI,10000,,Mizen Head,"Newman, P.M.",,FALSE,FALSE,,,203,,"Newman, P.M.",,,,,,Biological Records Centre,,,
2.40966E+16,,,01/01/1971,31/12/1971,DD,01/01/1971 - 31/12/1971,NBNSYS0000006842,Chorthippus brunneus,V72,75000,25000,OSI,10000,,"Barley Cove,Crookhaven area","Burton, J.F.",,FALSE,FALSE,,,203,,"Burton, J.F.",,,,,,Biological Records Centre,,,
2.40966E+16,,,01/01/1960,31/12/1999,DD,01/01/1960 - 31/12/1999,NBNSYS0000006842,Chorthippus brunneus,V72,75000,25000,OSI,10000,,Mizen Head,"Newman, P.M.",,FALSE,FALSE,,,203,,"Marshall, J.A.",,,,,,Biological Records Centre,,,
2.40966E+16,,,01/08/1979,31/08/1979,DD,01/08/1979 - 31/08/1979,NBNSYS0000006842,Chorthippus brunneus,W0124,101500,24500,OSI,1000,,Sherkin Island,"Higgins, D.G.F.",,FALSE,FALSE,,,203,,"Higgins, D.G.F.",,,,,,Biological Records Centre,,,
2.40966E+16,,,01/08/1979,31/08/1979,DD,01/08/1979 - 31/08/1979,NBNSYS0000006839,Myrmeleotettix maculatus,W0124,101500,24500,OSI,1000,,Sherkin Island,"Higgins, D.G.F.",,FALSE,FALSE,,,203,,"Higgins, D.G.F.",,,,,,Biological Records Centre,,,
2.40966E+16,,,01/08/1979,31/08/1979,DD,01/08/1979 - 31/08/1979,NBNSYS0000006838,Omocestus viridulus,W0124,101500,24500,OSI,1000,,Sherkin Island,"Higgins, D.G.F.",,FALSE,FALSE,,,203,,"Higgins, D.G.F.",,,,,,Biological Records Centre,,,
2.40966E+16,,,19/07/2006,19/07/2006,D,19/07/2006,NHMSYS0001387317,Forficula auricularia,W0124,101500,24500,OSI,1000,,"Cloddagh, Sherkin Island",Martin Cawley,,FALSE,FALSE,,,,sandy foreshore,,,,,,,,,,
2.40966E+16,,,19/07/2006,19/07/2006,D,19/07/2006,NBNSYS0000006838,Omocestus viridulus,W0124,101500,24500,OSI,1000,,"Cloddagh, Sherkin Island",Martin Cawley,,FALSE,FALSE,,,,sandy foreshore,,,,,,,,,,
2.40966E+16,,,01/01/1960,31/12/1999,DD,01/01/1960 - 31/12/1999,NBNSYS0000006838,Omocestus viridulus,V92,95000,25000,OSI,10000,,"Clear Island,Cape Clear","Carter, D.",,FALSE,FALSE,,,203,,"Carter, D.",,,,,,Biological Records Centre,,,
2.40966E+16,,,15/09/1975,15/09/1975,D,15/09/1975,NBNSYS0000006825,Leptophyes punctatissima,V92,95000,25000,OSI,10000,,"Clear Island, West Cork.","Ihssen, G.",,FALSE,FALSE,,,203,,,,Grasshoppers and crickets of Ireland,,,,National Biodiversity Data Centre Ireland,,,
2.40966E+16,,,15/09/1975,15/09/1975,D,15/09/1975,NBNSYS0000006825,Leptophyes punctatissima,V92,95000,25000,OSI,10000,,Clear Island,"Thosen, G.",,FALSE,FALSE,,,203,,"Marshall, J.A.",,,,,,Biological Records Centre,,,
2.40966E+16,,,01/01/1981,31/12/1981,DD,01/01/1981 - 31/12/1981,NBNSYS0000006833,Tetrix undulata,V92,95000,25000,OSI,10000,,Clear Island,"Limbert, M.",,FALSE,FALSE,,,203,,"Limbert, M.",,,,,,"Limbert, M.",,,
2.40966E+16,,,01/01/1971,31/12/1971,DD,01/01/1971 - 31/12/1971,NBNSYS0000006833,Tetrix undulata,W02,105000,25000,OSI,10000,,Sherkin Island,"Burton, J.F.",,FALSE,FALSE,,,203,,"Burton, J.F.",,,,,,Biological Records Centre,,,
2.40966E+16,,,01/01/1960,31/12/1999,DD,01/01/1960 - 31/12/1999,NBNSYS0000006839,Myrmeleotettix maculatus,W02,105000,25000,OSI,10000,,Baltimore,"Carter, D.",,FALSE,FALSE,,,203,,"Carter, D.",,,,,,Biological Records Centre,,,
2.40966E+16,,,01/01/1971,31/12/1971,DD,01/01/1971 - 31/12/1971,NBNSYS0000006839,Myrmeleotettix maculatus,W02,105000,25000,OSI,10000,,Sherkin Island,"Burton, J.F.",,FALSE,FALSE,,,203,,"Burton, J.F.",,,,,,Biological Records Centre,,,
2.40966E+16,,,01/01/1960,31/12/1999,DD,01/01/1960 - 31/12/1999,NBNSYS0000006838,Omocestus viridulus,W02,105000,25000,OSI,10000,,Sherkin Island,"Broomfield, P.S.",,FALSE,FALSE,,,203,,"Broomfield, P.S.",,,,,,Biological Records Centre,,,
2.40966E+16,,,01/01/1960,31/12/1999,DD,01/01/1960 - 31/12/1999,NBNSYS0000006838,Omocestus viridulus,W02,105000,25000,OSI,10000,,Baltimore,"Carter, D.",,FALSE,FALSE,,,203,,"Carter, D.",,,,,,Biological Records Centre,,,
2.40966E+16,,,01/01/1971,31/12/1971,DD,01/01/1971 - 31/12/1971,NBNSYS0000006838,Omocestus viridulus,W02,105000,25000,OSI,10000,,Sherkin Island,"Burton, J.F.",,FALSE,FALSE,,,203,,"Burton, J.F.",,,,,,Biological Records Centre,,,
2.40966E+16,,,01/01/1960,31/12/1999,DD,01/01/1960 - 31/12/1999,NBNSYS0000006842,Chorthippus brunneus,W02,105000,25000,OSI,10000,,Baltimore,"Carter, D.",,FALSE,FALSE,,,203,,"Marshall, J.A.",,,,,,Biological Records Centre,,,
2.40966E+16,,,01/01/1960,31/12/1999,DD,01/01/1960 - 31/12/1999,NBNSYS0000006842,Chorthippus brunneus,W02,105000,25000,OSI,10000,,"Skibbereen,Lough Hyne","Broomfield, P.S.",,FALSE,FALSE,,,203,,"Marshall, J.A.",,,,,,Biological Records Centre,,,
2.40966E+16,,,01/01/1971,31/12/1971,DD,01/01/1971 - 31/12/1971,NBNSYS0000006842,Chorthippus brunneus,W02,105000,25000,OSI,10000,,Sherkin Island,"Burton, J.F.",,FALSE,FALSE,,,203,,"Burton, J.F.",,,,,,Biological Records Centre,,,
2.40966E+16,,,01/01/1940,31/12/1999,DD,01/01/1940 - 31/12/1999,NBNSYS0000006842,Chorthippus brunneus,W02,105000,25000,OSI,10000,,Lough Hyne,"Graves, P.P.",,FALSE,FALSE,,,203,,"Marshall, J.A.",,,,,,Biological Records Centre,,,
2.40966E+16,,,13/09/1968,13/09/1968,D,13/09/1968,NHMSYS0001387317,Forficula auricularia,W02,105000,25000,OSI,10000,,Lough Hyne,"Broomfield, P.S.",,FALSE,FALSE,,,203,,"Broomfield, P.S.",,,,,,Biological Records Centre,,,
2.40966E+16,,,31/08/1976,31/08/1976,D,31/08/1976,NHMSYS0001387317,Forficula auricularia,W02,105000,25000,OSI,10000,,"Lough Hyne,N side","Pitkin, L.M.",,FALSE,FALSE,,,203,,"Pitkin, L.M.",,,,,,Biological Records Centre,,,
2.40966E+16,,,05/09/1968,05/09/1968,D,05/09/1968,NHMSYS0001387317,Forficula auricularia,W02,105000,25000,OSI,10000,,Lough Hyne,"Broomfield, P.S.",,FALSE,FALSE,,,203,,"Broomfield, P.S.",,,,,,Biological Records Centre,,,
2.40966E+16,,,01/01/1971,31/12/1971,DD,01/01/1971 - 31/12/1971,NBNSYS0000006842,Chorthippus brunneus,W12,115000,25000,OSI,10000,,Tragumna,"Burton, J.F.",,FALSE,FALSE,,,203,,"Burton, J.F.",,,,,,Biological Records Centre,,,
2.40966E+16,,,01/01/1971,31/12/1971,DD,01/01/1971 - 31/12/1971,NBNSYS0000006838,Omocestus viridulus,W12,115000,25000,OSI,10000,,Tragumna,"Burton, J.F.",,FALSE,FALSE,,,203,,"Burton, J.F.",,,,,,Biological Records Centre,,,
2.40966E+16,,,01/01/1971,31/12/1971,DD,01/01/1971 - 31/12/1971,NBNSYS0000006839,Myrmeleotettix maculatus,W12,115000,25000,OSI,10000,,Tragumna,"Burton, J.F.",,FALSE,FALSE,,,203,,"Burton, J.F.",,,,,,Biological Records Centre,,,
2.40966E+16,,,06/07/2007,06/07/2007,D,06/07/2007,NBNSYS0000006838,Omocestus viridulus,W038254,103850,25450,OSI,100,,Baltimore,Martin Cawley,,FALSE,FALSE,,,,coastal heath,,,,,,,,,,
2.40966E+16,,,06/07/2007,06/07/2007,D,06/07/2007,NBNSYS0000006839,Myrmeleotettix maculatus,W038254,103850,25450,OSI,100,,Baltimore,Martin Cawley,,FALSE,FALSE,,,,coastal heath,,,,,,,,,,
2.40966E+16,,,06/07/2007,06/07/2007,D,06/07/2007,NBNSYS0000006833,Tetrix undulata,W038254,103850,25450,OSI,100,,Baltimore,Martin Cawley,,FALSE,FALSE,,,,coastal heath,,,,,,,,,,
2.40966E+16,,,06/07/2007,06/07/2007,D,06/07/2007,NBNSYS0000006842,Chorthippus brunneus,W038254,103850,25450,OSI,100,,Baltimore,Martin Cawley,,FALSE,FALSE,,,,coastal heath,,,,,,,,,,
2.40966E+16,,,06/07/2007,06/07/2007,D,06/07/2007,NHMSYS0001387317,Forficula auricularia,W038254,103850,25450,OSI,100,,Baltimore,Martin Cawley,,FALSE,FALSE,,,,coastal heath,,,,,,,,,,
2.40966E+16,,,01/08/1979,31/08/1979,DD,01/08/1979 - 31/08/1979,NBNSYS0000006839,Myrmeleotettix maculatus,V7626,76500,26500,OSI,1000,,Barley Cove,"O'Flanagan, C.D.",,FALSE,FALSE,,,203,,"O'Flanagan, C.D.",,,,,,Biological Records Centre,,,
2.40966E+16,,,01/08/1979,31/08/1979,DD,01/08/1979 - 31/08/1979,NBNSYS0000006838,Omocestus viridulus,V7626,76500,26500,OSI,1000,,Barley Cove,"O'Flanagan, C.D.",,FALSE,FALSE,,,203,,"Cotton, D.C.F.",,,,,,Biological Records Centre,,,
2.40966E+16,,,01/08/1979,31/08/1979,DD,01/08/1979 - 31/08/1979,NBNSYS0000006842,Chorthippus brunneus,V7626,76500,26500,OSI,1000,,Barley Cove,"O'Flanagan, C.D.",,FALSE,FALSE,,,203,,"O'Flanagan, C.D.",,,,,,Biological Records Centre,,,
2.48947E+16,,,13/08/2016,13/08/2016,D,13/08/2016,NBNSYS0000006838,Omocestus viridulus,V739267,73950,26750,OSI,100,,Three Castle Head,Ken Bond,,FALSE,FALSE,Images\24894664796554999.jpg,Cork,West Cork,,,1,Det. by Brian Nelson from e-mailed image.,,,,,,,
2.41065E+16,,,14/08/2012,14/08/2012,D,14/08/2012,NHMSYS0001387317,Forficula auricularia,W042262,104250,26250,OSI,100,,Baltimore,Cameron Clotworthy,,FALSE,FALSE,,Cork,West Cork,Buildings and artificial surfaces,,<10,Found in wooden house,,,,,,,
2.41065E+16,,,19/09/2012,19/09/2012,D,19/09/2012,NBNSYS0000006842,Chorthippus brunneus,V904277,90450,27750,OSI,100,,"Long Island, Roaringwater Bay",Clare Heardman,,FALSE,FALSE,,Cork,West Cork,Semi-natural grassland,,<10,,,,,,,,
2.41065E+16,,,11/09/2012,11/09/2012,D,11/09/2012,NHMSYS0001387317,Forficula auricularia,V786281,78650,28150,OSI,100,,Goleen,Kevin Lynch,,FALSE,FALSE,,Cork,West Cork,Buildings and artificial surfaces,,1,Kitchen Floor,,,,,,,
2.40966E+16,,,19/06/1990,19/06/1990,D,19/06/1990,NBNSYS0000006842,Chorthippus brunneus,W1127,111500,27500,OSI,1000,,"Ballyally Lough, SE of","Arnold, H.; Eversham, B.; Green, S.G.",,FALSE,FALSE,,,203,,,,,,,,Biological Records Centre,,,
2.40966E+16,,,19/06/1990,19/06/1990,D,19/06/1990,NBNSYS0000006839,Myrmeleotettix maculatus,W1127,111500,27500,OSI,1000,,"Ballyally Lough, SE of","Arnold, H.; Eversham, B.; Green, S.G.",,FALSE,FALSE,,,203,,,,,,,,Biological Records Centre,,,
2.40966E+16,,,19/06/1990,19/06/1990,D,19/06/1990,NBNSYS0000006838,Omocestus viridulus,W1127,111500,27500,OSI,1000,,"Ballyally Lough, SE of","Arnold, H.; Eversham, B.; Green, S.G.",,FALSE,FALSE,,,203,,,,,,,,Biological Records Centre,,,
9.47987E+16,,,04/05/1997,04/05/1997,D,04/05/1997,NBNSYS0000006833,Tetrix undulata,W1327,113500,27500,OSI,1000,,Tregumna,John Paul,,FALSE,FALSE,,,West Cork,,John Paul,4,,Voucher specimen,Adult,John Paul 2005. Unpublished field notes,Submitted directly to the Data Centre,,,
2.41065E+16,,,19/09/2012,19/09/2012,D,19/09/2012,NBNSYS0000006839,Myrmeleotettix maculatus,V932289,93250,28950,OSI,100,,"Long Island, Roaringwater Bay",Clare Heardman,,FALSE,FALSE,,Cork,West Cork,Dry siliceous heath,,<10,,,,,,,,
2.41065E+16,,,21/08/2012,21/08/2012,D,21/08/2012,NHMSYS0001387317,Forficula auricularia,W072324,107250,32450,OSI,100,,"Ardralla, Church Cross, Skibbereen",Elaine Draper,,FALSE,FALSE,,Cork,West Cork,Flower beds and borders,,>50,Loads of them!!,,,,,,,
2.41065E+16,,,29/08/2012,29/08/2012,D,29/08/2012,NBNSYS0000006833,Tetrix undulata,V957338,95750,33850,OSI,100,,Derreennatra Bog NHA,Clare Heardman & Patrick Graham,,FALSE,FALSE,,Cork,West Cork,Recolonising bare ground,,1,,,,,,,,
2.41065E+16,,,29/08/2012,29/08/2012,D,29/08/2012,NBNSYS0000006842,Chorthippus brunneus,V957338,95750,33850,OSI,100,,Derreennatra Bog NHA,Clare Heardman & Patrick Graham,,FALSE,FALSE,,Cork,West Cork,Dry-humid acid grassland,,<10,,,,,,,,
2.41065E+16,,,29/08/2012,29/08/2012,D,29/08/2012,NBNSYS0000006838,Omocestus viridulus,V957338,95750,33850,OSI,100,,Derreennatra Bog NHA,Clare Heardman & Patrick Graham,,FALSE,FALSE,,Cork,West Cork,Dry-humid acid grassland,,<10,,,,,,,,
2.40966E+16,,,19/06/1990,19/06/1990,D,19/06/1990,NBNSYS0000006842,Chorthippus brunneus,W1833,118500,33500,OSI,1000,,Rinneen,"Arnold, H.; Eversham, B.; Green, S.G.",,FALSE,FALSE,,,203,,,,,,,,Biological Records Centre,,,
2.40966E+16,,,19/06/1990,19/06/1990,D,19/06/1990,NBNSYS0000006838,Omocestus viridulus,W1833,118500,33500,OSI,1000,,Rinneen,"Arnold, H.; Eversham, B.; Green, S.G.",,FALSE,FALSE,,,203,,,,,,,,Biological Records Centre,,,
2.40966E+16,,,19/06/1990,19/06/1990,D,19/06/1990,NBNSYS0000006838,Omocestus viridulus,W3333,133500,33500,OSI,1000,,"Lough Rahavarrig, SE of","Arnold, H.; Eversham, B.; Green, S.G.",,FALSE,FALSE,,,203,,,,,,,,Biological Records Centre,,,
2.40966E+16,,,19/06/1990,19/06/1990,D,19/06/1990,NBNSYS0000006824,Conocephalus dorsalis,W3333,133500,33500,OSI,1000,,"Lough Rahavarrig, SE of","Arnold, H.; Eversham, B.; Green, S.G.",,FALSE,FALSE,,,203,,,,,,,,Biological Records Centre,,,
2.40966E+16,,,29/07/2010,29/07/2010,D,29/07/2010,NBNSYS0000006824,Conocephalus dorsalis,W337338,133750,33850,OSI,100,,The Long Strand,Martin Cawley,,FALSE,FALSE,,,,coastal marsh,,,,,,,,,,
2.40966E+16,,,01/01/1971,31/12/1971,DD,01/01/1971 - 31/12/1971,NBNSYS0000006842,Chorthippus brunneus,V93,95000,35000,OSI,10000,,Schull,"Burton, J.F.",,FALSE,FALSE,,,203,,"Burton, J.F.",,,,,,Biological Records Centre,,,
2.40966E+16,,,01/01/1960,31/12/1999,DD,01/01/1960 - 31/12/1999,NBNSYS0000006842,Chorthippus brunneus,V93,95000,35000,OSI,10000,,Ballydehob,"Newman, P.M.",,FALSE,FALSE,,,203,,"Marshall, J.A.",,,,,,Biological Records Centre,,,
2.40966E+16,,,01/01/1960,31/12/1999,DD,01/01/1960 - 31/12/1999,NBNSYS0000006838,Omocestus viridulus,V93,95000,35000,OSI,10000,,"Bantry,Ballydehob S of","Newman, P.M.",,FALSE,FALSE,,,203,,"Newman, P.M.",,,,,,Biological Records Centre,,,
2.40966E+16,,,01/01/1971,31/12/1971,DD,01/01/1971 - 31/12/1971,NBNSYS0000006838,Omocestus viridulus,V93,95000,35000,OSI,10000,,Schull,"Burton, J.F.",,FALSE,FALSE,,,203,,"Burton, J.F.",,,,,,Biological Records Centre,,,
2.40966E+16,,,01/01/1971,31/12/1971,DD,01/01/1971 - 31/12/1971,NBNSYS0000006839,Myrmeleotettix maculatus,V93,95000,35000,OSI,10000,,Schull,"Burton, J.F.",,FALSE,FALSE,,,203,,"Burton, J.F.",,,,,,Biological Records Centre,,,
9.47987E+16,,,02/05/1997,02/05/1997,D,02/05/1997,NBNSYS0000006833,Tetrix undulata,W2934,129500,34500,OSI,1000,,Warren Strand,John Paul,,FALSE,FALSE,,,West Cork,,John Paul,2,,Voucher specimen,Adult,John Paul 2005. Unpublished field notes,Submitted directly to the Data Centre,,,
2.40966E+16,,,19/06/1990,19/06/1990,D,19/06/1990,NBNSYS0000006842,Chorthippus brunneus,W3134,131500,34500,OSI,1000,,Ownahincha,"Arnold, H.; Eversham, B.; Green, S.G.",,FALSE,FALSE,,,203,,,,,,,,Biological Records Centre,,,
2.40966E+16,,,19/06/1990,19/06/1990,D,19/06/1990,NBNSYS0000006842,Chorthippus brunneus,W3234,132500,34500,OSI,1000,,Castlefreke Wood,"Arnold, H.; Eversham, B.; Green, S.G.",,FALSE,FALSE,,,203,,,,,,,,Biological Records Centre,,,
2.40966E+16,,,14/07/1983,14/07/1983,D,14/07/1983,NBNSYS0000006842,Chorthippus brunneus,W3234,132500,34500,OSI,1000,,"Long Strand, Co. Cork.","Speight, M.C.D.",,FALSE,FALSE,,,203,,,,Grasshoppers and crickets of Ireland,,,,National Biodiversity Data Centre Ireland,,,
2.40966E+16,,,19/06/1990,19/06/1990,D,19/06/1990,NHMSYS0001387317,Forficula auricularia,W3234,132500,34500,OSI,1000,,Castlefreke Wood,"Arnold, H.; Eversham, B.; Green, S.G.",,FALSE,FALSE,,,203,,,,,,,,Biological Records Centre,,,
2.40966E+16,,,19/06/1990,19/06/1990,D,19/06/1990,NBNSYS0000006838,Omocestus viridulus,W3234,132500,34500,OSI,1000,,Castlefreke Wood,"Arnold, H.; Eversham, B.; Green, S.G.",,FALSE,FALSE,,,203,,,,,,,,Biological Records Centre,,,
2.40966E+16,,,23/08/1989,23/08/1989,D,23/08/1989,NBNSYS0000006838,Omocestus viridulus,W3334,133500,34500,OSI,1000,,"Rahavarrig, S of","Arnold, H.; Eversham, B.; Green, S.G.",,FALSE,FALSE,,,203,,,,,,,,Biological Records Centre,,,
2.40966E+16,,,23/08/1989,23/08/1989,D,23/08/1989,NBNSYS0000006824,Conocephalus dorsalis,W3334,133500,34500,OSI,1000,,"Rahavarrig, S of","Arnold, H.; Eversham, B.; Green, S.G.",,FALSE,FALSE,,,203,,,,,,,,Biological Records Centre,,,
2.40966E+16,,,23/08/1989,23/08/1989,D,23/08/1989,NBNSYS0000006842,Chorthippus brunneus,W3334,133500,34500,OSI,1000,,"Rahavarrig, S of","Arnold, H.; Eversham, B.; Green, S.G.",,FALSE,FALSE,,,203,,,,,,,,Biological Records Centre,,,
2.40966E+16,,,01/01/1971,31/12/1971,DD,01/01/1971 - 31/12/1971,NBNSYS0000006842,Chorthippus brunneus,W03,105000,35000,OSI,10000,,Kilcoe,"Burton, J.F.",,FALSE,FALSE,,,203,,"Burton, J.F.",,,,,,Biological Records Centre,,,
2.40966E+16,,,01/01/1971,31/12/1971,DD,01/01/1971 - 31/12/1971,NBNSYS0000006839,Myrmeleotettix maculatus,W03,105000,35000,OSI,10000,,Kilcoe,"Burton, J.F.",,FALSE,FALSE,,,203,,"Burton, J.F.",,,,,,Biological Records Centre,,,
2.40966E+16,,,01/01/1971,31/12/1971,DD,01/01/1971 - 31/12/1971,NBNSYS0000006838,Omocestus viridulus,W03,105000,35000,OSI,10000,,Kilcoe,"Burton, J.F.",,FALSE,FALSE,,,203,,"Burton, J.F.",,,,,,Biological Records Centre,,,
2.40966E+16,,,01/01/1960,31/12/1999,DD,01/01/1960 - 31/12/1999,NBNSYS0000006838,Omocestus viridulus,W13,115000,35000,OSI,10000,,"Skibbereen,Lough Hyne","Broomfield, P.S.",,FALSE,FALSE,,,203,,"Broomfield, P.S.",,,,,,Biological Records Centre,,,
2.40966E+16,,,01/01/1693,31/12/1952,DD,01/01/1693 - 31/12/1952,NBNSYS0000006842,Chorthippus brunneus,W13,115000,35000,OSI,10000,,Castletownshend,,,FALSE,FALSE,,,203,,,,,,,,Biological Records Centre,,,
2.40966E+16,,,01/01/1960,31/12/1999,DD,01/01/1960 - 31/12/1999,NBNSYS0000006842,Chorthippus brunneus,W23,125000,35000,OSI,10000,,Rosscarbery Bay,"Macdonnell, L.M.",,FALSE,FALSE,,,203,,"Marshall, J.A.",,,,,,Biological Records Centre,,,
2.40966E+16,,,01/01/1693,31/12/1895,DD,01/01/1693 - 31/12/1895,NHMSYS0001387382,Labia minor,W23,125000,35000,OSI,10000,,Ross Carbery,,,FALSE,FALSE,,,203,,"O'Connor, J.P.",,,,,,"Harding, P.T.",,,
2.40966E+16,,,01/01/1693,31/12/1990,DD,01/01/1693 - 31/12/1990,NBNSYS0000006833,Tetrix undulata,W23,125000,35000,OSI,10000,,Glandore,,,FALSE,FALSE,,,203,,"O'Connor, J.P.",,,,,,"Harding, P.T.",,,
2.40966E+16,,,30/08/1976,30/08/1976,D,30/08/1976,NBNSYS0000006838,Omocestus viridulus,W33,135000,35000,OSI,10000,,"Rosscarbery Bay,E side","Pitkin, L.M.",,FALSE,FALSE,,,203,,"Marshall, J.A.",,,,,,Biological Records Centre,,,
2.41065E+16,,,02/09/2012,02/09/2012,D,02/09/2012,NHMSYS0001387317,Forficula auricularia,V980357,98050,35750,OSI,100,,"Cooragurteen, Ballydehob",Declan O'Donnell,,FALSE,FALSE,,Cork,West Cork,Horticultural land,,Nov-50,Lots in polytunnel,,,,,,,
2.40966E+16,,,23/08/1937,23/08/1937,D,23/08/1937,NBNSYS0000006842,Chorthippus brunneus,W63,165000,35000,OSI,10000,,Old Head of Kinsale,"Richardson, A.",,FALSE,FALSE,,,203,,,,,,,,Biological Records Centre,,,
2.40966E+16,,,23/08/1989,23/08/1989,D,23/08/1989,NBNSYS0000006842,Chorthippus brunneus,W2835,128500,35500,OSI,1000,,"Creggane House, W of","Arnold, H.; Eversham, B.; Green, S.G.",,FALSE,FALSE,,,203,,,,,,,,Biological Records Centre,,,
2.40966E+16,,,23/08/1989,23/08/1989,D,23/08/1989,NHMSYS0001387317,Forficula auricularia,W2835,128500,35500,OSI,1000,,"Creggane House, W of","Arnold, H.; Eversham, B.; Green, S.G.",,FALSE,FALSE,,,203,,,,,,,,Biological Records Centre,,,
2.40966E+16,,,23/08/1989,23/08/1989,D,23/08/1989,NBNSYS0000006838,Omocestus viridulus,W2835,128500,35500,OSI,1000,,"Creggane House, W of","Arnold, H.; Eversham, B.; Green, S.G.",,FALSE,FALSE,,,203,,,,,,,,Biological Records Centre,,,
2.40966E+16,,,23/08/1989,23/08/1989,D,23/08/1989,NBNSYS0000006838,Omocestus viridulus,W3035,130500,35500,OSI,1000,,Ownahincha,"Arnold, H.; Eversham, B.; Green, S.G.",,FALSE,FALSE,,,203,,,,,,,,Biological Records Centre,,,
2.40966E+16,,,23/08/1989,23/08/1989,D,23/08/1989,NBNSYS0000006842,Chorthippus brunneus,W3035,130500,35500,OSI,1000,,Ownahincha,"Arnold, H.; Eversham, B.; Green, S.G.",,FALSE,FALSE,,,203,,,,,,,,Biological Records Centre,,,
2.40966E+16,,,01/06/1984,30/06/1984,DD,01/06/1984 - 30/06/1984,NBNSYS0000006838,Omocestus viridulus,W3935,139500,35500,OSI,1000,,Ardfield nr Dunnycove Bay,"Green, S.V.",,FALSE,FALSE,,,203,,"Green, S.V.",,,,,,Biological Records Centre,,,
2.48947E+16,,,14/08/2016,14/08/2016,D,14/08/2016,NBNSYS0000006842,Chorthippus brunneus,V984377,98450,37750,OSI,100,,Coolcaha,Ken Bond,,FALSE,FALSE,Images\24894664796554985.jpg,Cork,West Cork,,,1,Det. by Brian Nelson from e-mailed image.,,,,,,,
2.40966E+16,,,19/07/2003,24/08/2003,DD,19/07/2003 - 24/08/2003,NBNSYS0000006838,Omocestus viridulus,W3738,137000,38000,OSI,1000,,Clogheen Strand Intake,Tom Gittings,,FALSE,FALSE,,Cork,,,Tom Gittings,,,,,,,,Malaise trap,
2.40966E+16,,,23/07/2000,23/07/2000,D,23/07/2000,NBNSYS0000006842,Chorthippus brunneus,W406389,140650,38950,OSI,100,,Inchydoney,Martin Cawley,,FALSE,FALSE,,,,sand dunes,,,,,,,,,,
2.40966E+16,,,23/07/2000,23/07/2000,D,23/07/2000,NHMSYS0001387317,Forficula auricularia,W406389,140650,38950,OSI,100,,Inchydoney,Martin Cawley,,FALSE,FALSE,,,,sand dunes,,,,,,,,,,
2.40966E+16,,,23/07/2000,23/07/2000,D,23/07/2000,NBNSYS0000006825,Leptophyes punctatissima,W406389,140650,38950,OSI,100,,Inchydoney,Martin Cawley,,FALSE,FALSE,,,,sand dunes,,,,,,,,,,
2.41065E+16,,,10/08/2012,10/08/2012,D,10/08/2012,NHMSYS0001387317,Forficula auricularia,V490409,49050,40950,OSI,100,,Dursey Island.,David Cooke,,FALSE,FALSE,,Cork,West Cork,Flower beds and borders,,,,,,,,,,
2.41065E+16,,,04/09/2012,04/09/2012,D,04/09/2012,NBNSYS0000006842,Chorthippus brunneus,V517410,51750,41050,OSI,100,,Ballynacarriga,Penny Durell,,FALSE,FALSE,,Cork,West Cork,Dry meadows and grassy verges,,<10,,,,,,,,
2.40966E+16,,,30/09/1984,30/09/1984,D,30/09/1984,NHMSYS0001387317,Forficula auricularia,W505392,150550,39250,OSI,100,,"Butterstown,0.5m ENE","Fogan, Mrs M.; Rands, Mrs E.B.; Rundle, A.J.",,FALSE,FALSE,,,203,,,,,,,,Biological Records Centre,,,
2.40966E+16,,,01/10/1984,01/10/1984,D,01/10/1984,NHMSYS0001387317,Forficula auricularia,W393394,139350,39450,OSI,100,,"Clonakilty,nr","Fogan, Mrs M.; Rands, Mrs E.B.; Rundle, A.J.",,FALSE,FALSE,,,203,,,,,,,,Biological Records Centre,,,
2.41065E+16,,,23/09/2012,23/09/2012,D,23/09/2012,NBNSYS0000006842,Chorthippus brunneus,V516417,51650,41750,OSI,100,,Ballaghboy,Clare Heardman,,FALSE,FALSE,,Cork,West Cork,Dry meadows and grassy verges,,<10,,,,,,,,
2.41065E+16,,,23/09/2012,23/09/2012,D,23/09/2012,NBNSYS0000006833,Tetrix undulata,V516417,51650,41750,OSI,100,,Ballaghboy,Clare Heardman,,FALSE,FALSE,,Cork,West Cork,Recolonising bare ground,,<10,,,,,,,,
2.40966E+16,,,01/10/1984,01/10/1984,D,01/10/1984,NHMSYS0001387317,Forficula auricularia,W394409,139450,40950,OSI,100,,"Clonakilty,estuary nr","Fogan, Mrs M.; Rands, Mrs E.B.; Rundle, A.J.",,FALSE,FALSE,,,203,,,,,,,,Biological Records Centre,,,
2.41065E+16,,,01/11/2012,01/11/2012,D,01/11/2012,NBNSYS0000006842,Chorthippus brunneus,V648433,64850,43350,OSI,100,,Pulleen Harbour Bog,Clare Heardman,,FALSE,FALSE,,Cork,West Cork,Dry siliceous heath,,1,,,,,,,,
2.41065E+16,,,08/08/2012,08/08/2012,D,08/08/2012,NBNSYS0000006839,Myrmeleotettix maculatus,V6443,64500,43500,OSI,1000,,Pulleen Harbour Bog,Clare Heardman,,FALSE,FALSE,,Cork,West Cork,Lowland blanket bog,,<10,,,,,,,,
2.41065E+16,,,08/08/2012,08/08/2012,D,08/08/2012,NBNSYS0000006842,Chorthippus brunneus,V6443,64500,43500,OSI,1000,,Pulleen Harbour Bog,Clare Heardman,,FALSE,FALSE,,Cork,West Cork,Dry siliceous heath,,Nov-50,,,,,,,,
2.41065E+16,,,08/08/2012,08/08/2012,D,08/08/2012,NBNSYS0000006838,Omocestus viridulus,V6443,64500,43500,OSI,1000,,Pulleen Harbour Bog,Clare Heardman,,FALSE,FALSE,,Cork,West Cork,Dry siliceous heath,,Nov-50,,,,,,,,
2.34017E+16,,,31/12/1993,31/12/1993,D,31/12/1993,NBNSYS0000005380,Acanthoxyla inermis,V7443,74500,43500,OSI,1000,,Bear Island,M. Keep,,FALSE,FALSE,,,,,,,,,,,"Biological Records Centre, UK",,,
2.40966E+16,,,01/01/1993,31/12/1993,DD,01/01/1993 - 31/12/1993,NBNSYS0000005380,Acanthoxyla inermis,V7443,74500,43500,OSI,1000,,Bear Island/Bear Island,"Keep, M.",,FALSE,FALSE,,,203,,,,not confirmed - (1km square notional),,,,Biological Records Centre,,,
9.47987E+16,,,24/08/2008,24/08/2008,D,24/08/2008,NBNSYS0000006842,Chorthippus brunneus,W500426,150050,42650,OSI,100,,Courtmacsherry,David R. Skingsley,,FALSE,FALSE,,,,,David R. Skingsley,,,,,,Submitted directly to the Data Centre,,,
2.41065E+16,,,15/08/2012,15/08/2012,D,15/08/2012,NHMSYS0001387317,Forficula auricularia,W509427,150950,42750,OSI,100,,Courtmacsherry,Fran Wolstenholme,,FALSE,FALSE,,Cork,West Cork,Flower beds and borders,,<10,,,,,,,,
2.40966E+16,,,14/07/2000,14/07/2000,D,14/07/2000,NHMSYS0001387317,Forficula auricularia,W611430,161150,43050,OSI,100,,"White Strand, 2.5km SE of Ballinspittle",Roy Anderson,,FALSE,FALSE,,,,Coastland: grey dunes,,abundant,In litter and cuttings behind garden walls.,,,,,,,
2.40966E+16,,,01/01/1693,31/12/1940,DD,01/01/1693 - 31/12/1940,NBNSYS0000006842,Chorthippus brunneus,V54,55000,45000,OSI,10000,,Ballydonegan,"Richardson, A.",,FALSE,FALSE,,,203,,"Marshall, J.A.",,,,,,Biological Records Centre,,,
2.40966E+16,,,01/01/1960,31/12/1999,DD,01/01/1960 - 31/12/1999,NBNSYS0000006842,Chorthippus brunneus,V54,55000,45000,OSI,10000,,Garnish(=Garinish),"Broomfield, P.S.",,FALSE,FALSE,,,203,,"Marshall, J.A.",,,,,,Biological Records Centre,,,
2.40966E+16,,,01/01/1960,31/12/1999,DD,01/01/1960 - 31/12/1999,NBNSYS0000006838,Omocestus viridulus,V54,55000,45000,OSI,10000,,Garnish(=Garinish),"Broomfield, P.S.",,FALSE,FALSE,,,203,,"Broomfield, P.S.",,,,,,Biological Records Centre,,,
2.40966E+16,,,01/01/1960,31/12/1999,DD,01/01/1960 - 31/12/1999,NBNSYS0000006833,Tetrix undulata,V54,55000,45000,OSI,10000,,Garnish(=Garinish),"Broomfield, P.S.",,FALSE,FALSE,,,203,,"Broomfield, P.S.",,,,,,Biological Records Centre,,,
2.40966E+16,,,01/01/1960,31/12/1999,DD,01/01/1960 - 31/12/1999,NBNSYS0000006842,Chorthippus brunneus,V64,65000,45000,OSI,10000,,"Castletownbere,nr","Broomfield, P.S.",,FALSE,FALSE,,,203,,"Marshall, J.A.",,,,,,Biological Records Centre,,,
2.40966E+16,,,09/09/1968,09/09/1968,D,09/09/1968,NHMSYS0001387317,Forficula auricularia,V64,65000,45000,OSI,10000,,Pulleen Harbour nr Castletown Bearhaven,"Broomfield, P.S.",,FALSE,FALSE,,,203,,"Broomfield, P.S.",,,,,,Biological Records Centre,,,
2.40966E+16,,,30/09/1984,30/09/1984,D,30/09/1984,NHMSYS0001387317,Forficula auricularia,W472436,147250,43650,OSI,100,,Timoleague,"Fogan, Mrs M.; Rands, Mrs E.B.; Rundle, A.J.",,FALSE,FALSE,,,203,,,,,,,,Biological Records Centre,,,
2.40966E+16,,,01/01/1920,31/12/1920,Y,1920,NBNSYS0000006839,Myrmeleotettix maculatus,V74,75000,45000,OSI,10000,,Bear Haven,,,FALSE,FALSE,,,203,,,,,,,,Biological Records Centre,,,
2.40966E+16,,,22/08/1989,22/08/1989,D,22/08/1989,NBNSYS0000006838,Omocestus viridulus,V6645,66500,45500,OSI,1000,,"Castletown Bearhaven, W of","Arnold, H.; Eversham, B.; Green, S.G.",,FALSE,FALSE,,,203,,,,,,,,Biological Records Centre,,,
2.40966E+16,,,01/01/1960,31/12/1999,DD,01/01/1960 - 31/12/1999,NBNSYS0000006838,Omocestus viridulus,V94,95000,45000,OSI,10000,,"Bantry,2m S of","Macdonnell, L.M.",,FALSE,FALSE,,,203,,"Macdonnell, L.M.",,,,,,Biological Records Centre,,,
2.40966E+16,,,01/01/1960,31/12/1999,DD,01/01/1960 - 31/12/1999,NBNSYS0000006842,Chorthippus brunneus,V94,95000,45000,OSI,10000,,"Bantry,2m S of","Macdonnell, L.M.",,FALSE,FALSE,,,203,,"Marshall, J.A.",,,,,,Biological Records Centre,,,
2.40966E+16,,,23/08/1989,23/08/1989,D,23/08/1989,NBNSYS0000006842,Chorthippus brunneus,W4944,149500,44500,OSI,1000,,"Burren House, W of","Arnold, H.; Eversham, B.; Green, S.G.",,FALSE,FALSE,,,203,,,,,,,,Biological Records Centre,,,
2.40966E+16,,,01/01/1960,31/12/1999,DD,01/01/1960 - 31/12/1999,NBNSYS0000006838,Omocestus viridulus,W14,115000,45000,OSI,10000,,"Skibbereen,4m N of","Macdonnell, L.M.",,FALSE,FALSE,,,203,,"Macdonnell, L.M.",,,,,,Biological Records Centre,,,
2.40966E+16,,,23/08/1989,23/08/1989,D,23/08/1989,NBNSYS0000006842,Chorthippus brunneus,W5344,153500,44500,OSI,1000,,"Flax Fort House, E of","Arnold, H.; Eversham, B.; Green, S.G.",,FALSE,FALSE,,,203,,,,,,,,Biological Records Centre,,,
2.40966E+16,,,23/08/1989,23/08/1989,D,23/08/1989,NBNSYS0000006838,Omocestus viridulus,W5344,153500,44500,OSI,1000,,"Flax Fort House, E of","Arnold, H.; Eversham, B.; Green, S.G.",,FALSE,FALSE,,,203,,,,,,,,Biological Records Centre,,,
2.40966E+16,,,23/08/1989,23/08/1989,D,23/08/1989,NBNSYS0000006838,Omocestus viridulus,W5444,154500,44500,OSI,1000,,"Coolmayne Castle, N of","Arnold, H.; Eversham, B.; Green, S.G.",,FALSE,FALSE,,,203,,,,,,,,Biological Records Centre,,,
2.40966E+16,,,01/01/1960,31/12/1999,DD,01/01/1960 - 31/12/1999,NBNSYS0000006842,Chorthippus brunneus,W44,145000,45000,OSI,10000,,"Clonakilty,4m NE of","Macdonnell, L.M.",,FALSE,FALSE,,,203,,"Marshall, J.A.",,,,,,Biological Records Centre,,,
2.40966E+16,,,01/01/1960,31/12/1999,DD,01/01/1960 - 31/12/1999,NBNSYS0000006838,Omocestus viridulus,W44,145000,45000,OSI,10000,,"Timoleague,2.5m N of","Macdonnell, L.M.",,FALSE,FALSE,,,203,,"Macdonnell, L.M.",,,,,,Biological Records Centre,,,
2.40966E+16,,,22/08/1989,22/08/1989,D,22/08/1989,NHMSYS0001387317,Forficula auricularia,V6746,67500,46500,OSI,1000,,Castletown Bearhaven,"Arnold, H.; Eversham, B.; Green, S.G.",,FALSE,FALSE,,,203,,,,,,,,Biological Records Centre,,,
2.40966E+16,,,22/08/1989,22/08/1989,D,22/08/1989,NBNSYS0000006842,Chorthippus brunneus,V6746,67500,46500,OSI,1000,,Castletown Bearhaven,"Arnold, H.; Eversham, B.; Green, S.G.",,FALSE,FALSE,,,203,,,,,,,,Biological Records Centre,,,
2.40966E+16,,,01/01/1693,31/12/1940,DD,01/01/1693 - 31/12/1940,NBNSYS0000006842,Chorthippus brunneus,W64,165000,45000,OSI,10000,,Old Head of Kinsale,"Richardson, A.",,FALSE,FALSE,,,203,,"Marshall, J.A.",,,,,,Biological Records Centre,,,
2.40966E+16,,,01/01/1693,31/12/1940,DD,01/01/1693 - 31/12/1940,NBNSYS0000006838,Omocestus viridulus,W64,165000,45000,OSI,10000,,Old Head of Kinsale,"Richardson, A.",,FALSE,FALSE,,,203,,"Richardson, A.",,,,,,Biological Records Centre,,,
2.40966E+16,,,22/08/1989,22/08/1989,D,22/08/1989,NBNSYS0000006842,Chorthippus brunneus,V7246,72500,46500,OSI,1000,,"Mill Cove, E of","Arnold, H.; Eversham, B.; Green, S.G.",,FALSE,FALSE,,,203,,,,,,,,Biological Records Centre,,,
2.40966E+16,,,22/08/1989,22/08/1989,D,22/08/1989,NBNSYS0000006838,Omocestus viridulus,V7246,72500,46500,OSI,1000,,"Mill Cove, E of","Arnold, H.; Eversham, B.; Green, S.G.",,FALSE,FALSE,,,203,,,,,,,,Biological Records Centre,,,
2.40966E+16,,,20/04/1976,20/04/1976,D,20/04/1976,NHMSYS0001387317,Forficula auricularia,W5445,154500,45500,OSI,1000,,"Kilbrittain,nr","Good, J.A.",,FALSE,FALSE,,,203,,"Good, J.A.",,,,,,Biological Records Centre,,,
2.34017E+16,,,01/01/2014,01/01/2014,D,01/01/2014,NBNSYS0000005380,Acanthoxyla inermis,V752471,75250,47150,OSI,100,,"Castletownbere, Sandmount",Anne Nidecker,,FALSE,FALSE,,,,,,1,,,,,National Biodiversity Data Centre online submission,,,
2.41065E+16,,,08/08/2012,08/08/2012,D,08/08/2012,NBNSYS0000006834,Stethophyma grossum,V776478,77650,47850,OSI,100,,Aghabeg,Clare Heardman,,FALSE,FALSE,,Cork,West Cork,Lowland blanket bog,,1,,,,,,,,
2.41065E+16,,,08/08/2012,08/08/2012,D,08/08/2012,NBNSYS0000006838,Omocestus viridulus,V776478,77650,47850,OSI,100,,Aghabeg,Clare Heardman,,FALSE,FALSE,,Cork,West Cork,Heath,,Nov-50,,,,,,,,
2.41065E+16,,,08/08/2012,08/08/2012,D,08/08/2012,NBNSYS0000006842,Chorthippus brunneus,V776478,77650,47850,OSI,100,,Aghabeg,Clare Heardman,,FALSE,FALSE,,Cork,West Cork,Heath,,Nov-50,,,,,,,,
2.41065E+16,,,08/08/2012,08/08/2012,D,08/08/2012,NBNSYS0000006833,Tetrix undulata,V776478,77650,47850,OSI,100,,Aghabeg,Clare Heardman,,FALSE,FALSE,,Cork,West Cork,Heath,,<10,,,,,,,,
2.41065E+16,,,08/08/2012,08/08/2012,D,08/08/2012,NHMSYS0001387317,Forficula auricularia,V776478,77650,47850,OSI,100,,Aghabeg,Clare Heardman,,FALSE,FALSE,,Cork,West Cork,Heath,,1,,,,,,,,
2.40966E+16,,,17/07/2000,17/07/2000,D,17/07/2000,NHMSYS0001387317,Forficula auricularia,W637468,163750,46850,OSI,100,,"Sandy Cove, 3km S of Kinsale",Roy Anderson,,FALSE,FALSE,,,,Coastland: hard cliff,,several,At base of tussocks; under rocks.,,,,,,,
2.41065E+16,,,06/08/2012,06/08/2012,D,06/08/2012,NBNSYS0000006838,Omocestus viridulus,V985477,98550,47750,OSI,100,,Kilnaruane,Clare Heardman,,FALSE,FALSE,,Cork,West Cork,Semi-natural grassland,,<10,,,,,,,,
2.41065E+16,,,06/08/2012,06/08/2012,D,06/08/2012,NBNSYS0000006842,Chorthippus brunneus,V985481,98550,48150,OSI,100,,Bantry House meadow,Clare Heardman,,FALSE,FALSE,,Cork,West Cork,Dry meadows and grassy verges,,<10,,,,,,,,
2.40966E+16,,,22/08/1989,22/08/1989,D,22/08/1989,NBNSYS0000006842,Chorthippus brunneus,V8149,81500,49500,OSI,1000,,"Adrigole Harbour, E of","Arnold, H.; Eversham, B.; Green, S.G.",,FALSE,FALSE,,,203,,,,,,,,Biological Records Centre,,,
2.40966E+16,,,22/08/1989,22/08/1989,D,22/08/1989,NBNSYS0000006838,Omocestus viridulus,V8149,81500,49500,OSI,1000,,"Adrigole Harbour, E of","Arnold, H.; Eversham, B.; Green, S.G.",,FALSE,FALSE,,,203,,,,,,,,Biological Records Centre,,,
2.40966E+16,,,22/08/1989,22/08/1989,D,22/08/1989,NBNSYS0000006833,Tetrix undulata,V8149,81500,49500,OSI,1000,,"Adrigole Harbour, E of","Arnold, H.; Eversham, B.; Green, S.G.",,FALSE,FALSE,,,203,,,,,,,,Biological Records Centre,,,
2.41065E+16,,,11/08/2012,11/08/2012,D,11/08/2012,NHMSYS0001387317,Forficula auricularia,W041490,104150,49050,OSI,100,,Lough Bofinna,Clare Heardman,,FALSE,FALSE,,Cork,West Cork,Dry meadows and grassy verges,,<10,,,,,,,,
2.41065E+16,,,26/08/2012,26/08/2012,D,26/08/2012,NBNSYS0000006838,Omocestus viridulus,V876496,87650,49650,OSI,100,,Leahil,Clare Heardman,,FALSE,FALSE,,Cork,West Cork,Wet heath,,Nov-50,,,,,,,,
2.41065E+16,,,26/08/2012,26/08/2012,D,26/08/2012,NBNSYS0000006842,Chorthippus brunneus,V876496,87650,49650,OSI,100,,Leahil,Clare Heardman,,FALSE,FALSE,,Cork,West Cork,Dry meadows and grassy verges,,Nov-50,,,,,,,,
2.41065E+16,,,26/08/2012,26/08/2012,D,26/08/2012,NBNSYS0000006839,Myrmeleotettix maculatus,V876496,87650,49650,OSI,100,,Leahil,Clare Heardman,,FALSE,FALSE,,Cork,West Cork,Dry siliceous heath,,<10,,,,,,,,
2.41065E+16,,,15/10/2012,15/10/2012,D,15/10/2012,NBNSYS0000006838,Omocestus viridulus,V878496,87850,49650,OSI,100,,Leahil Bog,Clare Heardman,,FALSE,FALSE,,Cork,West Cork,Wet heath,,1,,,,,,,,
2.41065E+16,,,26/08/2012,26/08/2012,D,26/08/2012,NBNSYS0000006834,Stethophyma grossum,V886499,88650,49950,OSI,100,,Leahil,Clare Heardman,,FALSE,FALSE,,Cork,West Cork,Wet heath,,1,,,,,,,,
2.41065E+16,,,02/08/2012,02/08/2012,D,02/08/2012,NBNSYS0000006842,Chorthippus brunneus,V872502,87250,50250,OSI,100,,"Curragh, Trafrask, Beara",Clare Heardman,,FALSE,FALSE,,Cork,West Cork,Dry meadows and grassy verges,,<10,,,,,,,,
2.40966E+16,,,22/08/1989,22/08/1989,D,22/08/1989,NBNSYS0000006842,Chorthippus brunneus,V8050,80500,50500,OSI,1000,,"Adrigole, N of","Arnold, H.; Eversham, B.; Green, S.G.",,FALSE,FALSE,,,203,,,,,,,,Biological Records Centre,,,
2.40966E+16,,,22/08/1989,22/08/1989,D,22/08/1989,NHMSYS0001387317,Forficula auricularia,V8050,80500,50500,OSI,1000,,"Adrigole, N of","Arnold, H.; Eversham, B.; Green, S.G.",,FALSE,FALSE,,,203,,,,,,,,Biological Records Centre,,,
2.40966E+16,,,22/08/1989,22/08/1989,D,22/08/1989,NBNSYS0000006839,Myrmeleotettix maculatus,V8050,80500,50500,OSI,1000,,"Adrigole, N of","Arnold, H.; Eversham, B.; Green, S.G.",,FALSE,FALSE,,,203,,,,,,,,Biological Records Centre,,,
2.40966E+16,,,22/08/1989,22/08/1989,D,22/08/1989,NBNSYS0000006838,Omocestus viridulus,V8050,80500,50500,OSI,1000,,"Adrigole, N of","Arnold, H.; Eversham, B.; Green, S.G.",,FALSE,FALSE,,,203,,,,,,,,Biological Records Centre,,,
2.41065E+16,,,15/10/2012,15/10/2012,D,15/10/2012,NBNSYS0000006842,Chorthippus brunneus,V893503,89350,50350,OSI,100,,Zetland Pier,Clare Heardman,,FALSE,FALSE,,Cork,West Cork,Dry siliceous heath,,<10,,,,,,,,
2.40966E+16,,,27/09/1984,27/09/1984,D,27/09/1984,NHMSYS0001387317,Forficula auricularia,W702492,170250,49250,OSI,100,,"Nohaval,2.25m SE","Fogan, Mrs M.; Rands, Mrs E.B.; Rundle, A.J.",,FALSE,FALSE,,,204,,,,,,,,Biological Records Centre,,,
2.40966E+16,,,21/02/2006,21/02/2006,D,21/02/2006,NHMSYS0001387317,Forficula auricularia,W022501,102250,50150,OSI,100,,Drombrow,Martin Cawley,,FALSE,FALSE,,,,deciduous woodland,,,,,,,,,,
2.40966E+16,,,20/02/2007,20/02/2007,D,20/02/2007,NHMSYS0001387317,Forficula auricularia,W214498,121450,49850,OSI,100,,Shean,Martin Cawley,,FALSE,FALSE,,,,ruins of a cottage,,,,,,,,,,
2.41065E+16,,,08/09/2012,08/09/2012,D,08/09/2012,NBNSYS0000006842,Chorthippus brunneus,W628498,162850,49850,OSI,100,,Kinsale,Geoff Hunt,,FALSE,FALSE,,Cork,Mid-Cork,Semi-natural grassland,,<10,,,,,,,,
2.40966E+16,,,28/09/1984,28/09/1984,D,28/09/1984,NHMSYS0001387317,Forficula auricularia,W568510,156850,51050,OSI,100,,Ballinadee,"Fogan, Mrs M.; Rands, Mrs E.B.; Rundle, A.J.",,FALSE,FALSE,,,203,,,,,,,,Biological Records Centre,,,
2.40966E+16,,,01/06/1984,30/06/1984,DD,01/06/1984 - 30/06/1984,NBNSYS0000006842,Chorthippus brunneus,W6451,164500,51500,OSI,1000,,Kinsale,"Green, S.V.",,FALSE,FALSE,,,204,,"Green, S.V.",,,,,,Biological Records Centre,,,
2.41065E+16,,,10/08/2012,10/08/2012,D,10/08/2012,NBNSYS0000006838,Omocestus viridulus,W066526,106650,52650,OSI,100,,Dromcough East,Clare Heardman,,FALSE,FALSE,,Cork,West Cork,Dry siliceous heath,,Nov-50,Widespread in a area with a mosaic of cutover bog and dry heath.,,,,,,,
2.41065E+16,,,10/08/2012,10/08/2012,D,10/08/2012,NHMSYS0001387317,Forficula auricularia,W065527,106550,52750,OSI,100,,Dromclough East,Clare Heardman,,FALSE,FALSE,,Cork,West Cork,Horticultural land,,<10,,,,,,,,
2.40966E+16,,,14/12/2000,14/12/2000,D,14/12/2000,NHMSYS0001387317,Forficula auricularia,W2253,122500,53500,OSI,1000,,Darkwood,Martin Cawley,,FALSE,FALSE,,,,mixed woodland,,,,,,,,,,
2.40966E+16,,,01/01/1960,31/12/1999,DD,01/01/1960 - 31/12/1999,NBNSYS0000006842,Chorthippus brunneus,V55,55000,55000,OSI,10000,,"Caherdaniel,nr","Macdonnell, L.M.",,FALSE,FALSE,,,201,,"Marshall, J.A.",,,,,,Biological Records Centre,,,
2.40966E+16,,,19/06/1985,19/06/1985,D,19/06/1985,NBNSYS0000006839,Myrmeleotettix maculatus,V55,55000,55000,OSI,10000,,"Darrynane Bay,dunes","Cross, I.",,FALSE,FALSE,,,201,,"Cross, I.",,,,,,Biological Records Centre,,,
2.40966E+16,,,01/01/1999,31/12/1999,Y,1999,NHMSYS0001387317,Forficula auricularia,V55,55000,55000,OSI,10000,,Derrynane,,,FALSE,FALSE,,,201,,"O'Connor, J.P.",,,,,,"Harding, P.T.",,,
2.40966E+16,,,19/06/1985,19/06/1985,D,19/06/1985,NBNSYS0000006838,Omocestus viridulus,V55,55000,55000,OSI,10000,,"Darrynane Bay,dunes","Cross, I.",,FALSE,FALSE,,,201,,"Cross, I.",,,,,,Biological Records Centre,,,
2.41065E+16,,,21/08/2012,21/08/2012,D,21/08/2012,NBNSYS0000006842,Chorthippus brunneus,V686547,68650,54750,OSI,100,,"Bunskelligs, Ardgroom",Clare Heardman,,FALSE,FALSE,,Cork,West Cork,Recolonising bare ground,,<10,Old gravel quarry.,,,,,,,
2.41065E+16,,,21/08/2012,21/08/2012,D,21/08/2012,NBNSYS0000006838,Omocestus viridulus,V689548,68950,54850,OSI,100,,"Bunskelligs, Ardgroom",Clare Heardman,,FALSE,FALSE,,Cork,West Cork,Wet heath,,<10,,,,,,,,
2.41065E+16,,,30/08/2012,30/08/2012,D,30/08/2012,NBNSYS0000006838,Omocestus viridulus,W135539,113550,53950,OSI,100,,Barrboy,Clare Heardman,,FALSE,FALSE,,Cork,West Cork,Dry-humid acid grassland,,<10,,,,,,,,
2.41065E+16,,,21/08/2012,21/08/2012,D,21/08/2012,NBNSYS0000006834,Stethophyma grossum,V677551,67750,55150,OSI,100,,Ardgroom Inward,Clare Heardman,,FALSE,FALSE,,Cork,West Cork,Lowland blanket bog,,<10,,,,,,,,
2.41065E+16,,,21/08/2012,21/08/2012,D,21/08/2012,NBNSYS0000006838,Omocestus viridulus,V677551,67750,55150,OSI,100,,Ardgroom Inward,Clare Heardman,,FALSE,FALSE,,Cork,West Cork,Wet heath,,<10,,,,,,,,
2.40966E+16,,,01/01/1960,31/12/1999,DD,01/01/1960 - 31/12/1999,NBNSYS0000006838,Omocestus viridulus,V75,75000,55000,OSI,10000,,Hungry Hill,"Newman, P.M.",,FALSE,FALSE,,,203,,"Newman, P.M.",,,,,,Biological Records Centre,,,
2.40966E+16,,,01/01/1960,31/12/1999,DD,01/01/1960 - 31/12/1999,NBNSYS0000006839,Myrmeleotettix maculatus,V75,75000,55000,OSI,10000,,Hungry Hill,"Newman, P.M.",,FALSE,FALSE,,,203,,"Newman, P.M.",,,,,,Biological Records Centre,,,
2.40966E+16,,,01/01/1960,31/12/1999,DD,01/01/1960 - 31/12/1999,NBNSYS0000006834,Stethophyma grossum,V75,75000,55000,OSI,10000,,Hungry Hill,"Newman, P.M.",,FALSE,FALSE,,,203,,"Newman, P.M.",,,,,,Biological Records Centre,,,
2.40966E+16,,,20/08/1990,20/08/1990,D,20/08/1990,NHMSYS0001387317,Forficula auricularia,W7853,178500,53500,OSI,1000,,Roberts Head & Cove,"Alexander, K.N.A.",,FALSE,FALSE,,,204,,,,,,,,"Alexander, K.N.A.",,,
2.40966E+16,,,01/01/1960,31/12/1999,DD,01/01/1960 - 31/12/1999,NBNSYS0000006839,Myrmeleotettix maculatus,V85,85000,55000,OSI,10000,,"Glengariff Valley,Crossterry Mt","Crosskey, M.A.; Crosskey, R.W.",,FALSE,FALSE,,,203,,"Crosskey, M.A.; Crosskey, R.W.",,,,,,Biological Records Centre,,,
2.40966E+16,,,01/01/1940,31/12/1999,DD,01/01/1940 - 31/12/1999,NBNSYS0000006839,Myrmeleotettix maculatus,V85,85000,55000,OSI,10000,,"Glengarriff,3m W of","Graves, P.P.",,FALSE,FALSE,,,203,,"Graves, P.P.",,,,,,Biological Records Centre,,,
2.40966E+16,,,01/01/1960,31/12/1999,DD,01/01/1960 - 31/12/1999,NBNSYS0000006838,Omocestus viridulus,V85,85000,55000,OSI,10000,,"Glengariff Valley,Crossterry Mt","Crosskey, M.A.; Crosskey, R.W.",,FALSE,FALSE,,,203,,"Crosskey, M.A.; Crosskey, R.W.",,,,,,Biological Records Centre,,,
2.40966E+16,,,01/01/1960,31/12/1999,DD,01/01/1960 - 31/12/1999,NBNSYS0000006842,Chorthippus brunneus,V85,85000,55000,OSI,10000,,"Crossterry Mt,Glengariff R Valley below","Crosskey, M.A.; Crosskey, R.W.",,FALSE,FALSE,,,203,,"Crosskey, M.A.; Crosskey, R.W.",,,,,,Biological Records Centre,,,
2.40966E+16,,,22/08/1989,22/08/1989,D,22/08/1989,NBNSYS0000006842,Chorthippus brunneus,V6655,66500,55500,OSI,1000,,"Barrees, NW of","Arnold, H.; Eversham, B.; Green, S.G.",,FALSE,FALSE,,,203,,,,,,,,Biological Records Centre,,,
2.40966E+16,,,22/08/1989,22/08/1989,D,22/08/1989,NBNSYS0000006838,Omocestus viridulus,V6655,66500,55500,OSI,1000,,"Barrees, NW of","Arnold, H.; Eversham, B.; Green, S.G.",,FALSE,FALSE,,,203,,,,,,,,Biological Records Centre,,,
2.40966E+16,,,18/08/2006,18/08/2006,D,18/08/2006,NBNSYS0000006838,Omocestus viridulus,V9455,94000,55000,OSI,1000,,Glengarriff Castle,Tom Gittings,,FALSE,FALSE,,Cork,,,Tom Gittings,,,,,,,,Visual/hand-net/auditory,
2.40966E+16,,,18/08/2006,18/08/2006,D,18/08/2006,NBNSYS0000006842,Chorthippus brunneus,V9455,94000,55000,OSI,1000,,Glengarriff Castle,Tom Gittings,,FALSE,FALSE,,Cork,,,Tom Gittings,,,,,,,,Visual/hand-net/auditory,
2.40966E+16,,,01/07/1924,31/07/1924,DD,01/07/1924 - 31/07/1924,NHMSYS0001387317,Forficula auricularia,V95,95000,55000,OSI,10000,,Glengarriff,"Halbert, J.N.",,FALSE,FALSE,,,203,,"O'Connor, J.P.",,,,,,"Harding, P.T.",,,
2.40966E+16,,,01/01/1940,31/12/1999,DD,01/01/1940 - 31/12/1999,NBNSYS0000006842,Chorthippus brunneus,V95,95000,55000,OSI,10000,,"Glengarriff,3m E of","Graves, P.P.",,FALSE,FALSE,,,203,,"Marshall, J.A.",,,,,,Biological Records Centre,,,
2.40966E+16,,,01/01/1960,31/12/1999,DD,01/01/1960 - 31/12/1999,NBNSYS0000006838,Omocestus viridulus,V95,95000,55000,OSI,10000,,Glengarriff,"Crosskey, M.A.; Crosskey, R.W.",,FALSE,FALSE,,,203,,"Crosskey, M.A.; Crosskey, R.W.",,,,,,Biological Records Centre,,,
2.40966E+16,,,01/01/1940,31/12/1999,DD,01/01/1940 - 31/12/1999,NBNSYS0000006838,Omocestus viridulus,V95,95000,55000,OSI,10000,,"Lough More,3.5m E of Glengarriff","Graves, P.P.",,FALSE,FALSE,,,203,,"Graves, P.P.",,,,,,Biological Records Centre,,,
2.40966E+16,,,22/07/1924,22/07/1924,D,22/07/1924,NBNSYS0000006825,Leptophyes punctatissima,V95,95000,55000,OSI,10000,,Glengarriff,"Halbert, J.N.",,FALSE,FALSE,,,203,,"O'Connor, J.P.",,,,,,"Harding, P.T.",,,
2.40966E+16,,,01/09/1976,01/09/1976,D,01/09/1976,NBNSYS0000006834,Stethophyma grossum,V95,95000,55000,OSI,10000,,"Glengarriff,2km SW of","Pitkin, L.M.",,FALSE,FALSE,,,203,,"Marshall, J.A.",,,,,,Biological Records Centre,,,
2.40966E+16,,,01/01/1693,31/12/1955,DD,01/01/1693 - 31/12/1955,NBNSYS0000006833,Tetrix undulata,V95,95000,55000,OSI,10000,,Glengarriff,,,FALSE,FALSE,,,203,,,,,,,,Biological Records Centre,,,
2.40966E+16,,,01/01/1920,31/12/1920,Y,1920,NBNSYS0000006833,Tetrix undulata,V95,95000,55000,OSI,10000,,Glengarriff,,,FALSE,FALSE,,,203,,,,,,,,Biological Records Centre,,,
2.40966E+16,,,01/09/1976,01/09/1976,D,01/09/1976,NBNSYS0000006833,Tetrix undulata,V95,95000,55000,OSI,10000,,"Glengarriff,2m SW of","Pitkin, L.M.",,FALSE,FALSE,,,203,,"Marshall, J.A.",,,,,,Biological Records Centre,,,
2.40966E+16,,,01/01/1940,31/12/1999,DD,01/01/1940 - 31/12/1999,NBNSYS0000006839,Myrmeleotettix maculatus,W05,105000,55000,OSI,10000,,Ballylickey,"Graves, P.P.",,FALSE,FALSE,,,203,,"Graves, P.P.",,,,,,Biological Records Centre,,,
2.40966E+16,,,08/07/2005,13/08/2005,DD,08/07/2005 - 13/08/2005,NBNSYS0000006825,Leptophyes punctatissima,V94645535,94644,55358,OSI,10,,Glengarriff Castle,Tom Gittings,,FALSE,FALSE,,Cork,,,Tom Gittings,"1 Males, 2 Females",,,,,,,Malaise trap,
2.40966E+16,,,13/08/2005,17/09/2005,DD,13/08/2005 - 17/09/2005,NBNSYS0000006825,Leptophyes punctatissima,V94635537,94638,55374,OSI,10,,Glengarriff Castle,Tom Gittings,,FALSE,FALSE,,Cork,,,Tom Gittings,1 Females,,,,,,,Malaise trap,
2.40966E+16,,,10/08/1952,10/08/1952,D,10/08/1952,NBNSYS0000006834,Stethophyma grossum,W15,115000,55000,OSI,10000,,"Cousane Gap,nr",J.E.O.D.,,FALSE,FALSE,,,203,,J.E.O.D.,,,,,,"Harding, P.T.",,,
2.40966E+16,,,22/08/1989,22/08/1989,D,22/08/1989,NBNSYS0000006833,Tetrix undulata,V9455,94500,55500,OSI,1000,,Barony Bridge,"Arnold, H.; Eversham, B.; Green, S.G.",,FALSE,FALSE,,,203,,,,,,,,Biological Records Centre,,,
2.40966E+16,,,22/08/1989,22/08/1989,D,22/08/1989,NBNSYS0000006839,Myrmeleotettix maculatus,V9455,94500,55500,OSI,1000,,Barony Bridge,"Arnold, H.; Eversham, B.; Green, S.G.",,FALSE,FALSE,,,203,,,,,,,,Biological Records Centre,,,
2.40966E+16,,,22/08/1989,22/08/1989,D,22/08/1989,NBNSYS0000006842,Chorthippus brunneus,V9455,94500,55500,OSI,1000,,Barony Bridge,"Arnold, H.; Eversham, B.; Green, S.G.",,FALSE,FALSE,,,203,,,,,,,,Biological Records Centre,,,
2.41065E+16,,,23/08/2012,23/08/2012,D,23/08/2012,NBNSYS0000006838,Omocestus viridulus,V888558,88850,55850,OSI,100,,"Coomerkane, Glengarriff",Clare Heardman,,FALSE,FALSE,,Cork,West Cork,Wet heath,,Nov-50,,,,,,,,
2.41065E+16,,,23/08/2012,23/08/2012,D,23/08/2012,NBNSYS0000006842,Chorthippus brunneus,V888558,88850,55850,OSI,100,,"Coomerkane, Glengarriff",Clare Heardman,,FALSE,FALSE,,Cork,West Cork,Heath,,Nov-50,,,,,,,,
2.40966E+16,,,26/09/1984,26/09/1984,D,26/09/1984,NHMSYS0001387317,Forficula auricularia,W785547,178550,54750,OSI,100,,Robert's Cove,"Fogan, Mrs M.; Rands, Mrs E.B.; Rundle, A.J.",,FALSE,FALSE,,,204,,,,,,,,Biological Records Centre,,,
2.41065E+16,,,26/07/2012,26/07/2012,D,26/07/2012,NBNSYS0000006833,Tetrix undulata,V951559,95150,55950,OSI,100,,Glengarriff Castle,Clare Heardman,,FALSE,FALSE,,Cork,West Cork,Dry meadows and grassy verges,,,,,,,,,,
2.41065E+16,,,26/07/2012,26/07/2012,D,26/07/2012,NBNSYS0000006842,Chorthippus brunneus,V951559,95150,55950,OSI,100,,Glengarriff Castle,Clare Heardman,,FALSE,FALSE,,Cork,West Cork,Dry meadows and grassy verges,,,,,,,,,,
2.40966E+16,,,27/07/2012,27/07/2012,D,27/07/2012,NBNSYS0000006842,Chorthippus brunneus,V951559,95150,55950,OSI,100,,Glengarriff Castle,Clare Heardman,,FALSE,FALSE,,Cork,West Cork,Dry meadows and grassy verges,,,,,,,,,,
2.40966E+16,,,27/07/2012,27/07/2012,D,27/07/2012,NBNSYS0000006833,Tetrix undulata,V951559,95150,55950,OSI,100,,Glengarriff Castle,Clare Heardman,,FALSE,FALSE,,Cork,West Cork,Dry meadows and grassy verges,,,,,,,,,,
2.40966E+16,,,01/01/1960,31/12/1999,DD,01/01/1960 - 31/12/1999,NBNSYS0000006842,Chorthippus brunneus,W65,165000,55000,OSI,10000,,"Kinsale,Brownsmills 2m NE of","Macdonnell, L.M.",,FALSE,FALSE,,,204,,"Marshall, J.A.",,,,,,Biological Records Centre,,,
2.40966E+16,,,30/08/1976,30/08/1976,D,30/08/1976,NBNSYS0000006838,Omocestus viridulus,W65,165000,55000,OSI,10000,,"Bandon,T65,15m NE of","Pitkin, L.M.",,FALSE,FALSE,,,204,,"Marshall, J.A.",,,,,,Biological Records Centre,,,
2.40966E+16,,,01/01/1960,31/12/1999,DD,01/01/1960 - 31/12/1999,NBNSYS0000006833,Tetrix undulata,W65,165000,55000,OSI,10000,,"Kinsale,2m NE of","Macdonnell, L.M.",,FALSE,FALSE,,,204,,"Macdonnell, L.M.",,,,,,Biological Records Centre,,,
2.48947E+16,,,22/08/2016,22/08/2016,D,22/08/2016,NBNSYS0000006838,Omocestus viridulus,W505551,150550,55150,OSI,100,,"Quay Road, Bandon",Fiona O'Neill,,FALSE,FALSE,Images\24894664796555027.jpg,Cork,West Cork,,,<10,,,,,,,,
2.41065E+16,,,23/08/2012,23/08/2012,D,23/08/2012,NBNSYS0000006834,Stethophyma grossum,V892561,89250,56150,OSI,100,,"Coomerkane, Glengarriff",Clare Heardman,,FALSE,FALSE,,Cork,West Cork,Wet heath,,<10,,,,,,,,
2.40966E+16,,,05/08/2014,05/08/2014,D,05/08/2014,NBNSYS0000006842,Chorthippus brunneus,,-9.56528,51.75102,WGS84,100,,Glengarriff Nature Reserve,Liam Lysaght,,FALSE,FALSE,,Cork,,,,,,,,,,,,
2.40966E+16,,,15/07/2006,15/07/2006,D,15/07/2006,NHMSYS0001387317,Forficula auricularia,V9256,92500,56500,OSI,1000,,Glengarriff,Martin Cawley,,FALSE,FALSE,,,,grassland,,,,,,,,,,
2.41065E+16,,,30/08/2012,30/08/2012,D,30/08/2012,NBNSYS0000006834,Stethophyma grossum,W164560,116450,56050,OSI,100,,Farnane,Clare Heardman,,FALSE,FALSE,,Cork,West Cork,Cutover bog,,<10,,,,,,,,
2.41065E+16,,,30/08/2012,30/08/2012,D,30/08/2012,NBNSYS0000006842,Chorthippus brunneus,W164560,116450,56050,OSI,100,,Farnane,Clare Heardman,,FALSE,FALSE,,Cork,West Cork,Dry meadows and grassy verges,,<10,,,,,,,,
9.47987E+16,,,06/06/2008,06/06/2008,D,06/06/2008,NBNSYS0000006838,Omocestus viridulus,V920568,92050,56850,OSI,100,,Glengarriff Woods,Mark G. Telfer,,FALSE,FALSE,,,West Cork,,Mark G. Telfer,,,,Nymph,Mark G. Telfer 2008. Recording in Cork and Kerry for the Heritage Council,Submitted directly to the Data Centre,,,
2.41065E+16,,,02/09/2012,02/09/2012,D,02/09/2012,NHMSYS0001387317,Forficula auricularia,V546578,54650,57850,OSI,100,,"Rath, Caherdaniel",Vincent Hyland,,FALSE,FALSE,,Kerry,South Kerry,Stone walls and other stonework,,>50,Many family groups within a 1 acre site,,,,,,,
2.41065E+16,,,12/08/2012,12/08/2012,D,12/08/2012,NBNSYS0000006834,Stethophyma grossum,V913570,91350,57050,OSI,100,,Glengarriff Woods Nature Reserve,Clare Heardman,,FALSE,FALSE,,Cork,West Cork,Lowland blanket bog,,Nov-50,,,,,,,,
2.40966E+16,,,14/08/1990,14/08/1990,D,14/08/1990,NHMSYS0001387317,Forficula auricularia,V918570,91850,57050,OSI,100,,Glengarriff Woods,"Alexander, K.N.A.",,FALSE,FALSE,,,203,,,,,,,,"Alexander, K.N.A.",,,
2.41065E+16,,,25/08/2012,25/08/2012,D,25/08/2012,NHMSYS0001387317,Forficula auricularia,W376563,137650,56350,OSI,100,,Enniskeane,Niamh,,FALSE,FALSE,,Cork,West Cork,Flower beds and borders,,<10,,,,,,,,
2.41065E+16,,,25/09/2012,25/09/2012,D,25/09/2012,NBNSYS0000006838,Omocestus viridulus,V912572,91250,57250,OSI,100,,"Big Meadow, Glengarriff Woods",Clare Heardman,,FALSE,FALSE,,Cork,West Cork,Dry-humid acid grassland,,<10,,,,,,,,
2.41065E+16,,,13/08/2012,13/08/2012,D,13/08/2012,NHMSYS0001387317,Forficula auricularia,V774576,77450,57650,OSI,100,,Lauragh Upper,Patrick Graham,,FALSE,FALSE,,Kerry,South Kerry,Horticultural land,,<10,,,,,,,,
2.41065E+16,,,12/08/2012,12/08/2012,D,12/08/2012,NBNSYS0000006842,Chorthippus brunneus,V916573,91650,57350,OSI,100,,"Power's Bog, Glengarriff Woods Nature Reserve",Clare Heardman,,FALSE,FALSE,,Cork,West Cork,Wet heath,,Nov-50,Molinia dominated heath,,,,,,,
2.41065E+16,,,12/08/2012,12/08/2012,D,12/08/2012,NBNSYS0000006838,Omocestus viridulus,V916573,91650,57350,OSI,100,,"Power's Bog, Glengarriff Woods Nature Reserve",Clare Heardman,,FALSE,FALSE,,Cork,West Cork,Wet heath,,<10,Molinia dominated heath,,,,,,,
2.40966E+16,,,17/09/2014,17/09/2014,D,17/09/2014,NBNSYS0000006834,Stethophyma grossum,V916573,91650,57350,OSI,100,,"Power's Bog, Glengarriff Woods Nature Reserve",Clare Heardman,,FALSE,FALSE,Images\24096605481210897.jpg,Cork,West Cork,Lowland blanket bog,,<10,,,,,,,,
2.41065E+16,,,01/10/2012,01/10/2012,D,01/10/2012,NBNSYS0000006842,Chorthippus brunneus,V918573,91850,57350,OSI,100,,"Power's Bog, Glengarriff Woods Nature Reserve",Clare Heardman,,FALSE,FALSE,,Cork,West Cork,,,1,,,,,,,,
2.40966E+16,,,01/08/1976,31/08/1976,DD,01/08/1976 - 31/08/1976,NBNSYS0000006833,Tetrix undulata,W5056,150500,56500,OSI,1000,,"Inishannon,Bandon River nr","Anderson, R.",,FALSE,FALSE,,,203,,"Anderson, R.",,,,,,Biological Records Centre,,,
2.40966E+16,,,01/07/1976,31/07/1976,DD,01/07/1976 - 31/07/1976,NBNSYS0000006834,Stethophyma grossum,V9157,91500,57500,OSI,1000,,Glengarriff Forest,"Speight, M.C.D.",,FALSE,FALSE,,,203,,"Speight, M.C.D.",,,,,,Biological Records Centre,,,
2.40966E+16,,,26/07/1976,26/07/1976,D,26/07/1976,NBNSYS0000006834,Stethophyma grossum,V9157,91500,57500,OSI,1000,,"Drumaclarig, Co. Cork.","Speight, M.C.D.",,FALSE,FALSE,,,203,,,,Grasshoppers and crickets of Ireland,,,,National Biodiversity Data Centre Ireland,,,
2.40966E+16,,,01/07/1976,31/07/1976,DD,01/07/1976 - 31/07/1976,NBNSYS0000006838,Omocestus viridulus,V9157,91500,57500,OSI,1000,,Glengarriff Forest,"Speight, M.C.D.",,FALSE,FALSE,,,203,,"Speight, M.C.D.",,,,,,Biological Records Centre,,,
2.40966E+16,,,26/07/1976,26/07/1976,D,26/07/1976,NBNSYS0000006838,Omocestus viridulus,V9157,91500,57500,OSI,1000,,"Drumaclarig, Co. Cork.","Speight, M.C.D.",,FALSE,FALSE,,,203,,,,Grasshoppers and crickets of Ireland,,,,National Biodiversity Data Centre Ireland,,,
2.40966E+16,,,26/07/1976,26/07/1976,D,26/07/1976,NBNSYS0000006842,Chorthippus brunneus,V9157,91500,57500,OSI,1000,,"Drumaclarig, Co. Cork.","Speight, M.C.D.",,FALSE,FALSE,,,203,,,,Grasshoppers and crickets of Ireland,,,,National Biodiversity Data Centre Ireland,,,
2.40966E+16,,,01/07/1976,31/07/1976,DD,01/07/1976 - 31/07/1976,NBNSYS0000006842,Chorthippus brunneus,V9157,91500,57500,OSI,1000,,,"Speight, M.C.D.",,FALSE,FALSE,,,203,,"Speight, M.C.D.",,,,,,Biological Records Centre,,,
2.40966E+16,,,01/08/1978,31/08/1978,DD,01/08/1978 - 31/08/1978,NBNSYS0000006842,Chorthippus brunneus,V9257,92500,57500,OSI,1000,,Glengarriff Forest,"Higgins, D.G.F.",,FALSE,FALSE,,,203,,"Higgins, D.G.F.",,,,,,Biological Records Centre,,,
2.40966E+16,,,01/06/1984,30/06/1984,DD,01/06/1984 - 30/06/1984,NBNSYS0000006838,Omocestus viridulus,V9257,92500,57500,OSI,1000,,Glengarriff,"Green, S.V.",,FALSE,FALSE,,,203,,"Green, S.V.",,,,,,Biological Records Centre,,,
2.40966E+16,,,01/08/1978,31/08/1978,DD,01/08/1978 - 31/08/1978,NBNSYS0000006838,Omocestus viridulus,V9257,92500,57500,OSI,1000,,Glengarriff Forest,"Higgins, D.G.F.",,FALSE,FALSE,,,203,,"Higgins, D.G.F.",,,,,,Biological Records Centre,,,
2.40966E+16,,,01/08/1978,31/08/1978,DD,01/08/1978 - 31/08/1978,NBNSYS0000006839,Myrmeleotettix maculatus,V9257,92500,57500,OSI,1000,,Glengarriff Forest,"Higgins, D.G.F.",,FALSE,FALSE,,,203,,"Higgins, D.G.F.",,,,,,Biological Records Centre,,,
2.40966E+16,,,01/08/1978,31/08/1978,DD,01/08/1978 - 31/08/1978,NBNSYS0000006834,Stethophyma grossum,V9257,92500,57500,OSI,1000,,Glengarriff Forest,"Higgins, D.G.F.",,FALSE,FALSE,,,203,,"Higgins, D.G.F.",,,,,,Biological Records Centre,,,
2.40966E+16,,,22/08/1989,22/08/1989,D,22/08/1989,NBNSYS0000006833,Tetrix undulata,V5458,54500,58500,OSI,1000,,Caherdaniel Post Office,"Arnold, H.; Eversham, B.; Green, S.G.",,FALSE,FALSE,,,201,,,,,,,,Biological Records Centre,,,
2.40966E+16,,,22/08/1989,22/08/1989,D,22/08/1989,NBNSYS0000006838,Omocestus viridulus,V5458,54500,58500,OSI,1000,,Caherdaniel Post Office,"Arnold, H.; Eversham, B.; Green, S.G.",,FALSE,FALSE,,,201,,,,,,,,Biological Records Centre,,,
2.40966E+16,,,22/08/1989,22/08/1989,D,22/08/1989,NBNSYS0000006842,Chorthippus brunneus,V5458,54500,58500,OSI,1000,,Caherdaniel Post Office,"Arnold, H.; Eversham, B.; Green, S.G.",,FALSE,FALSE,,,201,,,,,,,,Biological Records Centre,,,
2.40966E+16,,,28/09/1984,28/09/1984,D,28/09/1984,NHMSYS0001387317,Forficula auricularia,W540567,154050,56750,OSI,100,,"Inishannon,Dromkeen Wood nr","Fogan, Mrs M.; Rands, Mrs E.B.; Rundle, A.J.",,FALSE,FALSE,,,203,,,,,,,,Biological Records Centre,,,
2.40966E+16,,,22/08/1989,22/08/1989,D,22/08/1989,NBNSYS0000006842,Chorthippus brunneus,V7458,74500,58500,OSI,1000,,Kilmakillogue Harbour,"Arnold, H.; Eversham, B.; Green, S.G.",,FALSE,FALSE,,,201,,,,,,,,Biological Records Centre,,,
2.40966E+16,,,22/08/1989,22/08/1989,D,22/08/1989,NBNSYS0000006838,Omocestus viridulus,V7458,74500,58500,OSI,1000,,Kilmakillogue Harbour,"Arnold, H.; Eversham, B.; Green, S.G.",,FALSE,FALSE,,,201,,,,,,,,Biological Records Centre,,,
2.40966E+16,,,22/08/1989,22/08/1989,D,22/08/1989,NBNSYS0000006833,Tetrix undulata,V7458,74500,58500,OSI,1000,,Kilmakillogue Harbour,"Arnold, H.; Eversham, B.; Green, S.G.",,FALSE,FALSE,,,201,,,,,,,,Biological Records Centre,,,
2.41065E+16,,,29/08/2012,29/08/2012,D,29/08/2012,NHMSYS0001387435,Pholidoptera griseoaptera,W764570,176450,57050,OSI,100,,Gortigrenane,Rodney Daunt,,FALSE,FALSE,Images\24106532627023524.jpg,Cork,Mid-Cork,Hedgerows,,<10,,,,,,,,
2.34017E+16,,,31/12/1965,31/12/1965,D,31/12/1965,NBNSYS0000005380,Acanthoxyla inermis,V7758,77500,58500,OSI,1000,,"Derreen, Viscount Mersey's Estate",Unknown,,FALSE,FALSE,,,,,,,,,,,"Biological Records Centre, UK",,,
2.34017E+16,,,09/06/1984,09/06/1984,D,09/06/1984,NBNSYS0000005380,Acanthoxyla inermis,V7758,77500,58500,OSI,1000,,Derreen Wood,A. Polaszek,,FALSE,FALSE,,,,,,,,,,,"Biological Records Centre, UK",,,
2.40966E+16,,,01/01/1965,31/12/1965,DD,01/01/1965 - 31/12/1965,NBNSYS0000005380,Acanthoxyla inermis,V7758,77500,58500,OSI,1000,,"Derreen/Derreen, Viscount Mersey's Estate",Unknown,,FALSE,FALSE,,,201,,,,Estate employee visited BM(NH) to enquire about long green insects that had been seen on the estate (probably in 1965). Judith Marshall added note to Museum copy of Ragge 1965 that 'C hookeri' present on Viscount Mersey's estate.from Brock 1987,,,,Biological Records Centre,,,
2.40966E+16,,,09/06/1984,09/06/1984,D,09/06/1984,NBNSYS0000005380,Acanthoxyla inermis,V7758,77500,58500,OSI,1000,,"Derreen/Derreen, Derreen Wood","Polaszek, A.",,FALSE,FALSE,,,201,,,,BM (NH) Collection.from Brock 1987,,,,Biological Records Centre,,,
2.40966E+16,,,19/04/2015,19/04/2015,D,19/04/2015,NHMSYS0001387435,Pholidoptera griseoaptera,W756572,175650,57250,OSI,100,,Gortigrenane,Dave McGrath,,FALSE,FALSE,Images\24096605481210969.jpg,Cork,Mid-Cork,Horticultural land,1,,,,,,,,,
2.41065E+16,,,15/07/2010,15/07/2010,D,15/07/2010,NHMSYS0001387435,Pholidoptera griseoaptera,W760572,176050,57250,OSI,100,,Gortigrenane,Rodney Daunt,,FALSE,FALSE,Images\24106532627023375.jpg,Cork,Mid-Cork,Dry meadows and grassy verges,,<10,Unimproved grassland and scrub habitat rich in butterflies. Private land adjacent to Coillte wood,,,,,,,
2.40966E+16,,,24/05/2015,24/05/2015,D,24/05/2015,NBNSYS0000006842,Chorthippus brunneus,W752573,175250,57350,OSI,100,,Minane bridge,Leon van der Noll,,FALSE,FALSE,,Cork,,,,,,,,,,,,
2.40966E+16,,,24/05/2015,24/05/2015,D,24/05/2015,NBNSYS0000006833,Tetrix undulata,W752573,175250,57350,OSI,100,,Minane bridge,Leon van der Noll,,FALSE,FALSE,,Cork,,,,,,,,,,,,
2.48947E+16,,,16/07/2016,16/07/2016,D,16/07/2016,NHMSYS0001387435,Pholidoptera griseoaptera,W752573,175250,57350,OSI,100,,Minane bridge,Leon van der Noll,,FALSE,FALSE,,Cork,,,,,,,,,,,,
2.48947E+16,,,16/07/2016,16/07/2016,D,16/07/2016,NBNSYS0000006838,Omocestus viridulus,W752573,175250,57350,OSI,100,,Minane bridge,Leon van der Noll,,FALSE,FALSE,,Cork,,,,,,,,,,,,
2.41065E+16,,,19/09/2008,19/09/2008,D,19/09/2008,NHMSYS0001387435,Pholidoptera griseoaptera,W759573,175950,57350,OSI,100,,Gortigrenane,Rodney Daunt,,FALSE,FALSE,Images\24106532627023376.jpg,Cork,Mid-Cork,Dry meadows and grassy verges,,<10,unimproved grassland and scrub habitat. Steep south facing slopes.,,,,,,,
2.41065E+16,,,09/08/2012,09/08/2012,D,09/08/2012,NBNSYS0000006838,Omocestus viridulus,W759573,175950,57350,OSI,100,,Gortigrenane,Rodney Daunt,,FALSE,FALSE,Images\24106532627023468.jpg,Cork,Mid-Cork,Shingle and gravel banks,,Nov-50,,,,,,,,
2.41065E+16,,,31/08/2012,31/08/2012,D,31/08/2012,NBNSYS0000006838,Omocestus viridulus,W760573,176050,57350,OSI,100,,Gortigrenane,Rodney Daunt,,FALSE,FALSE,,Cork,Mid-Cork,Semi-natural grassland,,,,,,,,,,
2.40966E+16,,,03/07/2014,03/07/2014,D,03/07/2014,NBNSYS0000006842,Chorthippus brunneus,W756574,175650,57450,OSI,100,,"Minane, Co.Cork (forested area)",Leon van der Noll,,FALSE,FALSE,,Cork,,,,Nov-50,,,,,,,,
2.40966E+16,,,29/07/1977,29/07/1977,D,29/07/1977,NHMSYS0001387317,Forficula auricularia,W6757,167500,57500,OSI,1000,,Riverstick,"Good, J.A.",,FALSE,FALSE,,,204,,"Good, J.A.",,,,,,Biological Records Centre,,,
2.40966E+16,,,01/07/1976,31/07/1976,DD,01/07/1976 - 31/07/1976,NHMSYS0001387382,Labia minor,W6757,167500,57500,OSI,1000,,"Riverstick,nr","Good, J.A.",,FALSE,FALSE,,,204,,,,,,,,Biological Records Centre,,,
2.40966E+16,,,05/07/1976,05/07/1976,D,05/07/1976,NHMSYS0001387382,Labia minor,W6757,167500,57500,OSI,1000,,Riverstick,"Good, J.A.",,FALSE,FALSE,,,204,,"Good, J.A.",,,,,,Biological Records Centre,,,
2.40966E+16,,,01/09/1988,01/09/1988,D,01/09/1988,NHMSYS0001387435,Pholidoptera griseoaptera,W7557,175500,57500,OSI,1000,,"Minane Bridge, Co. Cork.","Cooke, D.",,FALSE,FALSE,,,204,,,,Grasshoppers and crickets of Ireland,,,,National Biodiversity Data Centre Ireland,,,
2.41065E+16,,,31/08/2012,31/08/2012,D,31/08/2012,NBNSYS0000006838,Omocestus viridulus,W780575,178050,57550,OSI,100,,Fountainstown sand spit,Rodney Daunt,,FALSE,FALSE,,Cork,Mid-Cork,Shingle and gravel banks,,,"Area locally known as the ""Ferry Point""",,,,,,,
2.41065E+16,,,09/08/2012,09/08/2012,D,09/08/2012,NBNSYS0000006838,Omocestus viridulus,W780575,178050,57550,OSI,100,,Fountainstown sand spit,Rodney Daunt,,FALSE,FALSE,Images\24106532627023469.jpg,Cork,Mid-Cork,Shingle and gravel banks,,Nov-50,,,,,,,,
2.40966E+16,,,22/08/1989,22/08/1989,D,22/08/1989,NHMSYS0001387317,Forficula auricularia,V6159,61500,59500,OSI,1000,,"Nedanone, S of","Arnold, H.; Eversham, B.; Green, S.G.",,FALSE,FALSE,,,203,,,,,,,,Biological Records Centre,,,
2.40966E+16,,,22/08/1989,22/08/1989,D,22/08/1989,NBNSYS0000006842,Chorthippus brunneus,V6159,61500,59500,OSI,1000,,"Nedanone, S of","Arnold, H.; Eversham, B.; Green, S.G.",,FALSE,FALSE,,,203,,,,,,,,Biological Records Centre,,,
2.40966E+16,,,22/08/1989,22/08/1989,D,22/08/1989,NBNSYS0000006838,Omocestus viridulus,V6159,61500,59500,OSI,1000,,"Nedanone, S of","Arnold, H.; Eversham, B.; Green, S.G.",,FALSE,FALSE,,,203,,,,,,,,Biological Records Centre,,,
2.40966E+16,,,21/11/2009,21/11/2009,D,21/11/2009,NBNSYS0000005380,Acanthoxyla inermis,V892589,89250,58950,OSI,100,,"Rossnagrena, Glengarriff Woods",Ryner Weinreich,,FALSE,FALSE,,Cork,,,,,Seen on the wall of a house,,,,,,,
2.41065E+16,,,13/08/2012,13/08/2012,D,13/08/2012,NBNSYS0000006842,Chorthippus brunneus,V748599,74850,59950,OSI,100,,Kilmakilloge,Clare Heardman,,FALSE,FALSE,,Kerry,South Kerry,Dry siliceous heath,,<10,,,,,,,,
2.41065E+16,,,13/08/2012,13/08/2012,D,13/08/2012,NBNSYS0000006838,Omocestus viridulus,V748599,74850,59950,OSI,100,,Kilmakilloge,Clare Heardman,,FALSE,FALSE,,Kerry,South Kerry,Wet heath,,Nov-50,,,,,,,,
2.41065E+16,,,13/08/2012,13/08/2012,D,13/08/2012,NBNSYS0000006839,Myrmeleotettix maculatus,V748599,74850,59950,OSI,100,,Kilmakilloge,Clare Heardman,,FALSE,FALSE,,Kerry,South Kerry,Dry siliceous heath,,<10,,,,,,,,
2.41065E+16,,,13/08/2012,13/08/2012,D,13/08/2012,NBNSYS0000006839,Myrmeleotettix maculatus,V757600,75750,60050,OSI,100,,Kilmackilloge,Clare Heardman,,FALSE,FALSE,,Kerry,South Kerry,Dry siliceous heath,,<10,,,,,,,,
2.41065E+16,,,13/08/2012,13/08/2012,D,13/08/2012,NBNSYS0000006842,Chorthippus brunneus,V757600,75750,60050,OSI,100,,Kilmackilloge,Clare Heardman,,FALSE,FALSE,,Kerry,South Kerry,Dry siliceous heath,,Nov-50,,,,,,,,
2.41065E+16,,,13/08/2012,13/08/2012,D,13/08/2012,NBNSYS0000006838,Omocestus viridulus,V757600,75750,60050,OSI,100,,Kilmackilloge,Clare Heardman,,FALSE,FALSE,,Kerry,South Kerry,Wet heath,,Nov-50,,,,,,,,
2.40966E+16,,,05/09/1989,05/09/1989,D,05/09/1989,NBNSYS0000006838,Omocestus viridulus,V8460,84500,60500,OSI,1000,,Cummeenadillure Lough,"Kirby, Dr P.",,FALSE,FALSE,,,201,,"Kirby, Dr P.",,,,,,"Kirby, Dr P.",,,
2.40966E+16,,,01/07/1975,31/07/1975,DD,01/07/1975 - 31/07/1975,NBNSYS0000006838,Omocestus viridulus,V923603,92350,60350,OSI,100,,Releagh Bridge S of Kenmare,"Stubbs, A.E.",,FALSE,FALSE,,,201,Marsh,"Stubbs, A.E.",,,,,,Biological Records Centre,,,
2.40966E+16,,,17/07/2000,17/07/2000,D,17/07/2000,NHMSYS0001387317,Forficula auricularia,W669594,166950,59450,OSI,100,,"Glinny House, Riverstick",Roy Anderson,,FALSE,FALSE,,,,Fen Carr Woodland,,occasional,In litter or under dead wood.,,,,,,,
2.40966E+16,,,29/07/2004,29/07/2004,D,29/07/2004,NBNSYS0000006842,Chorthippus brunneus,W8260,182000,60000,OSI,1000,,Roches Point,Tom Gittings,,FALSE,FALSE,,Cork,,,Tom Gittings,,,,,,,,Visual/hand-net/auditory,
2.40966E+16,,,05/10/2013,05/10/2013,D,05/10/2013,NBNSYS0000006842,Chorthippus brunneus,W8260,182000,60000,OSI,1000,,Roches Point,Tom Gittings,,FALSE,FALSE,,Cork,,,Tom Gittings,,,,,,,,Visual/hand-net/auditory,
2.40966E+16,,,27/07/2014,27/07/2014,D,27/07/2014,NBNSYS0000006842,Chorthippus brunneus,W8260,182000,60000,OSI,1000,,Roches Point,Tom Gittings,,FALSE,FALSE,,Cork,,,Tom Gittings,,,,,,,,Visual/hand-net/auditory,
2.40966E+16,,,26/08/2014,26/08/2014,D,26/08/2014,NBNSYS0000006842,Chorthippus brunneus,W8260,182000,60000,OSI,1000,,Roches Point,Tom Gittings,,FALSE,FALSE,,Cork,,,Tom Gittings,,,,,,,,Visual/hand-net/auditory,
2.40966E+16,,,27/07/2013,27/07/2013,D,27/07/2013,NBNSYS0000006842,Chorthippus brunneus,W827600,182700,60000,OSI,100,,Roches Point,Tom Gittings,,FALSE,FALSE,,Cork,,,Tom Gittings,,,,,,,,Visual/hand-net/auditory,
2.40966E+16,,,26/09/2013,26/09/2013,D,26/09/2013,NBNSYS0000006842,Chorthippus brunneus,W827600,182700,60000,OSI,100,,Roches Point,Tom Gittings,,FALSE,FALSE,,Cork,,,Tom Gittings,,,,,,,,Visual/hand-net/auditory,
2.40966E+16,,,19/07/2014,19/07/2014,D,19/07/2014,NBNSYS0000006842,Chorthippus brunneus,W9060,190000,60000,OSI,1000,,Ballyshane,Tom Gittings,,FALSE,FALSE,,Cork,,,Tom Gittings,,,,,,,,Visual/hand-net/auditory,
2.40966E+16,,,06/07/2014,06/07/2014,D,06/07/2014,NBNSYS0000006838,Omocestus viridulus,W876603,187600,60300,OSI,100,,"Inch Strand, Lahard",Tom Gittings,,FALSE,FALSE,,Cork,,,Tom Gittings,,,,,,,,Visual/hand-net/auditory,
2.40966E+16,,,22/08/1989,22/08/1989,D,22/08/1989,NHMSYS0001387317,Forficula auricularia,V6262,62500,62500,OSI,1000,,Glanlough,"Arnold, H.; Eversham, B.; Green, S.G.",,FALSE,FALSE,,,201,,,,,,,,Biological Records Centre,,,
2.40966E+16,,,22/08/1989,22/08/1989,D,22/08/1989,NBNSYS0000006842,Chorthippus brunneus,V6262,62500,62500,OSI,1000,,Glanlough,"Arnold, H.; Eversham, B.; Green, S.G.",,FALSE,FALSE,,,201,,,,,,,,Biological Records Centre,,,
2.40966E+16,,,22/08/1989,22/08/1989,D,22/08/1989,NBNSYS0000006838,Omocestus viridulus,V6262,62500,62500,OSI,1000,,Glanlough,"Arnold, H.; Eversham, B.; Green, S.G.",,FALSE,FALSE,,,201,,,,,,,,Biological Records Centre,,,
2.40966E+16,,,22/08/1989,22/08/1989,D,22/08/1989,NBNSYS0000006833,Tetrix undulata,V6262,62500,62500,OSI,1000,,Glanlough,"Arnold, H.; Eversham, B.; Green, S.G.",,FALSE,FALSE,,,201,,,,,,,,Biological Records Centre,,,
2.40966E+16,,,03/09/2012,03/09/2012,D,03/09/2012,NBNSYS0000006842,Chorthippus brunneus,W910610,191000,61000,OSI,100,,Ballybranagan Strand,Tom Gittings,,FALSE,FALSE,,Cork,,,Tom Gittings,,,,,,Personal records,,Visual/hand-net,
2.40966E+16,,,26/05/2015,26/05/2015,D,26/05/2015,NBNSYS0000006842,Chorthippus brunneus,W9161,191000,61000,OSI,1000,,Ballybranagan Strand,Tom Gittings,,FALSE,FALSE,,Cork,,,Tom Gittings,,,,,,,,Visual/hand-net/auditory,
2.40966E+16,,,03/09/2013,03/09/2013,D,03/09/2013,NBNSYS0000006842,Chorthippus brunneus,W9161,191000,61000,OSI,1000,,Ballybranagan Strand,Tom Gittings,,FALSE,FALSE,,Cork,,,Tom Gittings,,,,,,,,Visual/hand-net/auditory,
2.40966E+16,,,20/07/2014,20/07/2014,D,20/07/2014,NBNSYS0000006842,Chorthippus brunneus,W9161,191000,61000,OSI,1000,,Ballybranagan Strand,Tom Gittings,,FALSE,FALSE,,Cork,,,Tom Gittings,,,,,,,,Visual/hand-net/auditory,
2.40966E+16,,,03/09/2012,03/09/2012,D,03/09/2012,NBNSYS0000006842,Chorthippus brunneus,W9161,191000,61000,OSI,1000,,Ballybranagan Strand,Tom Gittings,,FALSE,FALSE,,Cork,,,Tom Gittings,,,,,,personal records,,Visual/hand-net,
2.40966E+16,,,23/08/2014,23/08/2014,D,23/08/2014,NBNSYS0000006842,Chorthippus brunneus,W9261,192000,61000,OSI,1000,,Ballybranagan Strand,Tom Gittings,,FALSE,FALSE,,Cork,,,Tom Gittings,,,,,,,,Visual/hand-net/auditory,
2.40966E+16,,,23/08/2014,23/08/2014,D,23/08/2014,NBNSYS0000006842,Chorthippus brunneus,W9461,194000,61000,OSI,1000,,Ballylanders,Tom Gittings,,FALSE,FALSE,,Cork,,,Tom Gittings,,,,,,,,Visual/hand-net/auditory,
2.40966E+16,,,23/08/2014,23/08/2014,D,23/08/2014,NBNSYS0000006842,Chorthippus brunneus,W9561,195000,61000,OSI,1000,,Ballylanders,Tom Gittings,,FALSE,FALSE,,Cork,,,Tom Gittings,,,,,,,,Visual/hand-net/auditory,
2.34017E+16,,,31/12/1967,31/12/1967,D,31/12/1967,NBNSYS0000005380,Acanthoxyla inermis,V711626,71150,62650,OSI,100,,Rossdohan Island,A.E. Gardner,,FALSE,FALSE,,,,,,,,,,,"Biological Records Centre, UK",,,
2.34017E+16,,,31/12/1961,31/12/1961,D,31/12/1961,NBNSYS0000005380,Acanthoxyla inermis,V711626,71150,62650,OSI,100,,Rossdohan Island,M. Greer Walker,,FALSE,FALSE,,,,,,,,,,,"Biological Records Centre, UK",,,
2.34017E+16,,,26/07/1983,26/07/1983,D,26/07/1983,NBNSYS0000005380,Acanthoxyla inermis,V711626,71150,62650,OSI,100,,Rossdohan Island,J. Buckley,,FALSE,FALSE,,,,,,,,,,,"Biological Records Centre, UK",,,
2.34017E+16,,,31/12/1956,31/12/1956,D,31/12/1956,NBNSYS0000005380,Acanthoxyla inermis,V711626,71150,62650,OSI,100,,Rossdohan Island,S.P. Walker,,FALSE,FALSE,,,,,,,,,,,"Biological Records Centre, UK",,,
2.34017E+16,,,31/12/1963,31/12/1963,D,31/12/1963,NBNSYS0000005380,Acanthoxyla inermis,V711626,71150,62650,OSI,100,,Rossdohan Island,Unknown,,FALSE,FALSE,,,,,,,,,,,"Biological Records Centre, UK",,,
2.34017E+16,,,09/07/1985,09/07/1985,D,09/07/1985,NBNSYS0000005380,Acanthoxyla inermis,V711626,71150,62650,OSI,100,,Rossdohan Island,J.P. O'Connor ,,FALSE,FALSE,,,,,,,,,,,"Biological Records Centre, UK",,,
2.34017E+16,,,30/09/1986,30/09/1986,D,30/09/1986,NBNSYS0000005380,Acanthoxyla inermis,V711626,71150,62650,OSI,100,,Rossdohan Island,R. Walker,,FALSE,FALSE,,,,,,,,,,,"Biological Records Centre, UK",,,
2.40966E+16,,,09/07/1985,09/07/1985,D,09/07/1985,NBNSYS0000005380,Acanthoxyla inermis,V711626,71150,62650,OSI,100,,Rossdohan Island/Rossdohan Island,"O'Connor, J.P.",,FALSE,FALSE,,,201,,,,"Nymph swept from bush outside Robert & Sally Walker's house. Now in collection of the National Museum of Ireland, Dublin.",,,,Biological Records Centre,,,
2.40966E+16,,,01/09/1986,30/09/1986,DD,01/09/1986 - 30/09/1986,NBNSYS0000005380,Acanthoxyla inermis,V711626,71150,62650,OSI,100,,Rossdohan Island/Rossdohan Island,"Walker, R.",,FALSE,FALSE,,,201,,,,Specimen found underneath a pile of spruce and beech branches awaiting putting on a bonfire.,,,,Biological Records Centre,,,
2.40966E+16,,,01/01/1967,31/12/1967,DD,01/01/1967 - 31/12/1967,NBNSYS0000005380,Acanthoxyla inermis,V711626,71150,62650,OSI,100,,Rossdohan Island/Rossdohan Island,"Gardner, A.E.",,FALSE,FALSE,,,201,,,,National ORS Database Ref nnnnn,,,,Biological Records Centre,,,
2.40966E+16,,,26/07/1983,26/07/1983,D,26/07/1983,NBNSYS0000005380,Acanthoxyla inermis,V711626,71150,62650,OSI,100,,Rossdohan Island/Rossdohan Island,"Buckley, J.",,FALSE,FALSE,,,201,,,,Photograph taken of a stick-insect in a bath at Sally & Robert Walker's house on the island.,,,,Biological Records Centre,,,
2.40966E+16,,,01/01/1956,31/12/1956,DD,01/01/1956 - 31/12/1956,NBNSYS0000005380,Acanthoxyla inermis,V711626,71150,62650,OSI,100,,Rossdohan Island/Rossdohan Island,"Walker, S.P.",,FALSE,FALSE,,,201,,,,"First 'Irish' stick-insect was found on the kitchen wall, and taken to Mrs Walker's son Robert's kindergarten for the nature table.",,,,Biological Records Centre,,,
2.40966E+16,,,01/01/1961,31/12/1961,DD,01/01/1961 - 31/12/1961,NBNSYS0000005380,Acanthoxyla inermis,V711626,71150,62650,OSI,100,,Rossdohan Island/Rossdohan Island,"Greer Walker, M.",,FALSE,FALSE,,,201,,,,Found in borders close to Lily Pond,,,,Biological Records Centre,,,
2.40966E+16,,,01/01/1963,31/12/1963,DD,01/01/1963 - 31/12/1963,NBNSYS0000005380,Acanthoxyla inermis,V711626,71150,62650,OSI,100,,Rossdohan Island/Rossdohan Island,Unknown,,FALSE,FALSE,,,201,,,,"Michael Greer Walker is Sally Walker's nephewfrom Goodhew, Greer Walker & Blackith 1964",,,,Biological Records Centre,,,
2.41065E+16,,,13/08/2012,13/08/2012,D,13/08/2012,NBNSYS0000006838,Omocestus viridulus,V844623,84450,62350,OSI,100,,Inchinlough,Clare Heardman,,FALSE,FALSE,,Kerry,South Kerry,Cutover bog,,Nov-50,,,,,,,,
2.41065E+16,,,13/08/2012,13/08/2012,D,13/08/2012,NHMSYS0001387317,Forficula auricularia,V844623,84450,62350,OSI,100,,Inchinlough,Clare Heardman,,FALSE,FALSE,,Kerry,South Kerry,Cutover bog,,<10,,,,,,,,
2.34017E+16,,,17/09/1993,17/09/1993,D,17/09/1993,NBNSYS0000005380,Acanthoxyla inermis,V714627,71450,62750,OSI,100,,Rossdohan Island,M. Keep,,FALSE,FALSE,,,,,,,,,,,"Biological Records Centre, UK",,,
2.40966E+16,,,17/09/1993,17/09/1993,D,17/09/1993,NBNSYS0000005380,Acanthoxyla inermis,V714627,71450,62750,OSI,100,,Rossdohan Island/Rossdohan Island,"Keep, M.",,FALSE,FALSE,,,201,,,,Clear photos give first confirmation that A inermis is the species present in SW Ireland.,,,,Biological Records Centre,,,
2.40966E+16,,,27/07/1976,27/07/1976,D,27/07/1976,NBNSYS0000006838,Omocestus viridulus,V8362,83500,62500,OSI,1000,,"Uragh, Co. Kerry.","Speight, M.C.D.",,FALSE,FALSE,,,201,,,,Grasshoppers and crickets of Ireland,,,,National Biodiversity Data Centre Ireland,,,
2.40966E+16,,,01/07/1976,31/07/1976,DD,01/07/1976 - 31/07/1976,NBNSYS0000006838,Omocestus viridulus,V8362,83500,62500,OSI,1000,,,"Speight, M.C.D.",,FALSE,FALSE,,,201,,"Speight, M.C.D.",,,,,,Biological Records Centre,,,
2.41065E+16,,,13/08/2012,13/08/2012,D,13/08/2012,NBNSYS0000006842,Chorthippus brunneus,V846626,84650,62650,OSI,100,,Inchinlough,Clare Heardman,,FALSE,FALSE,,Kerry,South Kerry,Recolonising bare ground,,Nov-50,,,,,,,,
2.41065E+16,,,13/08/2012,13/08/2012,D,13/08/2012,NBNSYS0000006833,Tetrix undulata,V846626,84650,62650,OSI,100,,Inchinlough,Clare Heardman,,FALSE,FALSE,,Kerry,South Kerry,Recolonising bare ground,,<10,,,,,,,,
2.40966E+16,,,22/05/2001,22/05/2001,D,22/05/2001,NHMSYS0001387382,Labia minor,W5961,159500,61500,OSI,1000,,Halfway,Martin Cawley,,FALSE,FALSE,,,,dung heap in a field,,,,,,,,,,
2.41065E+16,,,27/08/2012,27/08/2012,D,27/08/2012,NBNSYS0000006838,Omocestus viridulus,W043622,104350,62250,OSI,100,,Derryclogher,Clare Heardman,,FALSE,FALSE,,Cork,West Cork,Wet heath,,<10,,,,,,,,
2.41065E+16,,,27/08/2012,27/08/2012,D,27/08/2012,NBNSYS0000006842,Chorthippus brunneus,W043622,104350,62250,OSI,100,,Derryclogher,Clare Heardman,,FALSE,FALSE,,Cork,West Cork,Dry meadows and grassy verges,,<10,,,,,,,,
2.41065E+16,,,27/08/2012,27/08/2012,D,27/08/2012,NBNSYS0000006833,Tetrix undulata,W043622,104350,62250,OSI,100,,Derryclogher,Clare Heardman,,FALSE,FALSE,,Cork,West Cork,Dry meadows and grassy verges,,1,,,,,,,,
2.41065E+16,,,10/08/2012,10/08/2012,D,10/08/2012,NHMSYS0001387317,Forficula auricularia,W800616,180050,61650,OSI,100,,"Crosshaven, Co. Cork",Anita O Riordan,,FALSE,FALSE,,Cork,,Flower beds and borders,,Nov-50,"Found in the base of potted plants, hidden in a tent and around the doorframe of the house.",,,,,,,
2.41065E+16,,,27/08/2012,27/08/2012,D,27/08/2012,NHMSYS0001387317,Forficula auricularia,W040625,104050,62550,OSI,100,,Derryclogher,Clare Heardman,,FALSE,FALSE,,Cork,West Cork,Horticultural land,,<10,,,,,,,,
2.34017E+16,,,31/08/1997,31/08/1997,D,31/08/1997,NBNSYS0000005380,Acanthoxyla inermis,V719634,71950,63450,OSI,100,,"Rossdohan, near causeway to island",P. Craven,,FALSE,FALSE,,,,,,,,,,,"Biological Records Centre, UK",,,
2.40966E+16,,,01/08/1997,31/08/1997,DD,01/08/1997 - 31/08/1997,NBNSYS0000005380,Acanthoxyla inermis,V719634,71950,63450,OSI,100,,"Rossdohan/Rossdohan, near causeway to island","Craven, P.",,FALSE,FALSE,,,201,,,,"Mottled brown/grey 90mm insect. Caught on video. Video seen by M Lee & Paul Brock - inconclusive as to species, but with cerci it was not a lab-stick, and most likely A inermis",,,,Biological Records Centre,,,
9.94202E+16,,,14/09/2010,14/09/2010,D,14/09/2010,NBNSYS0000006838,Omocestus viridulus,V828632,82850,63250,OSI,100,,Uragh Wood,Brian Nelson,,FALSE,FALSE,,Kerry,South Kerry,,Brian Nelson,,,,,Orthoptera Atlas,,,,
2.40966E+16,,,27/09/1984,27/09/1984,D,27/09/1984,NHMSYS0001387317,Forficula auricularia,W634622,163450,62250,OSI,100,,Ballinhassig,"Fogan, Mrs M.; Rands, Mrs E.B.; Rundle, A.J.",,FALSE,FALSE,,,204,,,,,,,,Biological Records Centre,,,
2.40966E+16,,,05/09/1989,05/09/1989,D,05/09/1989,NBNSYS0000006838,Omocestus viridulus,V8263,82500,63500,OSI,1000,,Cloonee Loughs,"Kirby, Dr P.",,FALSE,FALSE,,,201,,"Kirby, Dr P.",,,,,,"Kirby, Dr P.",,,
2.41065E+16,,,13/08/2012,13/08/2012,D,13/08/2012,NBNSYS0000006834,Stethophyma grossum,V830635,83050,63550,OSI,100,,Uragh,Clare Heardman,,FALSE,FALSE,,Kerry,South Kerry,Wet heath,,<10,,,,,,,,
2.41065E+16,,,13/08/2012,13/08/2012,D,13/08/2012,NBNSYS0000006838,Omocestus viridulus,V830635,83050,63550,OSI,100,,Uragh,Clare Heardman,,FALSE,FALSE,,Kerry,South Kerry,Wet heath,,Nov-50,,,,,,,,
2.41065E+16,,,13/08/2012,13/08/2012,D,13/08/2012,NBNSYS0000006838,Omocestus viridulus,V794636,79450,63650,OSI,100,,Casha Bridge,Clare Heardman,,FALSE,FALSE,,Kerry,South Kerry,Wet heath,,Nov-50,,,,,,,,
2.41065E+16,,,13/08/2012,13/08/2012,D,13/08/2012,NBNSYS0000006834,Stethophyma grossum,V794636,79450,63650,OSI,100,,Casha Bridge,Clare Heardman,,FALSE,FALSE,,Kerry,South Kerry,Wet heath,,<10,,,,,,,,
2.41065E+16,,,13/08/2012,13/08/2012,D,13/08/2012,NBNSYS0000006842,Chorthippus brunneus,V794636,79450,63650,OSI,100,,Casha Bridge,Clare Heardman,,FALSE,FALSE,,Kerry,South Kerry,Dry meadows and grassy verges,,<10,,,,,,,,
2.40966E+16,,,22/08/1989,22/08/1989,D,22/08/1989,NBNSYS0000006842,Chorthippus brunneus,V5064,50500,64500,OSI,1000,,Ballybrack,"Arnold, H.; Eversham, B.; Green, S.G.",,FALSE,FALSE,,,201,,,,,,,,Biological Records Centre,,,
2.40966E+16,,,22/08/1989,22/08/1989,D,22/08/1989,NHMSYS0001387317,Forficula auricularia,V5064,50500,64500,OSI,1000,,Ballybrack,"Arnold, H.; Eversham, B.; Green, S.G.",,FALSE,FALSE,,,201,,,,,,,,Biological Records Centre,,,
2.40966E+16,,,22/08/1989,22/08/1989,D,22/08/1989,NBNSYS0000006838,Omocestus viridulus,V5064,50500,64500,OSI,1000,,Ballybrack,"Arnold, H.; Eversham, B.; Green, S.G.",,FALSE,FALSE,,,201,,,,,,,,Biological Records Centre,,,
2.40966E+16,,,01/05/1982,31/05/1982,DD,01/05/1982 - 31/05/1982,NHMSYS0001387317,Forficula auricularia,V36,35000,65000,OSI,10000,,Puffin Island,"Reavey, D.",,FALSE,FALSE,,,201,,"Ragge, D.R.; Ragge, R.",,,,,,Biological Records Centre,,,
2.41065E+16,,,11/08/2012,11/08/2012,D,11/08/2012,NHMSYS0001387435,Pholidoptera griseoaptera,W791623,179150,62350,OSI,100,,Currabinny,David Cooke,,FALSE,FALSE,,Cork,Mid-Cork,Hedgerows,,,,,,,,,,
2.34017E+16,,,31/12/1998,31/12/1998,D,31/12/1998,NBNSYS0000005380,Acanthoxyla inermis,V717639,71750,63950,OSI,100,,Rossdohan,E. Fenelon,,FALSE,FALSE,,,,,,,,,,,"Biological Records Centre, UK",,,
2.34017E+16,,,31/12/2000,31/12/2000,D,31/12/2000,NBNSYS0000005380,Acanthoxyla inermis,V717639,71750,63950,OSI,100,,Rossdohan,E. Fenelon,,FALSE,FALSE,,,,,,,,,,,"Biological Records Centre, UK",,,
2.40966E+16,,,01/01/2000,31/12/2000,DD,01/01/2000 - 31/12/2000,NBNSYS0000005380,Acanthoxyla inermis,V717639,71750,63950,OSI,100,,Rossdohan/Rossdohan,E. Fenelon,,FALSE,FALSE,,,,,,,Adult insect seen on house wall,,,,,,,
2.40966E+16,,,01/01/1998,31/12/1998,DD,01/01/1998 - 31/12/1998,NBNSYS0000005380,Acanthoxyla inermis,V717639,71750,63950,OSI,100,,Rossdohan/Rossdohan,"Fenelon, E.",,FALSE,FALSE,,,201,,,,first seen in this garden on the house wall,,,,Biological Records Centre,,,
2.40966E+16,,,01/01/1977,31/12/1977,DD,01/01/1977 - 31/12/1977,NBNSYS0000006838,Omocestus viridulus,V46,45000,65000,OSI,10000,,,"Paul, J.",,FALSE,FALSE,,,201,,"Paul, J.",,,,,,Biological Records Centre,,,
2.40966E+16,,,18/06/1988,18/06/1988,D,18/06/1988,NBNSYS0000005380,Acanthoxyla inermis,V7064,70500,64500,OSI,1000,,Derryquin/Derryquin,"Viney, M.",,FALSE,FALSE,,,201,,,,report from N Calahan of a stick-insect on the wall of a neighbour's house,,,,Biological Records Centre,,,
2.40966E+16,,,01/07/1988,31/07/1988,DD,01/07/1988 - 31/07/1988,NBNSYS0000005380,Acanthoxyla inermis,V7064,70500,64500,OSI,1000,,Derryquin/Derryquin,"Viney, M.",,FALSE,FALSE,,,201,,,,"report from N Calahan - smaller than 18-6-1988 insect, with a greenish tint (undoubtedly a nymph)",,,,Biological Records Centre,,,
2.34017E+16,,,18/06/1988,18/06/1988,D,18/06/1988,NBNSYS0000005380,Acanthoxyla inermis,V7064,70500,64500,OSI,1000,,Derryquin,M. Viney,,FALSE,FALSE,,,,,,,,,,,"Biological Records Centre, UK",,,
2.40966E+16,,,19/07/2014,19/07/2014,D,19/07/2014,NBNSYS0000006838,Omocestus viridulus,W824629,182400,62900,OSI,100,,Corkbeg,Tom Gittings,,FALSE,FALSE,,Cork,,,Tom Gittings,,,,,,,,Visual/hand-net/auditory,
2.40966E+16,,,12/07/2015,12/07/2015,D,12/07/2015,NBNSYS0000006838,Omocestus viridulus,W7863,178000,63000,OSI,1000,,Lough More,Tom Gittings,,FALSE,FALSE,,Cork,,,Tom Gittings,,,,,,,,Visual/hand-net/auditory,
2.40966E+16,,,01/07/1975,31/07/1975,DD,01/07/1975 - 31/07/1975,NBNSYS0000006842,Chorthippus brunneus,V8264,82500,64500,OSI,1000,,Cloonee Loughs,"Stubbs, A.E.",,FALSE,FALSE,,,201,,"Stubbs, A.E.",,,,,,Biological Records Centre,,,
2.40966E+16,,,01/07/1975,31/07/1975,DD,01/07/1975 - 31/07/1975,NBNSYS0000006838,Omocestus viridulus,V8264,82500,64500,OSI,1000,,Cloonee Loughs,"Stubbs, A.E.",,FALSE,FALSE,,,201,,"Stubbs, A.E.",,,,,,Biological Records Centre,,,
2.40966E+16,,,01/07/1975,31/07/1975,DD,01/07/1975 - 31/07/1975,NBNSYS0000006834,Stethophyma grossum,V8264,82500,64500,OSI,1000,,Cloonee Loughs,"Stubbs, A.E.",,FALSE,FALSE,,,201,,"Stubbs, A.E.",,,,,,Biological Records Centre,,,
2.40966E+16,,,01/01/1993,31/12/1993,DD,01/01/1993 - 31/12/1993,NBNSYS0000005380,Acanthoxyla inermis,V5065,50500,65500,OSI,1000,,Waterville/Waterville,"Keep, M.",,FALSE,FALSE,,,201,,,,not confirmed - (1km square notional),,,,Biological Records Centre,,,
2.34017E+16,,,31/12/1993,31/12/1993,D,31/12/1993,NBNSYS0000005380,Acanthoxyla inermis,V5065,50500,65500,OSI,1000,,Waterville,M. Keep,,FALSE,FALSE,,,,,,,,,,,"Biological Records Centre, UK",,,
2.40966E+16,,,18/06/1990,18/06/1990,D,18/06/1990,NBNSYS0000006838,Omocestus viridulus,V5465,54500,65500,OSI,1000,,"Lough Currane, south shore","Arnold, H.; Eversham, B.; Green, S.G.",,FALSE,FALSE,,,201,,,,,,,,Biological Records Centre,,,
2.34017E+16,,,31/12/1993,31/12/1993,D,31/12/1993,NBNSYS0000006812,Acanthoxyla geisovii,V76,75000,65000,OSI,10000,,Kenmare,M. Keep,,FALSE,FALSE,,,,,,,,,,,"Biological Records Centre, UK",,,
2.40966E+16,,,01/01/1993,31/12/1993,DD,01/01/1993 - 31/12/1993,NBNSYS0000006812,Acanthoxyla geisovii,V76,75000,65000,OSI,10000,,Kenmere,"Keep, M.",,FALSE,FALSE,,,201,,,,,,,,Biological Records Centre,,,INTRODUCTION
2.40966E+16,,,01/01/1996,31/12/1996,DD,01/01/1996 - 31/12/1996,NBNSYS0000006812,Acanthoxyla geisovii,V76,75000,65000,OSI,10000,,Kenmere,"Keep, M.",,FALSE,FALSE,,,201,,"Brock, P.D.",,,,,,Biological Records Centre,,,INTRODUCTION
2.40966E+16,,,01/01/1967,31/12/1967,Y,1967,NBNSYS0000005380,Acanthoxyla inermis,V76,75000,65000,OSI,10000,,Rossdoohan,"Gardner, A.E.",,FALSE,FALSE,,,201,,"Gardner, A.E.",,,,,,Biological Records Centre,,,INTRODUCTION
2.40966E+16,,,25/10/2004,25/10/2004,D,25/10/2004,NHMSYS0001387382,Labia minor,W7863,178500,63500,OSI,1000,,Loughbeg,Martin Cawley,,FALSE,FALSE,,,,dung heap in a field,,,,,,,,,,
2.40966E+16,,,18/06/1990,18/06/1990,D,18/06/1990,NBNSYS0000006838,Omocestus viridulus,V5765,57500,65500,OSI,1000,,Isknagahiny Lough,"Arnold, H.; Eversham, B.; Green, S.G.",,FALSE,FALSE,,,201,,,,,,,,Biological Records Centre,,,
2.40966E+16,,,01/09/1979,30/09/1979,DD,01/09/1979 - 30/09/1979,NBNSYS0000006842,Chorthippus brunneus,W9963,199500,63500,OSI,1000,,Ballycotton,"Cotton, D.C.F.",,FALSE,FALSE,,,205,,"Cotton, D.C.F.",,,,,,Biological Records Centre,,,
2.40966E+16,,,06/09/1989,06/09/1989,D,06/09/1989,NBNSYS0000006842,Chorthippus brunneus,V7565,75500,65500,OSI,1000,,Lough Fadda,"Kirby, Dr P.",,FALSE,FALSE,,,201,,"Kirby, Dr P.",,,,,,"Kirby, Dr P.",,,
2.40966E+16,,,06/09/1989,06/09/1989,D,06/09/1989,NBNSYS0000006838,Omocestus viridulus,V7565,75500,65500,OSI,1000,,Lough Fadda,"Kirby, Dr P.",,FALSE,FALSE,,,201,,"Kirby, Dr P.",,,,,,"Kirby, Dr P.",,,
2.40966E+16,,,06/09/1989,06/09/1989,D,06/09/1989,NBNSYS0000006833,Tetrix undulata,V7565,75500,65500,OSI,1000,,Lough Fadda,"Kirby, Dr P.",,FALSE,FALSE,,,201,,"Kirby, Dr P.",,,,,,"Kirby, Dr P.",,,
2.40966E+16,,,01/01/1960,31/12/1999,DD,01/01/1960 - 31/12/1999,NBNSYS0000006838,Omocestus viridulus,W06,105000,65000,OSI,10000,,Gouganebarra,"Crosskey, M.A.; Crosskey, R.W.",,FALSE,FALSE,,,203,,"Crosskey, M.A.; Crosskey, R.W.",,,,,,Biological Records Centre,,,
2.40966E+16,,,08/09/1989,08/09/1989,D,08/09/1989,NHMSYS0001387317,Forficula auricularia,W0765,107500,65500,OSI,1000,,Gouganebarra,"Kirby, Dr P.",,FALSE,FALSE,,,203,,"Kirby, Dr P.",,,,,,"Kirby, Dr P.",,,
2.40966E+16,,,08/09/1989,08/09/1989,D,08/09/1989,NBNSYS0000006842,Chorthippus brunneus,W0765,107500,65500,OSI,1000,,Gouganebarra,"Kirby, Dr P.",,FALSE,FALSE,,,203,,"Kirby, Dr P.",,,,,,"Kirby, Dr P.",,,
2.40966E+16,,,08/09/1989,08/09/1989,D,08/09/1989,NBNSYS0000006838,Omocestus viridulus,W0765,107500,65500,OSI,1000,,Gouganebarra,"Kirby, Dr P.",,FALSE,FALSE,,,203,,"Kirby, Dr P.",,,,,,"Kirby, Dr P.",,,
2.40966E+16,,,28/08/2010,28/08/2010,D,28/08/2010,NBNSYS0000006824,Conocephalus dorsalis,W985646,198550,64650,OSI,100,,Ballycotton,Martin Cawley,,FALSE,FALSE,,,,coastal marsh,,,,,,,,,,
2.40966E+16,,,24/09/1984,24/09/1984,D,24/09/1984,NHMSYS0001387317,Forficula auricularia,W875647,187550,64750,OSI,100,,"Rostellan,0.75m SSE",,,FALSE,FALSE,,,205,,,,,,,,Biological Records Centre,,,
2.40966E+16,,,01/01/1993,31/12/1993,DD,01/01/1993 - 31/12/1993,NBNSYS0000005380,Acanthoxyla inermis,V6966,69500,66500,OSI,1000,,Sneem/Sneem,"Keep, M.",,FALSE,FALSE,,,201,,,,"Insect found by Jim Fitzgerald and was taken to UCC in Dublin. Not able to track down specimen, which will undoubtedly be A inermis. (1km square notional)",,,,Biological Records Centre,,,
2.34017E+16,,,31/12/1993,31/12/1993,D,31/12/1993,NBNSYS0000005380,Acanthoxyla inermis,V6966,69500,66500,OSI,1000,,Sneem,M. Keep,,FALSE,FALSE,,,,,,,,,,,"Biological Records Centre, UK",,,
2.40966E+16,,,19/07/2014,19/07/2014,D,19/07/2014,NBNSYS0000006838,Omocestus viridulus,W8665,186000,65000,OSI,1000,,Rostellan Quarry,Tom Gittings,,FALSE,FALSE,,Cork,,,Tom Gittings,,,,,,,,Visual/hand-net/auditory,
2.40966E+16,,,25/07/2014,25/07/2014,D,25/07/2014,NBNSYS0000006838,Omocestus viridulus,W8665,186000,65000,OSI,1000,,Rostellan Quarry,Tom Gittings,,FALSE,FALSE,,Cork,,,Tom Gittings,,,,,,,,Visual/hand-net/auditory,
2.40966E+16,,,25/07/2014,25/07/2014,D,25/07/2014,NBNSYS0000006842,Chorthippus brunneus,W8665,186000,65000,OSI,1000,,Rostellan Quarry,Tom Gittings,,FALSE,FALSE,,Cork,,,Tom Gittings,,,,,,,,Visual/hand-net/auditory,
2.40966E+16,,,25/09/2004,25/09/2004,D,25/09/2004,NBNSYS0000006825,Leptophyes punctatissima,W8665,186000,65000,OSI,1000,,Rostellan Quarry,Tom Gittings,,FALSE,FALSE,,Cork,,,Tom Gittings,,Recorded using bat detector,,,,,,Visual/hand-net/auditory,
2.40966E+16,,,13/08/2004,13/08/2004,D,13/08/2004,NBNSYS0000006842,Chorthippus brunneus,W9865,198000,65000,OSI,1000,,Ballycotton Bay,Tom Gittings,,FALSE,FALSE,,Cork,,,Tom Gittings,,,,,,,,Visual/hand-net/auditory,
2.40966E+16,,,22/08/1989,22/08/1989,D,22/08/1989,NBNSYS0000006842,Chorthippus brunneus,V4867,48500,67500,OSI,1000,,Waterville Golf Links,"Arnold, H.; Eversham, B.; Green, S.G.",,FALSE,FALSE,,,201,,,,,,,,Biological Records Centre,,,
2.40966E+16,,,22/08/1989,22/08/1989,D,22/08/1989,NHMSYS0001387317,Forficula auricularia,V4867,48500,67500,OSI,1000,,Waterville Golf Links,"Arnold, H.; Eversham, B.; Green, S.G.",,FALSE,FALSE,,,201,,,,,,,,Biological Records Centre,,,
2.40966E+16,,,01/07/1975,31/07/1975,DD,01/07/1975 - 31/07/1975,NBNSYS0000006838,Omocestus viridulus,V947666,94750,66650,OSI,100,,Knockeirka,"Stubbs, A.E.",,FALSE,FALSE,,,201,"Grassland, invaded by rushes","Stubbs, A.E.",,,,,,Biological Records Centre,,,
2.40966E+16,,,01/07/1975,31/07/1975,DD,01/07/1975 - 31/07/1975,NBNSYS0000006838,Omocestus viridulus,V855670,85550,67050,OSI,100,,"Kenmare,SW of","Stubbs, A.E.",,FALSE,FALSE,,,201,,"Stubbs, A.E.",,,,,,Biological Records Centre,,,
2.40966E+16,,,24/09/1984,24/09/1984,D,24/09/1984,NHMSYS0001387317,Forficula auricularia,W869658,186950,65850,OSI,100,,"Rostellan,beach","Fogan, Mrs M.; Rands, Mrs E.B.; Rundle, A.J.",,FALSE,FALSE,,,205,,,,,,,,Biological Records Centre,,,
2.40966E+16,,,25/07/2014,25/07/2014,D,25/07/2014,NBNSYS0000006838,Omocestus viridulus,W8666,186000,66000,OSI,1000,,Rostellan Quarry,Tom Gittings,,FALSE,FALSE,,Cork,,,Tom Gittings,,,,,,,,Visual/hand-net/auditory,
2.40966E+16,,,10/07/2015,10/07/2015,D,10/07/2015,NBNSYS0000006838,Omocestus viridulus,W8666,186000,66000,OSI,1000,,Rostellan Quarry,Tom Gittings,,FALSE,FALSE,,Cork,,,Tom Gittings,,,,,,,,Visual/hand-net/auditory,
2.40966E+16,,,25/09/2004,25/09/2004,D,25/09/2004,NBNSYS0000006825,Leptophyes punctatissima,W8866,188000,66000,OSI,1000,,Crocane,Tom Gittings,,FALSE,FALSE,,Cork,,,Tom Gittings,,Recorded using bat detector,,,,,,Visual/hand-net/auditory,
2.40966E+16,,,18/06/1990,18/06/1990,D,18/06/1990,NBNSYS0000006842,Chorthippus brunneus,V4668,46500,68500,OSI,1000,,Reenroe,"Arnold, H.; Eversham, B.; Green, S.G.",,FALSE,FALSE,,,201,,,,,,,,Biological Records Centre,,,
2.40966E+16,,,01/08/1979,31/08/1979,DD,01/08/1979 - 31/08/1979,NBNSYS0000006839,Myrmeleotettix maculatus,W9966,199500,66500,OSI,1000,,Ballycotton Bay,"O'Flanagan, C.D.",,FALSE,FALSE,,,205,,"O'Flanagan, C.D.",,,,,,Biological Records Centre,,,
2.41065E+16,,,19/08/2012,19/08/2012,D,19/08/2012,NHMSYS0001387317,Forficula auricularia,W789665,178950,66550,OSI,100,,Russell Heights,Martin Smith,,FALSE,FALSE,,Cork,East Cork,Built land,,Nov-50,,,,,,,,
2.40966E+16,,,07/09/2014,07/09/2014,D,07/09/2014,NBNSYS0000006825,Leptophyes punctatissima,W806666,180650,66650,OSI,100,,"Cobh, Co. Cork",Joe Stockdale,,FALSE,FALSE,Images\24096605481210703.jpg,Cork,East Cork,Buildings and artificial surfaces,,1,Have never seen Speckled Bush Cricket in this area before,,,,,,,
2.40966E+16,,,01/01/2000,31/12/2000,DD,01/01/2000 - 31/12/2000,NBNSYS0000005380,Acanthoxyla inermis,V796681,79650,68150,OSI,100,,"Blackwater Bridge/Blackwater Bridge, The Old School",A. Dunne,,FALSE,FALSE,,,,,,,,,,,,,,
2.40966E+16,,,01/08/2001,31/08/2001,DD,01/08/2001 - 31/08/2001,NBNSYS0000005380,Acanthoxyla inermis,V796681,79650,68150,OSI,100,,"Blackwater Bridge/Blackwater Bridge, The Old School",A. Dunne,,FALSE,FALSE,,,,,,,,,,,,,,
2.40966E+16,,,05/03/2002,05/03/2002,D,05/03/2002,NHMSYS0001387317,Forficula auricularia,W2767,127500,67500,OSI,1000,,Killarry,Martin Cawley,,FALSE,FALSE,,,,river bank,,,,,,,,,,
2.40966E+16,,,26/07/2014,26/07/2014,D,26/07/2014,NBNSYS0000006838,Omocestus viridulus,W8767,187000,67000,OSI,1000,,Rostellan Woods,Tom Gittings,,FALSE,FALSE,,Cork,,,Tom Gittings,,,,,,,,Visual/hand-net/auditory,
2.40966E+16,,,14/09/2013,14/09/2013,D,14/09/2013,NBNSYS0000006838,Omocestus viridulus,W8767,187000,67000,OSI,1000,,Saleen Creek,Tom Gittings,,FALSE,FALSE,,Cork,,,Tom Gittings,,,,,,,,Visual/hand-net/auditory,
2.40966E+16,,,14/09/2013,14/09/2013,D,14/09/2013,NBNSYS0000006842,Chorthippus brunneus,W8767,187000,67000,OSI,1000,,Saleen Creek,Tom Gittings,,FALSE,FALSE,,Cork,,,Tom Gittings,,,,,,,,Visual/hand-net/auditory,
2.40966E+16,,,26/07/2014,26/07/2014,D,26/07/2014,NBNSYS0000006838,Omocestus viridulus,W8867,188000,67000,OSI,1000,,Saleen Wood,Tom Gittings,,FALSE,FALSE,,Cork,,,Tom Gittings,,,,,,,,Visual/hand-net/auditory,
2.34017E+16,,,31/12/1994,31/12/1994,D,31/12/1994,NBNSYS0000005380,Acanthoxyla inermis,V7968,79500,68500,OSI,1000,,Blackwater Bridge,P. Covington,,FALSE,FALSE,,,,,,,,,,,"Biological Records Centre, UK",,,
2.40966E+16,,,01/01/1994,31/12/1994,DD,01/01/1994 - 31/12/1994,NBNSYS0000005380,Acanthoxyla inermis,V7968,79500,68500,OSI,1000,,Blackwater Bridge/Blackwater Bridge,"Covington, P.",,FALSE,FALSE,,,201,,,,,,,,Biological Records Centre,,,
2.40966E+16,,,22/08/1989,22/08/1989,D,22/08/1989,NBNSYS0000006842,Chorthippus brunneus,V8568,85500,68500,OSI,1000,,"Muckera, N of","Arnold, H.; Eversham, B.; Green, S.G.",,FALSE,FALSE,,,201,,,,,,,,Biological Records Centre,,,
2.40966E+16,,,22/08/1989,22/08/1989,D,22/08/1989,NHMSYS0001387317,Forficula auricularia,V8568,85500,68500,OSI,1000,,"Muckera, N of","Arnold, H.; Eversham, B.; Green, S.G.",,FALSE,FALSE,,,201,,,,,,,,Biological Records Centre,,,
2.40966E+16,,,22/08/1989,22/08/1989,D,22/08/1989,NBNSYS0000006833,Tetrix undulata,V8568,85500,68500,OSI,1000,,"Muckera, N of","Arnold, H.; Eversham, B.; Green, S.G.",,FALSE,FALSE,,,201,,,,,,,,Biological Records Centre,,,
2.40966E+16,,,24/09/1984,24/09/1984,D,24/09/1984,NHMSYS0001387317,Forficula auricularia,X002674,200250,67450,OSI,100,,"Shanagarry,1.75m ENE","Fogan, Mrs M.; Rands, Mrs E.B.; Rundle, A.J.",,FALSE,FALSE,,,205,,,,,,,,Biological Records Centre,,,
2.40966E+16,,,11/05/2015,12/05/2015,DD,11/05/2015 - 12/05/2015,NBNSYS0000006824,Conocephalus dorsalis,X047676,204750,67650,OSI,100,,Ballycotton,David McGrath,,FALSE,FALSE,,Cork,East Cork,Rocky sea cliffs,1,,ID confirmed by Brian Nelson.,,,,,,,
2.41065E+16,,,23/08/2012,23/08/2012,D,23/08/2012,NHMSYS0001387317,Forficula auricularia,W842679,184250,67950,OSI,100,,Cobh,Dave Foley,,FALSE,FALSE,,Cork,East Cork,Flower beds and borders,,>50,over the course of the past few months i've seen 100's if not 1000's in various places on the land,,,,,,,
2.48947E+16,,,13/07/2016,13/07/2016,D,13/07/2016,NBNSYS0000006838,Omocestus viridulus,W702680,170250,68050,OSI,100,,Quarry site near Douglas,Leon van der Noll,,FALSE,FALSE,,Cork,,,,,,,,,,,,
2.40966E+16,,,22/08/1989,22/08/1989,D,22/08/1989,NBNSYS0000006833,Tetrix undulata,V7869,78500,69500,OSI,1000,,Derreennamachan,"Arnold, H.; Eversham, B.; Green, S.G.",,FALSE,FALSE,,,201,,,,,,,,Biological Records Centre,,,
2.40966E+16,,,22/08/1989,22/08/1989,D,22/08/1989,NBNSYS0000006838,Omocestus viridulus,V7869,78500,69500,OSI,1000,,Derreennamachan,"Arnold, H.; Eversham, B.; Green, S.G.",,FALSE,FALSE,,,201,,,,,,,,Biological Records Centre,,,
2.40966E+16,,,22/08/1989,22/08/1989,D,22/08/1989,NHMSYS0001387317,Forficula auricularia,V7869,78500,69500,OSI,1000,,Derreennamachan,"Arnold, H.; Eversham, B.; Green, S.G.",,FALSE,FALSE,,,201,,,,,,,,Biological Records Centre,,,
2.48947E+16,,,23/07/2016,23/07/2016,D,23/07/2016,NBNSYS0000006838,Omocestus viridulus,W702681,170250,68150,OSI,100,,Quarry site near Douglas,Leon van der Noll,,FALSE,FALSE,,Cork,,,,,,,,,,,,
2.40966E+16,,,22/08/1989,22/08/1989,D,22/08/1989,NBNSYS0000006838,Omocestus viridulus,V8369,83500,69500,OSI,1000,,Templenoe,"Arnold, H.; Eversham, B.; Green, S.G.",,FALSE,FALSE,,,201,,,,,,,,Biological Records Centre,,,
2.40966E+16,,,22/08/1989,22/08/1989,D,22/08/1989,NBNSYS0000006833,Tetrix undulata,V8369,83500,69500,OSI,1000,,Templenoe,"Arnold, H.; Eversham, B.; Green, S.G.",,FALSE,FALSE,,,201,,,,,,,,Biological Records Centre,,,
2.40966E+16,,,22/08/1989,22/08/1989,D,22/08/1989,NBNSYS0000006842,Chorthippus brunneus,V8369,83500,69500,OSI,1000,,Templenoe,"Arnold, H.; Eversham, B.; Green, S.G.",,FALSE,FALSE,,,201,,,,,,,,Biological Records Centre,,,
2.40966E+16,,,22/08/1989,22/08/1989,D,22/08/1989,NHMSYS0001387317,Forficula auricularia,V5070,50500,70500,OSI,1000,,"Kineigh House, SE of","Arnold, H.; Eversham, B.; Green, S.G.",,FALSE,FALSE,,,201,,,,,,,,Biological Records Centre,,,
2.40966E+16,,,22/08/1989,22/08/1989,D,22/08/1989,NBNSYS0000006833,Tetrix undulata,V5070,50500,70500,OSI,1000,,"Kineigh House, SE of","Arnold, H.; Eversham, B.; Green, S.G.",,FALSE,FALSE,,,201,,,,,,,,Biological Records Centre,,,
2.40966E+16,,,22/08/1989,22/08/1989,D,22/08/1989,NBNSYS0000006838,Omocestus viridulus,V5070,50500,70500,OSI,1000,,"Kineigh House, SE of","Arnold, H.; Eversham, B.; Green, S.G.",,FALSE,FALSE,,,201,,,,,,,,Biological Records Centre,,,
2.40966E+16,,,22/08/1989,22/08/1989,D,22/08/1989,NBNSYS0000006838,Omocestus viridulus,V9069,90500,69500,OSI,1000,,"Mucksna Mountain, N of","Arnold, H.; Eversham, B.; Green, S.G.",,FALSE,FALSE,,,201,,,,,,,,Biological Records Centre,,,
2.40966E+16,,,18/06/1990,18/06/1990,D,18/06/1990,NBNSYS0000006838,Omocestus viridulus,V9069,90500,69500,OSI,1000,,"Mucksna Mountain, N of","Arnold, H.; Eversham, B.; Green, S.G.",,FALSE,FALSE,,,201,,,,,,,,Biological Records Centre,,,
2.40966E+16,,,22/08/1989,22/08/1989,D,22/08/1989,NBNSYS0000006833,Tetrix undulata,V9069,90500,69500,OSI,1000,,"Mucksna Mountain, N of","Arnold, H.; Eversham, B.; Green, S.G.",,FALSE,FALSE,,,201,,,,,,,,Biological Records Centre,,,
2.40966E+16,,,22/08/1989,22/08/1989,D,22/08/1989,NBNSYS0000006842,Chorthippus brunneus,V9069,90500,69500,OSI,1000,,"Mucksna Mountain, N of","Arnold, H.; Eversham, B.; Green, S.G.",,FALSE,FALSE,,,201,,,,,,,,Biological Records Centre,,,
2.40966E+16,,,28/09/1984,28/09/1984,D,28/09/1984,NHMSYS0001387317,Forficula auricularia,W546687,154650,68750,OSI,100,,"Ovens,Killumney nr",,,FALSE,FALSE,,,204,,,,,,,,Biological Records Centre,,,
2.41065E+16,,,05/08/2007,05/08/2007,D,05/08/2007,NHMSYS0001387471,Tettigonia viridissima,W684687,168450,68750,OSI,100,,"Frankfield, Cork City",Michael O'Keeffe,,FALSE,FALSE,Images\24106532627023393.jpg,Cork,Mid-Cork,Flower beds and borders,,,Full report http://mokeeffe.tripod.com/id1.html,,,,,,,
2.40966E+16,,,06/08/2007,06/08/2007,D,06/08/2007,NHMSYS0001387471,Tettigonia viridissima,W684687,168450,68750,OSI,100,,"Frankfield, Cork City",Michael O'Keeffe,,FALSE,FALSE,Images\24096605481211554.jpg,Cork,Mid-Cork,Flower beds and borders,,,Full report http://mokeeffe.tripod.com/id1.html,,,,,,,
2.40966E+16,,,02/07/2014,02/07/2014,D,02/07/2014,NBNSYS0000006842,Chorthippus brunneus,W699687,169950,68750,OSI,100,,Douglas town (nearby forest),Leon van der Noll,,FALSE,FALSE,,Cork,,,,1,,,,,,,,
2.41065E+16,,,07/08/2012,07/08/2012,D,07/08/2012,NBNSYS0000006838,Omocestus viridulus,V912698,91250,69850,OSI,100,,"Riversdale, Kenmare",Clare Heardman,,FALSE,FALSE,,Kerry,South Kerry,Dry meadows and grassy verges,,<10,,,,,,,,
2.41065E+16,,,07/08/2012,07/08/2012,D,07/08/2012,NBNSYS0000006842,Chorthippus brunneus,V912698,91250,69850,OSI,100,,"Riversdale, Kenmare",Clare Heardman,,FALSE,FALSE,,Kerry,South Kerry,Dry meadows and grassy verges,,<10,,,,,,,,
2.41065E+16,,,07/08/2012,07/08/2012,D,07/08/2012,NBNSYS0000006833,Tetrix undulata,V912698,91250,69850,OSI,100,,"Riversdale, Kenmare",Clare Heardman,,FALSE,FALSE,,Kerry,South Kerry,Dry meadows and grassy verges,,<10,,,,,,,,
2.40966E+16,,,23/07/2004,23/07/2004,D,23/07/2004,NBNSYS0000006842,Chorthippus brunneus,W777688,177750,68850,OSI,100,,Marino Point,Martin Cawley,,FALSE,FALSE,,,,Urtica bordering rank grassland,,,,,,,,,,
2.40966E+16,,,23/07/2004,23/07/2004,D,23/07/2004,NHMSYS0001387317,Forficula auricularia,W777688,177750,68850,OSI,100,,Marino Point,Martin Cawley,,FALSE,FALSE,,,,Urtica bordering rank grassland,,,,,,,,,,
2.40966E+16,,,23/07/2004,23/07/2004,D,23/07/2004,NBNSYS0000006825,Leptophyes punctatissima,W777688,177750,68850,OSI,100,,Marino Point,Martin Cawley,,FALSE,FALSE,,,,Urtica bordering rank grassland,,,,,,,,,,
2.40966E+16,,,23/07/2004,23/07/2004,D,23/07/2004,NBNSYS0000006838,Omocestus viridulus,W777688,177750,68850,OSI,100,,Marino Point,Martin Cawley,,FALSE,FALSE,,,,Urtica bordering rank grassland,,,,,,,,,,
2.41065E+16,,,07/08/2012,07/08/2012,D,07/08/2012,NBNSYS0000006842,Chorthippus brunneus,V896702,89650,70250,OSI,100,,"Tubbrid, Kenmare",Clare Heardman,,FALSE,FALSE,,Kerry,South Kerry,Dry meadows and grassy verges,,<10,,,,,,,,
2.41065E+16,,,07/08/2012,07/08/2012,D,07/08/2012,NBNSYS0000006833,Tetrix undulata,V896702,89650,70250,OSI,100,,"Tubbrid, Kenmare",Clare Heardman,,FALSE,FALSE,,Kerry,South Kerry,Dry meadows and grassy verges,,<10,,,,,,,,
2.40966E+16,,,05/03/2002,05/03/2002,D,05/03/2002,NHMSYS0001387317,Forficula auricularia,W3769,137500,69500,OSI,1000,,Dromkeen,Martin Cawley,,FALSE,FALSE,,,,grassland,,,,,,,,,,
2.41065E+16,,,03/10/2012,03/10/2012,D,03/10/2012,NBNSYS0000006842,Chorthippus brunneus,V942702,94250,70250,OSI,100,,"Currabeg, Kenmare",Clare Heardman,,FALSE,FALSE,,Kerry,South Kerry,Dry meadows and grassy verges,,1,,,,,,,,
2.40966E+16,,,22/08/1989,22/08/1989,D,22/08/1989,NBNSYS0000006842,Chorthippus brunneus,V4871,48500,71500,OSI,1000,,Aghatubrid Bridge,"Arnold, H.; Eversham, B.; Green, S.G.",,FALSE,FALSE,,,201,,,,,,,,Biological Records Centre,,,
2.40966E+16,,,22/08/1989,22/08/1989,D,22/08/1989,NBNSYS0000006838,Omocestus viridulus,V4871,48500,71500,OSI,1000,,Aghatubrid Bridge,"Arnold, H.; Eversham, B.; Green, S.G.",,FALSE,FALSE,,,201,,,,,,,,Biological Records Centre,,,
2.48947E+16,,,27/09/2016,27/09/2016,D,27/09/2016,NBNSYS0000005380,Acanthoxyla inermis,V902706,90250,70650,OSI,100,,Kenmare,Gary Carpenter,,FALSE,FALSE,Images\24894664796555041.jpg,Kerry,South Kerry,,,,,,,,,,,
2.40966E+16,,,11/08/1990,11/08/1990,D,11/08/1990,NHMSYS0001387317,Forficula auricularia,X090695,209050,69550,OSI,100,,Knockadoon Head,"Alexander, K.N.A.",,FALSE,FALSE,,,205,,,,,,,,"Alexander, K.N.A.",,,
2.40966E+16,,,28/09/1984,28/09/1984,D,28/09/1984,NHMSYS0001387317,Forficula auricularia,W549699,154950,69950,OSI,100,,Ovens,"Fogan, Mrs M.; Rands, Mrs E.B.; Rundle, A.J.",,FALSE,FALSE,,,204,,,,,,,,Biological Records Centre,,,
2.40966E+16,,,26/07/2014,26/07/2014,D,26/07/2014,NBNSYS0000006838,Omocestus viridulus,W7770,177000,70000,OSI,1000,,Carrigrenan,Tom Gittings,,FALSE,FALSE,,Cork,,,Tom Gittings,,,,,,,,Visual/hand-net/auditory,
2.40966E+16,,,25/09/2004,25/09/2004,D,25/09/2004,NBNSYS0000006825,Leptophyes punctatissima,W8570,185000,70000,OSI,1000,,Ballyvodock East/Ballyvodock West,Tom Gittings,,FALSE,FALSE,,Cork,,,Tom Gittings,,Recorded using bat detector,,,,,,Visual/hand-net/auditory,
2.41065E+16,,,07/08/2012,07/08/2012,D,07/08/2012,NBNSYS0000006842,Chorthippus brunneus,V909712,90950,71250,OSI,100,,Kenmare,Clare Heardman,,FALSE,FALSE,,Kerry,South Kerry,Dry meadows and grassy verges,,<10,,,,,,,,
2.41065E+16,,,07/08/2012,07/08/2012,D,07/08/2012,NHMSYS0001387317,Forficula auricularia,V909712,90950,71250,OSI,100,,Kenmare,Clare Heardman,,FALSE,FALSE,,Kerry,South Kerry,Dry meadows and grassy verges,,1,,,,,,,,
2.34017E+16,,,07/07/1993,07/07/1993,D,07/07/1993,NBNSYS0000005380,Acanthoxyla inermis,V888714,88850,71450,OSI,100,,Claddananure,P. Covington,,FALSE,FALSE,,,,,,,,,,,"Biological Records Centre, UK",,,
2.34017E+16,,,29/07/1994,29/07/1994,D,29/07/1994,NBNSYS0000005380,Acanthoxyla inermis,V888714,88850,71450,OSI,100,,Claddananure,P. Covington,,FALSE,FALSE,,,,,,,,,,,"Biological Records Centre, UK",,,
2.40966E+16,,,29/07/1994,29/07/1994,D,29/07/1994,NBNSYS0000005380,Acanthoxyla inermis,V888714,88850,71450,OSI,100,,Claddananure/Claddananure,"Covington, P.",,FALSE,FALSE,,,201,,,,"Bright green 5"" long on red currant bush",,,,Biological Records Centre,,,
2.40966E+16,,,07/07/1993,07/07/1993,D,07/07/1993,NBNSYS0000005380,Acanthoxyla inermis,V888714,88850,71450,OSI,100,,Claddananure/Claddananure,"Covington, P.",,FALSE,FALSE,,,201,,,,first seen in garden,,,,Biological Records Centre,,,
2.34017E+16,,,31/08/2001,31/08/2001,D,31/08/2001,NBNSYS0000005380,Acanthoxyla inermis,W5970,159500,70500,OSI,1000,,Ballincollig,E .Quinn,,FALSE,FALSE,,,,,,,,,,,"Biological Records Centre, UK",,,
2.40966E+16,,,01/08/2001,31/08/2001,DD,01/08/2001 - 31/08/2001,NBNSYS0000005380,Acanthoxyla inermis,W5970,159500,70500,OSI,1000,,Ballincollig/Ballincollig,E. Quinn,,FALSE,FALSE,,,,,,,"Has video of stick-insect which shows cerci, so not discarded lab-stick. (1km square notional)",,,,,,,
2.40966E+16,,,08/06/2014,08/06/2014,D,08/06/2014,NBNSYS0000005380,Acanthoxyla inermis,W697704,169750,70450,OSI,100,,"Lake Lawn, Douglas, Cork",Orla McLean,,FALSE,FALSE,Images\24096605481210453.jpg,Cork,Mid-Cork,Built land,,,this very long stick insect was on my car yesterday afternoon. Longer than the length of my hand. Pink around the head.,,,,,,,
2.40966E+16,,,16/07/2014,16/07/2014,D,16/07/2014,NBNSYS0000006842,Chorthippus brunneus,W768704,176850,70450,OSI,100,,Little island,Leon van der Noll,,FALSE,FALSE,,Cork,,,,Nov-50,,,,,,,,
2.40966E+16,,,21/06/2004,21/06/2004,D,21/06/2004,NBNSYS0000006838,Omocestus viridulus,V7872,78000,72000,OSI,1000,,Gearha,Tom Gittings,,FALSE,FALSE,,Kerry,,,Tom Gittings,,,,,BIOFOREST,,,Visual/hand-net/auditory,
2.40966E+16,,,21/08/2004,21/08/2004,D,21/08/2004,NBNSYS0000006838,Omocestus viridulus,V7872,78000,72000,OSI,1000,,Gearha,Tom Gittings,,FALSE,FALSE,,Kerry,,,Tom Gittings,,,,,BIOFOREST,,,Visual/hand-net/auditory,
2.41065E+16,,,22/08/2012,22/08/2012,D,22/08/2012,NHMSYS0001387317,Forficula auricularia,W601709,160150,70950,OSI,100,,Ballincollig,Stephen Ryan,,FALSE,FALSE,,Cork,Mid-Cork,Built land,,1,Hiding in my barbecue!,,,,,,,
2.40966E+16,,,01/07/1975,31/07/1975,DD,01/07/1975 - 31/07/1975,NBNSYS0000006838,Omocestus viridulus,V795723,79550,72350,OSI,100,,Derreendarragh,"Stubbs, A.E.",,FALSE,FALSE,,,201,Marsh,"Stubbs, A.E.",,,,,,Biological Records Centre,,,
2.40966E+16,,,12/08/2013,12/08/2013,D,12/08/2013,NBNSYS0000006842,Chorthippus brunneus,W702710,170250,71050,OSI,100,,"Beaumont Quarry, Ballintemple, Cork city",Isobel Abbott,,FALSE,FALSE,Images\24096605481211556.jpg,Cork,Mid-Cork,Dry calcareous and neutral grassland,,,,,,,,,,
2.40966E+16,,,26/10/2003,26/10/2003,D,26/10/2003,NBNSYS0000006842,Chorthippus brunneus,W702710,170250,71050,OSI,100,,Ballintemple,Martin Cawley,,FALSE,FALSE,,,,limestone quarry,,,,,,,,,,
2.40966E+16,,,26/10/2003,26/10/2003,D,26/10/2003,NHMSYS0001387317,Forficula auricularia,W702710,170250,71050,OSI,100,,Ballintemple,Martin Cawley,,FALSE,FALSE,,,,limestone quarry,,,,,,,,,,
2.40966E+16,,,25/09/2004,25/09/2004,D,25/09/2004,NBNSYS0000006825,Leptophyes punctatissima,W8471,184000,71000,OSI,1000,,Ballintubbrid East,Tom Gittings,,FALSE,FALSE,,Cork,,,Tom Gittings,,Recorded using bat detector,,,,,,Visual/hand-net/auditory,
2.40966E+16,,,25/09/2004,25/09/2004,D,25/09/2004,NBNSYS0000006825,Leptophyes punctatissima,W8571,185000,71000,OSI,1000,,Ballyvodock East/Ballyvodock West,Tom Gittings,,FALSE,FALSE,,Cork,,,Tom Gittings,,Recorded using bat detector,,,,,,Visual/hand-net/auditory,
2.40966E+16,,,25/09/2004,25/09/2004,D,25/09/2004,NBNSYS0000006825,Leptophyes punctatissima,W8671,186000,71000,OSI,1000,,Baneshane/Ballyannan,Tom Gittings,,FALSE,FALSE,,Cork,,,Tom Gittings,,Recorded using bat detector,,,,,,Visual/hand-net/auditory,
2.40966E+16,,,31/05/2004,21/06/2004,DD,31/05/2004 - 21/06/2004,NBNSYS0000006833,Tetrix undulata,V78327257,78321,72573,OSI,10,,Gearha,Tom Gittings,,FALSE,FALSE,,Kerry,,,Tom Gittings,,,,,BIOFOREST,,,Malaise trap,
2.40966E+16,,,30/07/2004,21/08/2004,DD,30/07/2004 - 21/08/2004,NBNSYS0000006833,Tetrix undulata,V78327257,78321,72573,OSI,10,,Gearha,Tom Gittings,,FALSE,FALSE,,Kerry,,,Tom Gittings,1 Females,,,,BIOFOREST,,,Malaise trap,
2.40966E+16,,,01/06/1976,30/06/1976,DD,01/06/1976 - 30/06/1976,NBNSYS0000006838,Omocestus viridulus,V9472,94500,72500,OSI,1000,,Cready,"Williams, M.d.C.",,FALSE,FALSE,,,201,,"Williams, M.d.C.",,,,,,Biological Records Centre,,,
2.40966E+16,,,18/08/2001,18/08/2001,D,18/08/2001,NBNSYS0000006856,Blattella germanica,W6771,167500,71500,OSI,1000,,Cork City,Martin Cawley,,FALSE,FALSE,,,,restaurant,,,,,,,,,,
2.40966E+16,,,23/07/2004,23/07/2004,D,23/07/2004,NHMSYS0001387382,Labia minor,W787714,178750,71450,OSI,100,,Fota,Martin Cawley,,FALSE,FALSE,,,,dung heap in a field,,,,,,,,,,
2.41065E+16,,,19/08/2012,19/08/2012,D,19/08/2012,NBNSYS0000006838,Omocestus viridulus,V340742,34050,74250,OSI,100,,Valentia Island,Mark Callanan,,FALSE,FALSE,Images\24106532627023310.jpg,Kerry,South Kerry,Wet grassland,,<10,,,,,,,,
2.40966E+16,,,08/07/2014,08/07/2014,D,08/07/2014,NBNSYS0000006842,Chorthippus brunneus,W693716,169350,71650,OSI,100,,"Monahan road, Cork city",Leon van der Noll,,FALSE,FALSE,,Cork,,,,Nov-50,,,,,,,,
2.41065E+16,,,13/09/2012,13/09/2012,D,13/09/2012,NBNSYS0000006838,Omocestus viridulus,W186722,118650,72250,OSI,100,,"Knockrour East, Kenmare",Clare Heardman,,FALSE,FALSE,,Kerry,South Kerry,Lowland blanket bog,,<10,,,,,,,,
2.41065E+16,,,13/09/2012,13/09/2012,D,13/09/2012,NBNSYS0000006842,Chorthippus brunneus,W186722,118650,72250,OSI,100,,"Knockrour East, Kenmare",Clare Heardman,,FALSE,FALSE,,Kerry,South Kerry,Lowland blanket bog,,<10,,,,,,,,
2.40966E+16,,,04/09/1989,04/09/1989,D,04/09/1989,NBNSYS0000006838,Omocestus viridulus,V6473,64500,73500,OSI,1000,,Pulleen Lough,"Nelson, B.",,FALSE,FALSE,,,201,,"Nelson, B.",,,,,,"Widgery, J.",,,
2.40966E+16,,,04/09/1989,04/09/1989,D,04/09/1989,NBNSYS0000006838,Omocestus viridulus,V6473,64500,73500,OSI,1000,,Pullgen Lough,"Nelson, B.",,FALSE,FALSE,,,201,,"Nelson, B.",,,,,,"Nelson, B.",,,
2.40966E+16,,,01/08/2004,01/08/2004,D,01/08/2004,NBNSYS0000006838,Omocestus viridulus,W877717,187700,71700,OSI,100,,Ballyannan Wood,Tom Gittings,,FALSE,FALSE,,Cork,,,Tom Gittings,,,,,,,,Visual/hand-net/auditory,
2.40966E+16,,,25/09/2004,25/09/2004,D,25/09/2004,NBNSYS0000006825,Leptophyes punctatissima,W877718,187700,71800,OSI,100,,Ballyannan Wood,Tom Gittings,,FALSE,FALSE,,Cork,,,Tom Gittings,,Recorded using bat detector,,,,,,Visual/hand-net/auditory,
2.40966E+16,,,20/08/2004,20/08/2004,D,20/08/2004,NBNSYS0000006825,Leptophyes punctatissima,W877718,187700,71800,OSI,100,,Ballyannan Wood,Tom Gittings,,FALSE,FALSE,,Cork,,,Tom Gittings,"4 Males, 2 Females",Recorded using bat detector,,,,,,Visual/hand-net/auditory,
2.40966E+16,,,24/06/2006,24/06/2006,D,24/06/2006,NBNSYS0000006825,Leptophyes punctatissima,W877718,187700,71800,OSI,100,,Ballyannan Wood,Tom Gittings,,FALSE,FALSE,,Cork,,,Tom Gittings,,nymphs,,,,,,Visual/hand-net/auditory,
2.40966E+16,,,16/05/2015,21/05/2015,DD,16/05/2015 - 21/05/2015,NBNSYS0000006825,Leptophyes punctatissima,W631719,163150,71950,OSI,100,,Lee road,Leon van der Noll,,FALSE,FALSE,,Cork,,,,,,,,,,,,
2.48947E+16,,,04/08/2016,04/08/2016,D,04/08/2016,NBNSYS0000006825,Leptophyes punctatissima,W631719,163150,71950,OSI,100,,Lee road,Leon van der Noll,,FALSE,FALSE,,Cork,,,,,,,,,,,,
2.40966E+16,,,30/08/2010,30/08/2010,D,30/08/2010,NBNSYS0000006825,Leptophyes punctatissima,W877718,187750,71850,OSI,100,,Ballyannan Wood,Martin Cawley,,FALSE,FALSE,,,,mixed woodland,,,,,,,,,,
2.40966E+16,,,25/09/2004,25/09/2004,D,25/09/2004,NBNSYS0000006825,Leptophyes punctatissima,W877719,187700,71900,OSI,100,,Ballyannan Wood,Tom Gittings,,FALSE,FALSE,,Cork,,,Tom Gittings,,Recorded using bat detector,,,,,,Visual/hand-net/auditory,
2.40966E+16,,,19/07/2015,19/07/2015,D,19/07/2015,NBNSYS0000006838,Omocestus viridulus,W7872,178000,72000,OSI,1000,,Harper's Island,Tom Gittings,,FALSE,FALSE,,Cork,,,Tom Gittings,,,,,,,,Visual/hand-net/auditory,
2.40966E+16,,,19/07/2015,19/07/2015,D,19/07/2015,NBNSYS0000006842,Chorthippus brunneus,W7872,178000,72000,OSI,1000,,Harper's Island,Tom Gittings,,FALSE,FALSE,,Cork,,,Tom Gittings,,,,,,,,Visual/hand-net/auditory,
2.40966E+16,,,25/09/2004,25/09/2004,D,25/09/2004,NBNSYS0000006825,Leptophyes punctatissima,W8672,186000,72000,OSI,1000,,Baneshane,Tom Gittings,,FALSE,FALSE,,Cork,,,Tom Gittings,,Recorded using bat detector,,,,,,Visual/hand-net/auditory,
2.40966E+16,,,29/08/2006,29/08/2006,D,29/08/2006,NBNSYS0000006825,Leptophyes punctatissima,W8772,187000,72000,OSI,1000,,Ballyannan Wood,Tom Gittings,,FALSE,FALSE,,Cork,,,Tom Gittings,,Recorded using bat detector,,,,,,Visual/hand-net/auditory,
2.40966E+16,,,20/08/2004,20/08/2004,D,20/08/2004,NBNSYS0000006825,Leptophyes punctatissima,W873720,187300,72000,OSI,100,,Ballyannan Wood,Tom Gittings,,FALSE,FALSE,,Cork,,,Tom Gittings,2 Males,Recorded using bat detector,,,,,,Visual/hand-net/auditory,
2.40966E+16,,,06/09/2003,31/10/2003,DD,06/09/2003 - 31/10/2003,NBNSYS0000006825,Leptophyes punctatissima,W87547202,187540,72025,OSI,10,,Ballyannan Wood,Tom Gittings,,FALSE,FALSE,,Cork,,,Tom Gittings,1 Males,,,,,,,Malaise trap,
2.46738E+16,,,09/04/2016,09/04/2016,D,09/04/2016,NBNSYS0000006833,Tetrix undulata,W627721,162750,72150,OSI,100,,Lee road,Leon van der Noll,,FALSE,FALSE,,Cork,,,,<10,,,,,,,,
2.40966E+16,,,14/08/1996,14/08/1996,D,14/08/1996,NBNSYS0000006838,Omocestus viridulus,V7973,79500,73500,OSI,1000,,"Gearha, Co. Kerry.","Speight, M.C.D.",,FALSE,FALSE,,,201,,,,Grasshoppers and crickets of Ireland,,,,National Biodiversity Data Centre Ireland,,,
2.40966E+16,,,27/08/2005,28/10/2005,DD,27/08/2005 - 28/10/2005,NBNSYS0000006825,Leptophyes punctatissima,W88017217,188018,72179,OSI,10,,Ballyannan Wood,Tom Gittings,,FALSE,FALSE,,Cork,,,Tom Gittings,1 Males,,,,,,,Malaise trap,
2.40966E+16,,,20/08/2004,20/08/2004,D,20/08/2004,NBNSYS0000006825,Leptophyes punctatissima,W875722,187500,72200,OSI,100,,Ballyannan Wood,Tom Gittings,,FALSE,FALSE,,Cork,,,Tom Gittings,,Recorded using bat detector,,,,,,Visual/hand-net/auditory,
2.40966E+16,,,25/09/2004,25/09/2004,D,25/09/2004,NBNSYS0000006825,Leptophyes punctatissima,W875722,187500,72200,OSI,100,,Ballyannan Wood,Tom Gittings,,FALSE,FALSE,,Cork,,,Tom Gittings,,Recorded using bat detector,,,,,,Visual/hand-net/auditory,
2.40966E+16,,,25/09/2004,25/09/2004,D,25/09/2004,NBNSYS0000006825,Leptophyes punctatissima,W876722,187600,72200,OSI,100,,Ballyannan Wood,Tom Gittings,,FALSE,FALSE,,Cork,,,Tom Gittings,,Recorded using bat detector,,,,,,Visual/hand-net/auditory,
2.40966E+16,,,20/08/2004,20/08/2004,D,20/08/2004,NBNSYS0000006825,Leptophyes punctatissima,W876722,187600,72200,OSI,100,,Ballyannan Wood,Tom Gittings,,FALSE,FALSE,,Cork,,,Tom Gittings,,Recorded using bat detector,,,,,,Visual/hand-net/auditory,
2.40966E+16,,,01/08/2004,01/08/2004,D,01/08/2004,NBNSYS0000006825,Leptophyes punctatissima,W876722,187600,72200,OSI,100,,Ballyannan Wood,Tom Gittings,,FALSE,FALSE,,Cork,,,Tom Gittings,1 Males,,,,,,,Visual/hand-net/auditory,
2.40966E+16,,,25/09/2004,25/09/2004,D,25/09/2004,NBNSYS0000006825,Leptophyes punctatissima,W878722,187800,72200,OSI,100,,Ballyannan Wood,Tom Gittings,,FALSE,FALSE,,Cork,,,Tom Gittings,1 Males,Recorded using bat detector,,,,,,Visual/hand-net/auditory,
2.40966E+16,,,20/08/2004,20/08/2004,D,20/08/2004,NBNSYS0000006825,Leptophyes punctatissima,W875723,187500,72300,OSI,100,,Ballyannan Wood,Tom Gittings,,FALSE,FALSE,,Cork,,,Tom Gittings,,Recorded using bat detector,,,,,,Visual/hand-net/auditory,
2.40966E+16,,,20/08/2004,20/08/2004,D,20/08/2004,NBNSYS0000006825,Leptophyes punctatissima,W874724,187400,72400,OSI,100,,Ballyannan Wood,Tom Gittings,,FALSE,FALSE,,Cork,,,Tom Gittings,,Recorded using bat detector,,,,,,Visual/hand-net/auditory,
2.41065E+16,,,21/10/2012,21/10/2012,D,21/10/2012,NBNSYS0000006833,Tetrix undulata,V882737,88250,73750,OSI,100,,"Reenacallee, Kenmare",Clare Heardman,,FALSE,FALSE,,Kerry,South Kerry,,,1,On gravel/grass bog track.,,,,,,,
2.41065E+16,,,31/07/2012,31/07/2012,D,31/07/2012,NHMSYS0001387317,Forficula auricularia,W672726,167250,72650,OSI,100,,Cork,Tanya Slattery,,FALSE,FALSE,,Cork,,Improved grassland,,<10,"Ive actually found a few of them in my house on a few different occasions, its quiet a warm damp house.",,,,,,,
2.40966E+16,,,01/01/1999,31/12/1999,Y,1999,NBNSYS0000006827,Acheta domesticus,V47,45000,75000,OSI,10000,,"Valencia,Coombe Bank",O'Driscoll,,FALSE,FALSE,,,201,,,,,,,,"Harding, P.T.",,,INTRODUCTION
2.40966E+16,,,28/09/2004,28/09/2004,D,28/09/2004,NBNSYS0000006825,Leptophyes punctatissima,W728727,172800,72700,OSI,100,,Dunkettle,Tom Gittings,,FALSE,FALSE,,Cork,,,Tom Gittings,1 Males,Recorded using bat detector,,,,,,Visual/hand-net/auditory,
2.40966E+16,,,29/09/2004,29/09/2004,D,29/09/2004,NBNSYS0000006825,Leptophyes punctatissima,W728727,172800,72700,OSI,100,,Dunkettle,Tom Gittings,,FALSE,FALSE,,Cork,,,Tom Gittings,1 Males,Recorded using bat detector,,,,,,Visual/hand-net/auditory,
2.41065E+16,,,20/08/2012,20/08/2012,D,20/08/2012,NBNSYS0000006838,Omocestus viridulus,W309733,130950,73350,OSI,100,,Codrum,"Eugenie Regan, Stephen McCormack",,FALSE,FALSE,,Cork,,,,,,,,,,,,
2.41065E+16,,,20/08/2012,20/08/2012,D,20/08/2012,NBNSYS0000006839,Myrmeleotettix maculatus,W309733,130950,73350,OSI,100,,Codrum,"Eugenie Regan, Stephen McCormack",,FALSE,FALSE,,Cork,,,,,,,,,,,,
2.40966E+16,,,20/08/2004,20/08/2004,D,20/08/2004,NBNSYS0000006825,Leptophyes punctatissima,W874729,187400,72900,OSI,100,,Ballyannan Wood,Tom Gittings,,FALSE,FALSE,,Cork,,,Tom Gittings,,Recorded using bat detector,,,,,,Visual/hand-net/auditory,
2.40966E+16,,,01/01/1999,31/12/1999,Y,1999,NBNSYS0000006834,Stethophyma grossum,V57,55000,75000,OSI,10000,,Glencar Prebo-Waterville,,,FALSE,FALSE,,,201,,,,,,,,Biological Records Centre,,,
9.47987E+16,,,01/07/1977,31/07/1977,O,Jul-77,NBNSYS0000006838,Omocestus viridulus,V67,65000,75000,OSI,10000,,Ballaghisheen,John Paul,,FALSE,FALSE,,,South Kerry,,John Paul,1,,Voucher specimen,Adult,John Paul 2005. Unpublished field notes,Submitted directly to the Data Centre,,,
2.40966E+16,,,01/01/1977,31/12/1977,DD,01/01/1977 - 31/12/1977,NBNSYS0000006838,Omocestus viridulus,V67,65000,75000,OSI,10000,,"Ballaghisheen Pass,1m SW of","Paul, J.",,FALSE,FALSE,,,201,,"Paul, J.",,,,,,Biological Records Centre,,,
2.40966E+16,,,01/07/1977,31/07/1977,DD,01/07/1977 - 31/07/1977,NBNSYS0000006838,Omocestus viridulus,V67,65000,75000,OSI,10000,,Ballaghisheen,"Paul, J.",,FALSE,FALSE,,,201,moorland,"Paul, J.",,,,,,"Paul, J.",,,
2.40966E+16,,,19/01/2006,19/01/2006,D,19/01/2006,NHMSYS0001387317,Forficula auricularia,W4573,145500,73500,OSI,1000,,Coachford,Martin Cawley,,FALSE,FALSE,,,,waste ground,,,,,,,,,,
2.40966E+16,,,07/09/1976,07/09/1976,D,07/09/1976,NHMSYS0001387317,Forficula auricularia,W8873,188500,73500,OSI,1000,,Midleton,"Good, J.A.",,FALSE,FALSE,,,205,,"Good, J.A.",,,,,,Biological Records Centre,,,
2.40966E+16,,,24/08/1989,24/08/1989,D,24/08/1989,NBNSYS0000006842,Chorthippus brunneus,X0573,205500,73500,OSI,1000,,Crompaun Bridge,"Arnold, H.; Eversham, B.; Green, S.G.",,FALSE,FALSE,,,205,,,,,,,,Biological Records Centre,,,
2.40966E+16,,,24/08/1989,24/08/1989,D,24/08/1989,NHMSYS0001387317,Forficula auricularia,X0573,205500,73500,OSI,1000,,Crompaun Bridge,"Arnold, H.; Eversham, B.; Green, S.G.",,FALSE,FALSE,,,205,,,,,,,,Biological Records Centre,,,
2.40966E+16,,,17/10/2004,17/10/2004,D,17/10/2004,NHMSYS0001387382,Labia minor,W972738,197250,73850,OSI,100,,Castlemartyr,Martin Cawley,,FALSE,FALSE,,,,dung heap in a field,,,,,,,,,,
2.40966E+16,,,01/01/1920,31/12/1920,Y,1920,NBNSYS0000006833,Tetrix undulata,V97,95000,75000,OSI,10000,,Kenmare,,,FALSE,FALSE,,,201,,,,,,,,Biological Records Centre,,,
2.40966E+16,,,21/09/1984,21/09/1984,D,21/09/1984,NHMSYS0001387317,Forficula auricularia,W993740,199350,74050,OSI,100,,"Castlemartyr,2m ENE","Fogan, Mrs M.; Rands, Mrs E.B.; Rundle, A.J.",,FALSE,FALSE,,,205,,,,,,,,Biological Records Centre,,,
2.40966E+16,,,01/01/1693,31/12/1940,DD,01/01/1693 - 31/12/1940,NBNSYS0000006842,Chorthippus brunneus,W67,165000,75000,OSI,10000,,Cork,Clease,,FALSE,FALSE,,,204,,"Marshall, J.A.",,,,,,Biological Records Centre,,,
2.40966E+16,,,21/09/1984,21/09/1984,D,21/09/1984,NHMSYS0001387317,Forficula auricularia,X048749,204850,74950,OSI,100,,"Ballymadog,0.75m NW",,,FALSE,FALSE,,,205,,,,,,,,Biological Records Centre,,,
2.40966E+16,,,21/09/1984,21/09/1984,D,21/09/1984,NHMSYS0001387317,Forficula auricularia,X050750,205050,75050,OSI,100,,"Ballymadog,0.75m NW",,,FALSE,FALSE,,,205,,,,,,,,Biological Records Centre,,,
2.41065E+16,,,20/08/2012,20/08/2012,D,20/08/2012,NBNSYS0000006839,Myrmeleotettix maculatus,W237756,123750,75650,OSI,100,,Coolavokig,"Eugenie Regan, Stephen McCormack",,FALSE,FALSE,,Cork,,,,,,,,,,,,
2.40966E+16,,,24/08/1989,24/08/1989,D,24/08/1989,NBNSYS0000006842,Chorthippus brunneus,X0275,202500,75500,OSI,1000,,"Yellowford, NW of","Arnold, H.; Eversham, B.; Green, S.G.",,FALSE,FALSE,,,205,,,,,,,,Biological Records Centre,,,
2.40966E+16,,,24/08/1989,24/08/1989,D,24/08/1989,NHMSYS0001387317,Forficula auricularia,X0275,202500,75500,OSI,1000,,"Yellowford, NW of","Arnold, H.; Eversham, B.; Green, S.G.",,FALSE,FALSE,,,205,,,,,,,,Biological Records Centre,,,
2.40966E+16,,,13/07/2000,13/07/2000,D,13/07/2000,NHMSYS0001387317,Forficula auricularia,X100758,210050,75850,OSI,100,,Claycastle Strand nr. Youghal,Roy Anderson,,FALSE,FALSE,,,,Coastland: fore dunes,,abundant,Beaten from marram bases at dune edge.,,,,,,,
2.41065E+16,,,02/09/2012,02/09/2012,D,02/09/2012,NBNSYS0000006838,Omocestus viridulus,W641760,164150,76050,OSI,100,,Monard,Tim Butter,,FALSE,FALSE,,Cork,Mid-Cork,Semi-natural grassland,,<10,,,,,,,,
2.41065E+16,,,29/08/2012,29/08/2012,D,29/08/2012,NHMSYS0001387317,Forficula auricularia,W641760,164150,76050,OSI,100,,Monard,Tim Butter,,FALSE,FALSE,,Cork,Mid-Cork,Cultivated land,,Nov-50,,,,,,,,
2.40966E+16,,,22/08/1989,22/08/1989,D,22/08/1989,NHMSYS0001387317,Forficula auricularia,V4478,44500,78500,OSI,1000,,Reenard Cross,"Arnold, H.; Eversham, B.; Green, S.G.",,FALSE,FALSE,,,201,,,,,,,,Biological Records Centre,,,
2.40966E+16,,,22/08/1989,22/08/1989,D,22/08/1989,NBNSYS0000006838,Omocestus viridulus,V4478,44500,78500,OSI,1000,,Reenard Cross,"Arnold, H.; Eversham, B.; Green, S.G.",,FALSE,FALSE,,,201,,,,,,,,Biological Records Centre,,,
2.40966E+16,,,24/08/1989,24/08/1989,D,24/08/1989,NBNSYS0000006842,Chorthippus brunneus,X0876,208500,76500,OSI,1000,,Ballyvergan East,"Arnold, H.; Eversham, B.; Green, S.G.",,FALSE,FALSE,,,205,,,,,,,,Biological Records Centre,,,
2.40966E+16,,,30/07/2004,30/07/2004,D,30/07/2004,NHMSYS0001387317,Forficula auricularia,X102766,210250,76650,OSI,100,,Youghal,Martin Cawley,,FALSE,FALSE,,,,dry hillside,,,,,,,,,,
2.40966E+16,,,30/07/2004,30/07/2004,D,30/07/2004,NBNSYS0000006842,Chorthippus brunneus,X102766,210250,76650,OSI,100,,Youghal,Martin Cawley,,FALSE,FALSE,,,,dry hillside,,,,,,,,,,
2.40966E+16,,,30/07/2004,30/07/2004,D,30/07/2004,NBNSYS0000006838,Omocestus viridulus,X102766,210250,76650,OSI,100,,Youghal,Martin Cawley,,FALSE,FALSE,,,,dry hillside,,,,,,,,,,
9.47987E+16,,,17/09/1994,17/09/1994,D,17/09/1994,NBNSYS0000006834,Stethophyma grossum,V8478,84500,78500,OSI,1000,,"Knocknasallagh, bog",Mark G. Telfer,,FALSE,FALSE,,,South Kerry,,Mark G. Telfer,,,,Adult,Mark G. Telfer . General recording,Submitted directly to the Data Centre,,,
9.47987E+16,,,17/09/1994,17/09/1994,D,17/09/1994,NBNSYS0000006838,Omocestus viridulus,V8478,84500,78500,OSI,1000,,"Knocknasallagh, bog",Mark G. Telfer,,FALSE,FALSE,,,South Kerry,,Mark G. Telfer,,,,Adult,Mark G. Telfer . General recording,Submitted directly to the Data Centre,,,
9.47987E+16,,,15/09/1994,15/09/1994,D,15/09/1994,NBNSYS0000006842,Chorthippus brunneus,V8478,84500,78500,OSI,1000,,"Knocknasallagh, bog",Mark G. Telfer,,FALSE,FALSE,,,South Kerry,,Mark G. Telfer,,,,Adult,Mark G. Telfer . General recording,Submitted directly to the Data Centre,,,
9.47987E+16,,,17/09/1994,17/09/1994,D,17/09/1994,NBNSYS0000006842,Chorthippus brunneus,V8478,84500,78500,OSI,1000,,"Knocknasallagh, bog",Mark G. Telfer,,FALSE,FALSE,,,South Kerry,,Mark G. Telfer,,,,Adult,Mark G. Telfer . General recording,Submitted directly to the Data Centre,,,
2.40966E+16,,,23/09/1984,23/09/1984,D,23/09/1984,NHMSYS0001387317,Forficula auricularia,X189774,218950,77450,OSI,100,,"Ardmore Cathedral,churchyard","Fogan, Mrs M.; Rands, Mrs E.B.; Rundle, A.J.",,FALSE,FALSE,,,206,,,,,,,,Biological Records Centre,,,
2.40966E+16,,,18/10/2003,18/10/2003,D,18/10/2003,NBNSYS0000006842,Chorthippus brunneus,X1577,215500,77500,OSI,1000,,Whiting Bay,Martin Cawley,,FALSE,FALSE,,,,sandy foreshore,,,,,,,,,,
2.40966E+16,,,18/10/2003,18/10/2003,D,18/10/2003,NHMSYS0001387317,Forficula auricularia,X1577,215500,77500,OSI,1000,,Whiting Bay,Martin Cawley,,FALSE,FALSE,,,,sandy foreshore,,,,,,,,,,
2.40966E+16,,,04/11/2007,04/11/2007,D,04/11/2007,NHMSYS0001387317,Forficula auricularia,W197788,119750,78850,OSI,100,,"Slievereagh, Ballyvourney",Roy Anderson,,FALSE,FALSE,,,,"Rock: other natural exposure, acid/neutral",,1,Under moss on sandstone rocks.,,,,,,,
2.40966E+16,,,08/09/1989,08/09/1989,D,08/09/1989,NBNSYS0000006838,Omocestus viridulus,V915795,91550,79550,OSI,100,,"Galway's Bridge,S of",,,FALSE,FALSE,,,201,,,,,,,,"Turnbull, N.",,,NATIVE
2.40966E+16,,,08/09/1989,08/09/1989,D,08/09/1989,NBNSYS0000006833,Tetrix undulata,V915795,91550,79550,OSI,100,,"Galway's Bridge,S of",,,FALSE,FALSE,,,201,,,,,,,,"Turnbull, N.",,,NATIVE
2.40966E+16,,,08/09/1989,08/09/1989,D,08/09/1989,NBNSYS0000006834,Stethophyma grossum,V915795,91550,79550,OSI,100,,"Galway's Bridge,S of",,,FALSE,FALSE,,,201,,,,,,,,"Turnbull, N.",,,NATIVE
2.40966E+16,,,01/07/1975,31/07/1975,DD,01/07/1975 - 31/07/1975,NBNSYS0000006834,Stethophyma grossum,V904803,90450,80350,OSI,100,,"Lady's View,Lake SE of","Stubbs, A.E.",,FALSE,FALSE,,,202,,"Stubbs, A.E.",,,,,,Biological Records Centre,,,
2.40966E+16,,,01/07/1975,31/07/1975,DD,01/07/1975 - 31/07/1975,NBNSYS0000006842,Chorthippus brunneus,V904803,90450,80350,OSI,100,,"Lady's View,Lake SE of","Stubbs, A.E.",,FALSE,FALSE,,,202,,"Stubbs, A.E.",,,,,,Biological Records Centre,,,
2.40966E+16,,,12/04/2010,12/04/2010,D,12/04/2010,NBNSYS0000006833,Tetrix undulata,W764792,176466,79240,OSI,100,,Kilquane Bridge (nr. Knockraha),Tom Gittings,,FALSE,FALSE,,Cork,,,Tom Gittings,,,,,,,,Visual/hand-net/auditory,
2.40966E+16,,,01/01/1999,31/12/1999,Y,1999,NBNSYS0000006834,Stethophyma grossum,V9080,90500,80500,OSI,1000,,Derrycunihy nr Galway's Bridge,,,FALSE,FALSE,,,201,,"Cotton, D.C.F.",,,,,,Biological Records Centre,,,
2.40966E+16,,,23/09/1984,23/09/1984,D,23/09/1984,NHMSYS0001387317,Forficula auricularia,X203799,220350,79950,OSI,100,,"Curragh,0.75m NE","Fogan, Mrs M.; Rands, Mrs E.B.; Rundle, A.J.",,FALSE,FALSE,,,206,,,,,,,,Biological Records Centre,,,
2.40966E+16,,,02/09/2010,02/09/2010,D,02/09/2010,NBNSYS0000006824,Conocephalus dorsalis,X094800,209450,80050,OSI,100,,Foxhole,Martin Cawley,,FALSE,FALSE,,,,coastal marsh,,,,,,,,,,
2.40966E+16,,,01/09/1984,30/09/1984,DD,01/09/1984 - 30/09/1984,NBNSYS0000006834,Stethophyma grossum,V882815,88250,81550,OSI,100,,Derrycunnighy Wood,"Gibson, C.",,FALSE,FALSE,,,201,,"Gibson, C.",,,,,,Biological Records Centre,,,
2.40966E+16,,,04/09/2014,04/09/2014,D,04/09/2014,NBNSYS0000006834,Stethophyma grossum,V891816,89150,81650,OSI,100,,"Cahernabane, Upper Lake, Killarney National Park",Clare Heardman,,FALSE,FALSE,Images\24096605481210898.jpg,Kerry,,Lowland blanket bog,,<10,"At least 10 seen in a just a few minutes searching on the bog, including a mating pair.",,,,,,,
2.40966E+16,,,02/09/1998,02/09/1998,D,02/09/1998,NBNSYS0000006834,Stethophyma grossum,V980815,98050,81550,OSI,100,,"Looscaunagh Bog, Co. Kerry.","Speight, M.C.D.",,FALSE,FALSE,,,202,,,,Grasshoppers and crickets of Ireland,,,,National Biodiversity Data Centre Ireland,,,
2.40966E+16,,,25/09/1984,25/09/1984,D,25/09/1984,NHMSYS0001387317,Forficula auricularia,X093805,209350,80550,OSI,100,,"Clashmore,3m SW","Fogan, Mrs M.; Rands, Mrs E.B.; Rundle, A.J.",,FALSE,FALSE,,,205,,,,,,,,Biological Records Centre,,,
2.40966E+16,,,31/08/2004,31/08/2004,D,31/08/2004,NBNSYS0000006825,Leptophyes punctatissima,X097808,209750,80850,OSI,100,,Rincrew,Martin Cawley,,FALSE,FALSE,,,,rank vegetation on coastal hillside,,,,,,,,,,
9.47987E+16,,,01/07/1977,31/07/1977,O,Jul-77,NBNSYS0000006834,Stethophyma grossum,V8182,81500,82500,OSI,1000,,Black Valley,John Paul,,FALSE,FALSE,,,South Kerry,,John Paul,1,var. purple,Voucher specimen,Larval,John Paul 2005. Unpublished field notes,Submitted directly to the Data Centre,,,
2.40966E+16,,,01/10/2003,01/10/2003,D,01/10/2003,NBNSYS0000006825,Leptophyes punctatissima,X101812,210150,81250,OSI,100,,Tinnabinna,Martin Cawley,,FALSE,FALSE,,,,rank vegetation on coastal hillside,,,,,,,,,,
2.40966E+16,,,01/10/2003,01/10/2003,D,01/10/2003,NBNSYS0000006825,Leptophyes punctatissima,X094814,209450,81450,OSI,100,,Ardsallagh,Martin Cawley,,FALSE,FALSE,,,,rank vegetation on coastal hillside,,,,,,,,,,
2.40966E+16,,,01/10/2003,01/10/2003,D,01/10/2003,NBNSYS0000006842,Chorthippus brunneus,X094814,209450,81450,OSI,100,,Ardsallagh,Martin Cawley,,FALSE,FALSE,,,,rank vegetation on coastal hillside,,,,,,,,,,
2.40966E+16,,,01/10/2003,01/10/2003,D,01/10/2003,NHMSYS0001387317,Forficula auricularia,X094814,209450,81450,OSI,100,,Ardsallagh,Martin Cawley,,FALSE,FALSE,,,,rank vegetation on coastal hillside,,,,,,,,,,
2.40966E+16,,,10/08/1990,10/08/1990,D,10/08/1990,NHMSYS0001387317,Forficula auricularia,X2181,221500,81500,OSI,1000,,Ballyeelinan,"Alexander, K.N.A.",,FALSE,FALSE,,,206,,,,,,,,"Alexander, K.N.A.",,,
2.40966E+16,,,01/07/1975,31/07/1975,DD,01/07/1975 - 31/07/1975,NBNSYS0000006842,Chorthippus brunneus,V932826,93250,82650,OSI,100,,"Killarney,S of","Stubbs, A.E.",,FALSE,FALSE,,,202,,"Stubbs, A.E.",,,,,,Biological Records Centre,,,
2.40966E+16,,,01/07/1975,31/07/1975,DD,01/07/1975 - 31/07/1975,NBNSYS0000006834,Stethophyma grossum,V932826,93250,82650,OSI,100,,"Killarney,S of","Stubbs, A.E.",,FALSE,FALSE,,,202,,"Stubbs, A.E.",,,,,,Biological Records Centre,,,
2.40966E+16,,,06/09/2012,06/09/2012,D,06/09/2012,NBNSYS0000006838,Omocestus viridulus,X012821,201200,82100,OSI,100,,Ballynaheila,Tom Gittings,,FALSE,FALSE,,Cork,,,Tom Gittings,,,,,,personal records,,Visual/hand-net,
2.40966E+16,,,06/09/2012,06/09/2012,D,06/09/2012,NBNSYS0000006838,Omocestus viridulus,X012821,201200,82100,OSI,100,,Ballynaheila,Tom Gittings,,FALSE,FALSE,,Cork,,,Tom Gittings,,,,,,Personal records,,Visual/hand-net,
2.40966E+16,,,27/09/2004,27/09/2004,D,27/09/2004,NBNSYS0000006825,Leptophyes punctatissima,X080822,208000,82200,OSI,100,,Lackaroe,Tom Gittings,,FALSE,FALSE,,Waterford,,,Tom Gittings,,Recorded using bat detector,,,,,,Visual/hand-net/auditory,
2.40966E+16,,,21/09/1984,21/09/1984,D,21/09/1984,NHMSYS0001387317,Forficula auricularia,X081822,208150,82250,OSI,100,,R Blackwater,"Fogan, Mrs M.; Rands, Mrs E.B.; Rundle, A.J.",,FALSE,FALSE,,,206,,,,,,,,Biological Records Centre,,,
2.40966E+16,,,01/08/1976,31/08/1976,DD,01/08/1976 - 31/08/1976,NBNSYS0000006842,Chorthippus brunneus,X0782,207500,82500,OSI,1000,,R Blackwater+Glendine R,"Anderson, R.",,FALSE,FALSE,,,206,"Woodland,deciduous","Anderson, R.",,,,,,Biological Records Centre,,,
2.40966E+16,,,01/08/1976,31/08/1976,DD,01/08/1976 - 31/08/1976,NBNSYS0000006842,Chorthippus brunneus,X0782,207500,82500,OSI,1000,,"Youghal,R Blackwater","Anderson, R.",,FALSE,FALSE,,,206,,"Anderson, R.",,,,,,Biological Records Centre,,,
2.40966E+16,,,01/08/1976,31/08/1976,DD,01/08/1976 - 31/08/1976,NHMSYS0021351693,Roeseliana roeselii,X0782,207500,82500,OSI,1000,,"Glendine River,N bank","Anderson, R.",,FALSE,FALSE,,,206,Scrub,"Anderson, R.",,,,,,Biological Records Centre,,,
2.40966E+16,,,26/08/1976,26/08/1976,D,26/08/1976,NHMSYS0021351693,Roeseliana roeselii,X0782,207500,82500,OSI,1000,,"Cherrymount, Co. Waterford.","Anderson, R.",,FALSE,FALSE,,,206,,,,Grasshoppers and crickets of Ireland,,,,National Biodiversity Data Centre Ireland,,,
2.40966E+16,,,01/08/1976,31/08/1976,DD,01/08/1976 - 31/08/1976,NBNSYS0000006838,Omocestus viridulus,X0782,207500,82500,OSI,1000,,R Blackwater+Glendine R,"Anderson, R.",,FALSE,FALSE,,,206,"Woodland,deciduous","Anderson, R.",,,,,,Biological Records Centre,,,
2.40966E+16,,,29/08/1990,29/08/1990,D,29/08/1990,NHMSYS0021351693,Roeseliana roeselii,X074826,207450,82650,OSI,100,,"St Molona's Abbey,Blackwater River","Anderson, R.",,FALSE,FALSE,,,206,,"Anderson, R.",,,,,,"Anderson, R.",,,
2.40966E+16,,,28/09/1984,28/09/1984,D,28/09/1984,NHMSYS0001387317,Forficula auricularia,X056830,205650,83050,OSI,100,,"Newport,Cherrymount Farm","Fogan, Mrs M.; Rands, Mrs E.B.; Rundle, A.J.",,FALSE,FALSE,,,206,,,,,,,,Biological Records Centre,,,
2.40966E+16,,,25/09/1984,25/09/1984,D,25/09/1984,NHMSYS0001387317,Forficula auricularia,X162835,216250,83550,OSI,100,,"Grange,1.5m NNW","Fogan, Mrs M.; Rands, Mrs E.B.; Rundle, A.J.",,FALSE,FALSE,,,206,,,,,,,,Biological Records Centre,,,
2.40966E+16,,,13/09/2012,13/09/2012,D,13/09/2012,NBNSYS0000006842,Chorthippus brunneus,X037836,203700,83600,OSI,100,,Ballydaniel,Tom Gittings,,FALSE,FALSE,,Cork,,,Tom Gittings,,In dry heath,,,,Personal records,,Visual/hand-net,
2.40966E+16,,,13/09/2012,13/09/2012,D,13/09/2012,NBNSYS0000006842,Chorthippus brunneus,X037836,203700,83600,OSI,100,,Ballydaniel,Tom Gittings,,FALSE,FALSE,,Cork,,,Tom Gittings,,in dry heath,,,,personal records,,Visual/hand-net,
2.40966E+16,,,01/07/1977,31/07/1977,DD,01/07/1977 - 31/07/1977,NBNSYS0000006834,Stethophyma grossum,V88,85000,85000,OSI,10000,,Cummeenduff Glen,"Paul, J.",,FALSE,FALSE,,,201,Bog,"Paul, J.",,,,,,Biological Records Centre,,,
2.40966E+16,,,01/08/1940,31/08/1940,DD,01/08/1940 - 31/08/1940,NBNSYS0000006834,Stethophyma grossum,V88,85000,85000,OSI,10000,,Derrycunnighy,"Bullock, E.F.",,FALSE,FALSE,,,201,,"O'Connor, J.P.",,,,,,"Harding, P.T.",,,
2.40966E+16,,,01/01/1693,31/12/1905,DD,01/01/1693 - 31/12/1905,NBNSYS0000006833,Tetrix undulata,V98,95000,85000,OSI,10000,,Muckross,,,FALSE,FALSE,,,201,,"O'Connor, J.P.",,,,,,"Harding, P.T.",,,
2.40966E+16,,,01/04/1942,30/04/1942,DD,01/04/1942 - 30/04/1942,NBNSYS0000006827,Acheta domesticus,V98,95000,85000,OSI,10000,,"Killarney,Flesk","Bullock, E.F.",,FALSE,FALSE,,,202,,"Bullock, E.F.",,,,,,"Harding, P.T.",,,INTRODUCTION
2.40966E+16,,,19/09/1931,19/09/1931,D,19/09/1931,NHMSYS0001387418,Meconema thalassinum,V98,95000,85000,OSI,10000,,"Ross Wood,Killarney","Bullock, E.F.",,FALSE,FALSE,,,201,,"O'Connor, J.P.",,,,,,"Harding, P.T.",,,
2.40966E+16,,,01/08/1953,31/08/1953,DD,01/08/1953 - 31/08/1953,NHMSYS0001387418,Meconema thalassinum,V98,95000,85000,OSI,10000,,"Flesk,Killarney","Bullock, E.F.",,FALSE,FALSE,,,201,,"O'Connor, J.P.",,,,,,"Harding, P.T.",,,
2.40966E+16,,,01/01/1960,31/12/1999,DD,01/01/1960 - 31/12/1999,NBNSYS0000006839,Myrmeleotettix maculatus,V98,95000,85000,OSI,10000,,"Killarney,2.5m SE of","Macdonnell, L.M.",,FALSE,FALSE,,,202,,"Macdonnell, L.M.",,,,,,Biological Records Centre,,,
2.40966E+16,,,07/09/2012,07/09/2012,D,07/09/2012,NBNSYS0000006838,Omocestus viridulus,X017840,201700,84000,OSI,100,,Breeda,Tom Gittings,,FALSE,FALSE,,Cork,,,Tom Gittings,,,,,,Personal records,,Visual/hand-net,
2.40966E+16,,,07/09/2012,07/09/2012,D,07/09/2012,NBNSYS0000006838,Omocestus viridulus,X017840,201700,84000,OSI,100,,Breeda,Tom Gittings,,FALSE,FALSE,,Cork,,,Tom Gittings,,,,,,personal records,,Visual/hand-net,
2.40966E+16,,,06/09/1976,06/09/1976,D,06/09/1976,NBNSYS0000006833,Tetrix undulata,W08,105000,85000,OSI,10000,,"Lough Guitane,E bank","Pitkin, L.M.",,FALSE,FALSE,,,202,,"Marshall, J.A.",,,,,,Biological Records Centre,,,
2.40966E+16,,,06/09/1976,06/09/1976,D,06/09/1976,NBNSYS0000006839,Myrmeleotettix maculatus,W08,105000,85000,OSI,10000,,Lough Guitane,"Pitkin, L.M.",,FALSE,FALSE,,,201,,"Marshall, J.A.",,,,,,Biological Records Centre,,,
2.40966E+16,,,12/09/2012,12/09/2012,D,12/09/2012,NBNSYS0000006842,Chorthippus brunneus,X033844,203300,84400,OSI,100,,Ballydaniel,Tom Gittings,,FALSE,FALSE,,Cork,,,Tom Gittings,,In dry heath,,,,Personal records,,Visual/hand-net,
2.40966E+16,,,12/09/2012,12/09/2012,D,12/09/2012,NBNSYS0000006842,Chorthippus brunneus,X033844,203300,84400,OSI,100,,Ballydaniel,Tom Gittings,,FALSE,FALSE,,Cork,,,Tom Gittings,,in dry heath,,,,personal records,,Visual/hand-net,
2.41065E+16,,,11/09/2012,11/09/2012,D,11/09/2012,NHMSYS0021351693,Roeseliana roeselii,X096844,209650,84450,OSI,100,,Blackwater estuary wetlands,Elaine Dawson,,FALSE,FALSE,,Waterford,Waterford,Salt marshes,,Nov-50,,,,,,,,
2.40966E+16,,,31/08/2004,31/08/2004,D,31/08/2004,NHMSYS0001387317,Forficula auricularia,X1284,212500,84500,OSI,1000,,Clashmore,Martin Cawley,,FALSE,FALSE,,,,hedgerow,,,,,,,,,,
2.40966E+16,,,24/08/1989,24/08/1989,D,24/08/1989,NBNSYS0000006838,Omocestus viridulus,X1184,211500,84500,OSI,1000,,Khakitown,"Arnold, H.; Eversham, B.; Green, S.G.",,FALSE,FALSE,,,206,,,,,,,,Biological Records Centre,,,
2.40966E+16,,,24/08/1989,24/08/1989,D,24/08/1989,NHMSYS0001387317,Forficula auricularia,X1084,210500,84500,OSI,1000,,Ballynaclash,"Arnold, H.; Eversham, B.; Green, S.G.",,FALSE,FALSE,,,206,,,,,,,,Biological Records Centre,,,
2.40966E+16,,,24/08/1989,24/08/1989,D,24/08/1989,NBNSYS0000006842,Chorthippus brunneus,X1084,210500,84500,OSI,1000,,Ballynaclash,"Arnold, H.; Eversham, B.; Green, S.G.",,FALSE,FALSE,,,206,,,,,,,,Biological Records Centre,,,
1.01118E+17,,,11/06/2018,11/06/2018,D,11/06/2018,NHMSYS0001387418,Meconema thalassinum,V93858588,93855,85885,OSI,10,,"Muckross, Brickeen Bridge, Killarney Nat Pk",Brian Nelson,,FALSE,FALSE,,Kerry,North Kerry,Woodland,Brian Nelson,1,,,Nymph,,Field record,,swept/beaten,
2.40966E+16,,,01/01/1960,31/12/1999,DD,01/01/1960 - 31/12/1999,NBNSYS0000006842,Chorthippus brunneus,X28,225000,85000,OSI,10000,,"Youghal,11m E of","Macdonnell, L.M.",,FALSE,FALSE,,,206,,"Marshall, J.A.",,,,,,Biological Records Centre,,,
2.40966E+16,,,01/01/1960,31/12/1999,DD,01/01/1960 - 31/12/1999,NBNSYS0000006838,Omocestus viridulus,X28,225000,85000,OSI,10000,,"Youghal,11m E of","Macdonnell, L.M.",,FALSE,FALSE,,,206,,"Macdonnell, L.M.",,,,,,Biological Records Centre,,,
2.40966E+16,,,05/09/1989,05/09/1989,D,05/09/1989,NHMSYS0001387418,Meconema thalassinum,V9586,95500,86500,OSI,1000,,Muckross,"Kirby, Dr P.",,FALSE,FALSE,,,201,,"Kirby, Dr P.",,,,,,"Kirby, Dr P.",,,
2.40966E+16,,,05/09/1989,05/09/1989,D,05/09/1989,NBNSYS0000006838,Omocestus viridulus,V9586,95500,86500,OSI,1000,,Muckross,"Kirby, Dr P.",,FALSE,FALSE,,,201,,"Kirby, Dr P.",,,,,,"Kirby, Dr P.",,,
2.40966E+16,,,02/09/1981,02/09/1981,D,02/09/1981,NHMSYS0001387418,Meconema thalassinum,V9886,98500,86500,OSI,1000,,Muckross,"Kirby, Dr P.",,FALSE,FALSE,,,201,,"Kirby, Dr P.",,,,,,"Kirby, Dr P.",,,
2.40966E+16,,,01/06/1975,30/06/1975,DD,01/06/1975 - 30/06/1975,NHMSYS0001387418,Meconema thalassinum,V9088,90500,88500,OSI,1000,,"Tomies Wood,Lough Leane","Speight, M.C.D.",,FALSE,FALSE,,,201,,"Speight, M.C.D.",,,,,,Biological Records Centre,,,
2.40966E+16,,,26/06/1975,26/06/1975,D,26/06/1975,NHMSYS0001387418,Meconema thalassinum,V9088,90500,88500,OSI,1000,,"Tomies Wood, Tomies West, Co. Kerry.","Speight, M.C.D.",,FALSE,FALSE,,,202,,,,Grasshoppers and crickets of Ireland,,,,National Biodiversity Data Centre Ireland,,,
2.40966E+16,,,01/04/1978,30/04/1978,DD,01/04/1978 - 30/04/1978,NBNSYS0000006833,Tetrix undulata,V9388,93500,88500,OSI,1000,,Long Range Lake,"Williams, M.d.C.",,FALSE,FALSE,,,202,,"Williams, M.d.C.",,,,,,Biological Records Centre,,,
2.40966E+16,,,20/05/2011,21/05/2011,DD,20/05/2011 - 21/05/2011,NHMSYS0001387317,Forficula auricularia,V9488,94500,88500,OSI,1000,,Ross Island,Jervis Good,,FALSE,FALSE,,,,,,,BioBlitz Killarney - Others,,,,,,,
2.40966E+16,,,08/10/2012,08/10/2012,D,08/10/2012,NBNSYS0000006825,Leptophyes punctatissima,X311885,231150,88550,OSI,100,,"Cill an Fhuarthainn, An Rinn, Dun Garbhan",Crthach  Faolin ,,FALSE,FALSE,Images\24096605481210702.jpg,Waterford,Waterford,Buildings and artificial surfaces,,1,In the kitchen. Missing a leg,,,,,,,
2.40966E+16,,,23/09/1984,23/09/1984,D,23/09/1984,NHMSYS0001387317,Forficula auricularia,X308891,230850,89150,OSI,100,,Helvick Head,"Fogan, Mrs M.; Rands, Mrs E.B.; Rundle, A.J.",,FALSE,FALSE,,,206,,,,,,,,Biological Records Centre,,,
2.40966E+16,,,09/08/1990,09/08/1990,D,09/08/1990,NHMSYS0001387317,Forficula auricularia,X2789,227500,89500,OSI,1000,,"Whitehouse Bank, Dungarvan Harbour","Alexander, K.N.A.",,FALSE,FALSE,,,206,,,,,,,,"Alexander, K.N.A.",,,
2.40966E+16,,,20/08/2006,20/08/2006,D,20/08/2006,NHMSYS0001387317,Forficula auricularia,V989905,98950,90550,OSI,100,,Killarney,Martin Cawley,,FALSE,FALSE,,,,waste ground,,,,,,,,,,
2.40966E+16,,,20/08/2006,20/08/2006,D,20/08/2006,NBNSYS0000006838,Omocestus viridulus,V989905,98950,90550,OSI,100,,Killarney,Martin Cawley,,FALSE,FALSE,,,,waste ground,,,,,,,,,,
2.40966E+16,,,23/09/1984,23/09/1984,D,23/09/1984,NHMSYS0001387317,Forficula auricularia,X274896,227450,89650,OSI,100,,"Ringville,0.75m NNW",,,FALSE,FALSE,,,206,,,,,,,,Biological Records Centre,,,
2.40966E+16,,,21/08/1989,21/08/1989,D,21/08/1989,NHMSYS0001387317,Forficula auricularia,V6491,64500,91500,OSI,1000,,Rossbehy Strand,"Arnold, H.; Eversham, B.; Green, S.G.",,FALSE,FALSE,,,201,,,,,,,,Biological Records Centre,,,
2.40966E+16,,,29/08/1990,29/08/1990,D,29/08/1990,NBNSYS0000006842,Chorthippus brunneus,X270905,227050,90550,OSI,100,,"Dungarvan,Whitehouse Bank","Anderson, R.",,FALSE,FALSE,,,206,,"Anderson, R.",,,,,,"Anderson, R.",,,
2.40966E+16,,,29/08/1990,29/08/1990,D,29/08/1990,NBNSYS0000006838,Omocestus viridulus,X270905,227050,90550,OSI,100,,"Dungarvan,Whitehouse Bank","Anderson, R.",,FALSE,FALSE,,,206,,"Anderson, R.",,,,,,"Anderson, R.",,,
2.48947E+16,,,30/07/2016,30/07/2016,D,30/07/2016,NHMSYS0001387418,Meconema thalassinum,V951920,95150,92050,OSI,100,,Killarney,Ulla Harris,,FALSE,FALSE,,Kerry,North Kerry,,,1,,,,,,,,
2.40966E+16,,,28/08/2014,28/08/2014,D,28/08/2014,NHMSYS0001387418,Meconema thalassinum,V951920,95150,92050,OSI,100,,"Ballydowney , Killarney",Ulla Harris,,FALSE,FALSE,,Kerry,South Kerry,Buildings and artificial surfaces,,1,,,,,,,,
2.41065E+16,,,19/09/2012,19/09/2012,D,19/09/2012,NHMSYS0001387418,Meconema thalassinum,V952920,95250,92050,OSI,100,,Killarney,Ulla Harris,,FALSE,FALSE,,Kerry,South Kerry,Buildings and artificial surfaces,,<10,2 specimens resting overnight on my house wall,,,,,,,
2.40966E+16,,,11/05/2000,11/05/2000,D,11/05/2000,NHMSYS0001387317,Forficula auricularia,X2691,226500,91500,OSI,1000,,The Cunniger,Martin Cawley,,FALSE,FALSE,,,,sand dunes,,,,,,,,,,
2.40966E+16,,,11/05/2000,11/05/2000,D,11/05/2000,NBNSYS0000006842,Chorthippus brunneus,X2691,226500,91500,OSI,1000,,The Cunniger,Martin Cawley,,FALSE,FALSE,,,,sand dunes,,,,,,,,,,
2.40966E+16,,,01/06/1912,30/06/1912,DD,01/06/1912 - 30/06/1912,NHMSYS0001387317,Forficula auricularia,V29,25000,95000,OSI,10000,,Great Blasket Island,,,FALSE,FALSE,,,201,,"O'Connor, J.P.",,,,,,"Harding, P.T.",,,
2.40966E+16,,,01/06/1977,30/06/1977,DD,01/06/1977 - 30/06/1977,NBNSYS0000006838,Omocestus viridulus,V39,35000,95000,OSI,10000,,"Slea Head,Dingle Penin","Morgan, M.J.",,FALSE,FALSE,,,201,,"Morgan, M.J.",,,,,,Biological Records Centre,,,
2.40966E+16,,,29/03/2007,29/03/2007,D,29/03/2007,NHMSYS0001387317,Forficula auricularia,W154933,115450,93350,OSI,100,,Rathmore,Martin Cawley,,FALSE,FALSE,,,,mixed woodland,,,,,,,,,,
2.40966E+16,,,23/09/2003,23/09/2003,D,23/09/2003,NHMSYS0001387336,Forficula lesnei,X270930,227050,93050,OSI,100,,Abbeyside,Martin Cawley,,FALSE,FALSE,,,,waste ground,,,,,,,,,,
2.40966E+16,,,23/09/2003,23/09/2003,D,23/09/2003,NHMSYS0001387317,Forficula auricularia,X270930,227050,93050,OSI,100,,Abbeyside,Martin Cawley,,FALSE,FALSE,,,,waste ground,,,,,,,,,,
2.40966E+16,,,16/08/1998,16/08/1998,D,16/08/1998,NHMSYS0001387336,Forficula lesnei,X310932,231050,93250,OSI,100,,Clonea,"Cawley, M.",,FALSE,FALSE,,,206,,,,,,,,"Widgery, J.",,,NATIVE
2.40966E+16,,,13/09/1998,13/09/1998,D,13/09/1998,NHMSYS0001387336,Forficula lesnei,X310932,231050,93250,OSI,100,,Clonea,"Cawley, M.",,FALSE,FALSE,,,206,,,,,,,,"Widgery, J.",,,NATIVE
2.40966E+16,,,17/06/1990,17/06/1990,D,17/06/1990,NHMSYS0001387317,Forficula auricularia,V69,65000,95000,OSI,10000,,Rossbehy Island,"Arnold, H.; Eversham, B.; Green, S.G.",,FALSE,FALSE,,,201,,,,,,,,Biological Records Centre,,,
2.41065E+16,,,27/08/2012,27/08/2012,D,27/08/2012,NHMSYS0001387317,Forficula auricularia,V873945,87350,94550,OSI,100,,"Lahard, Beaufort, Killarney",Darren Reidy,,FALSE,FALSE,,Kerry,South Kerry,Buildings and artificial surfaces,,<10,"2 in my kitchen, 1 in my living room, 1 in my bathroom, all on the one day!",,,,,,,
2.40966E+16,,,01/06/1902,30/06/1902,DD,01/06/1902 - 30/06/1902,NBNSYS0000006833,Tetrix undulata,V79,75000,95000,OSI,10000,,Caragh Lake,"Donisthorpe, H.S.J.",,FALSE,FALSE,,,201,,"Burr, M.",,,,,,Biological Records Centre,,,
2.40966E+16,,,01/01/1960,31/12/1999,DD,01/01/1960 - 31/12/1999,NBNSYS0000006833,Tetrix undulata,V89,85000,95000,OSI,10000,,"Gap of Dunloe,nr R Laume 3m W of","Macdonnell, L.M.",,FALSE,FALSE,,,201,,"Macdonnell, L.M.",,,,,,Biological Records Centre,,,
2.40966E+16,,,01/01/1960,31/12/1999,DD,01/01/1960 - 31/12/1999,NBNSYS0000006842,Chorthippus brunneus,V89,85000,95000,OSI,10000,,"Gap of Dunloe,nr R Laune 3m W of","Macdonnell, L.M.",,FALSE,FALSE,,,201,,"Marshall, J.A.",,,,,,Biological Records Centre,,,
2.40966E+16,,,02/09/2012,02/09/2012,D,02/09/2012,NHMSYS0001387317,Forficula auricularia,X053937,205350,93750,OSI,100,,Ballinvella townland near Lismore,Eugene Kelly,,FALSE,FALSE,,Waterford,Waterford,Amenity grassland (improved),,,Sighting of live animal,,,,,,,
2.40966E+16,,,10/06/2009,10/06/2009,D,10/06/2009,NBNSYS0000006825,Leptophyes punctatissima,X277938,227750,93850,OSI,100,,Skehacrine,Martin Cawley,,FALSE,FALSE,,,,sandy grassland,,,,,,,,,,
2.40966E+16,,,17/06/1990,17/06/1990,D,17/06/1990,NBNSYS0000006839,Myrmeleotettix maculatus,V6995,69500,95500,OSI,1000,,"Lough Yganavan, west shore","Arnold, H.; Eversham, B.; Green, S.G.",,FALSE,FALSE,,,201,,,,,,,,Biological Records Centre,,,
2.40966E+16,,,17/06/1990,17/06/1990,D,17/06/1990,NBNSYS0000006833,Tetrix undulata,V6995,69500,95500,OSI,1000,,"Lough Yganavan, west shore","Arnold, H.; Eversham, B.; Green, S.G.",,FALSE,FALSE,,,201,,,,,,,,Biological Records Centre,,,
2.40966E+16,,,17/06/1990,17/06/1990,D,17/06/1990,NBNSYS0000006838,Omocestus viridulus,V6995,69500,95500,OSI,1000,,"Lough Yganavan, west shore","Arnold, H.; Eversham, B.; Green, S.G.",,FALSE,FALSE,,,201,,,,,,,,Biological Records Centre,,,
2.40966E+16,,,01/01/1920,31/12/1920,Y,1920,NBNSYS0000006834,Stethophyma grossum,V99,95000,95000,OSI,10000,,Killarney,,,FALSE,FALSE,,,202,,,,,,,,Biological Records Centre,,,
2.40966E+16,,,01/01/1693,31/12/1940,DD,01/01/1693 - 31/12/1940,NBNSYS0000006838,Omocestus viridulus,V99,95000,95000,OSI,10000,,Killarney area,"Richardson, A.",,FALSE,FALSE,,,202,,"Richardson, A.",,,,,,Biological Records Centre,,,
2.40966E+16,,,01/01/1960,31/12/1999,DD,01/01/1960 - 31/12/1999,NBNSYS0000006838,Omocestus viridulus,V99,95000,95000,OSI,10000,,"Killarney,Fossa Caravan Pk","Macdonnell, L.M.",,FALSE,FALSE,,,202,,"Macdonnell, L.M.",,,,,,Biological Records Centre,,,
2.40966E+16,,,01/01/1999,31/12/1999,Y,1999,NHMSYS0001387382,Labia minor,V99,95000,95000,OSI,10000,,Killarney,"Bullock, E.F.",,FALSE,FALSE,,,201,,"O'Connor, J.P.",,,,,,"Harding, P.T.",,,
2.40966E+16,,,01/01/1960,31/12/1999,DD,01/01/1960 - 31/12/1999,NBNSYS0000006842,Chorthippus brunneus,V99,95000,95000,OSI,10000,,"Killarney,Fossa Caravan Pk","Macdonnell, L.M.",,FALSE,FALSE,,,202,,"Marshall, J.A.",,,,,,Biological Records Centre,,,
2.40966E+16,,,01/09/1984,30/09/1984,DD,01/09/1984 - 30/09/1984,NBNSYS0000006842,Chorthippus brunneus,V343970,34350,97050,OSI,100,,Slea Head,"Gibson, C.",,FALSE,FALSE,,,201,,"Gibson, C.",,,,,,Biological Records Centre,,,
2.40966E+16,,,19/08/2001,19/08/2001,D,19/08/2001,NHMSYS0001387336,Forficula lesnei,X3394,233500,94500,OSI,1000,,Ballyvoyle Bridge,Martin Cawley,,FALSE,FALSE,,,,coastal bank,,,,,,,,,,
2.40966E+16,,,19/08/2001,19/08/2001,D,19/08/2001,NHMSYS0001387317,Forficula auricularia,X3394,233500,94500,OSI,1000,,Ballyvoyle Bridge,Martin Cawley,,FALSE,FALSE,,,,coastal bank,,,,,,,,,,
2.40966E+16,,,24/08/1989,24/08/1989,D,24/08/1989,NHMSYS0001387317,Forficula auricularia,X3194,231500,94500,OSI,1000,,Clonea Strand,"Arnold, H.; Eversham, B.; Green, S.G.",,FALSE,FALSE,,,206,,,,,,,,Biological Records Centre,,,
2.40966E+16,,,15/05/2005,15/05/2005,D,15/05/2005,NHMSYS0001387382,Labia minor,X2794,227500,94500,OSI,1000,,Dungarvan,Martin Cawley,,FALSE,FALSE,,,,dung heap in a field,,,,,,,,,,
2.40966E+16,,,01/01/1963,31/12/1963,DD,01/01/1963 - 31/12/1963,NBNSYS0000006838,Omocestus viridulus,W49,145000,95000,OSI,10000,,"Carrigane,quarry",,,FALSE,FALSE,,,204,,,,,,,,Biological Records Centre,,,
2.40966E+16,,,01/01/1964,31/12/1964,Y,1964,NBNSYS0000006838,Omocestus viridulus,W49,145000,95000,OSI,10000,,Carrigane,Goodhue,,FALSE,FALSE,,,204,,Goodhue,,,,,,"Andrewes, C.H.",,,
2.40966E+16,,,01/01/1964,31/12/1964,Y,1964,NBNSYS0000006838,Omocestus viridulus,W49,145000,95000,OSI,10000,,Carrigane,Goodhue,,FALSE,FALSE,,,204,,Goodhue,,,,,,Biological Records Centre,,,
2.40966E+16,,,01/01/1964,31/12/1964,Y,1964,NBNSYS0000006838,Omocestus viridulus,W59,155000,95000,OSI,10000,,Mallow,Goodhue,,FALSE,FALSE,,,204,,Goodhue,,,,,,Biological Records Centre,,,
2.40966E+16,,,01/01/1964,31/12/1964,Y,1964,NBNSYS0000006838,Omocestus viridulus,W59,155000,95000,OSI,10000,,Mallow,Goodhue,,FALSE,FALSE,,,204,,Goodhue,,,,,,"Andrewes, C.H.",,,
2.40966E+16,,,01/01/1963,31/12/1963,DD,01/01/1963 - 31/12/1963,NBNSYS0000006838,Omocestus viridulus,W59,155000,95000,OSI,10000,,"Mallow,quarry E of",,,FALSE,FALSE,,,204,,,,,,,,Biological Records Centre,,,
2.40966E+16,,,01/01/1963,31/12/1963,DD,01/01/1963 - 31/12/1963,NBNSYS0000006842,Chorthippus brunneus,W59,155000,95000,OSI,10000,,East Mallow,,,FALSE,FALSE,,,204,,,,,,,,Biological Records Centre,,,
2.40966E+16,,,01/01/1964,31/12/1964,Y,1964,NBNSYS0000006842,Chorthippus brunneus,W59,155000,95000,OSI,10000,,Mallow,Goodhue,,FALSE,FALSE,,,204,,Goodhue,,,,,,"Andrewes, C.H.",,,
2.40966E+16,,,01/01/1964,31/12/1964,Y,1964,NBNSYS0000006842,Chorthippus brunneus,W59,155000,95000,OSI,10000,,Mallow,Goodhue,,FALSE,FALSE,,,204,,Goodhue,,,,,,Biological Records Centre,,,
2.40966E+16,,,22/08/2007,22/08/2007,D,22/08/2007,NHMSYS0001387336,Forficula lesnei,X335949,233550,94950,OSI,100,,Ballyvoyle Bridge,Martin Cawley,,FALSE,FALSE,,,,coastal bank,,,,,,,,,,
2.40966E+16,,,22/08/2007,22/08/2007,D,22/08/2007,NBNSYS0000006825,Leptophyes punctatissima,X335949,233550,94950,OSI,100,,Ballyvoyle Bridge,Martin Cawley,,FALSE,FALSE,,,,coastal bank,,,,,,,,,,
2.40966E+16,,,01/01/1960,31/12/1999,DD,01/01/1960 - 31/12/1999,NBNSYS0000006842,Chorthippus brunneus,X29,225000,95000,OSI,10000,,"Dungarvan,4.5m NE of","Macdonnell, L.M.",,FALSE,FALSE,,,206,,"Marshall, J.A.",,,,,,Biological Records Centre,,,
2.40966E+16,,,01/01/1960,31/12/1999,DD,01/01/1960 - 31/12/1999,NBNSYS0000006838,Omocestus viridulus,X29,225000,95000,OSI,10000,,"Dungarvan,4.5m NE of","Macdonnell, L.M.",,FALSE,FALSE,,,206,,"Macdonnell, L.M.",,,,,,Biological Records Centre,,,
2.40966E+16,,,04/08/1928,04/08/1928,D,04/08/1928,NHMSYS0001387382,Labia minor,X29,225000,95000,OSI,10000,,"Dungarvan,nr","Stelfox, A.W.",,FALSE,FALSE,,,206,,"Stelfox, A.W.",,,,,,"Harding, P.T.",,,
2.40966E+16,,,01/01/1920,31/12/1920,Y,1920,NBNSYS0000006825,Leptophyes punctatissima,W89,185000,95000,OSI,10000,,Fermoy,,,FALSE,FALSE,,,205,,,,,,,,Biological Records Centre,,,
2.40966E+16,,,01/07/1894,31/07/1894,DD,01/07/1894 - 31/07/1894,NBNSYS0000006825,Leptophyes punctatissima,W89,185000,95000,OSI,10000,,Fermoy,,,FALSE,FALSE,,,205,,,,,,,,Biological Records Centre,,,
2.40966E+16,,,07/07/1894,07/07/1894,D,07/07/1894,NBNSYS0000006825,Leptophyes punctatissima,W89,185000,95000,OSI,10000,,"Fermoy, East Cork.","Harding, P.T.",,FALSE,FALSE,,,205,,,,Grasshoppers and crickets of Ireland,,,,National Biodiversity Data Centre Ireland,,,
2.40966E+16,,,24/08/1989,24/08/1989,D,24/08/1989,NHMSYS0001387317,Forficula auricularia,X2695,226500,95500,OSI,1000,,"Ballyneety, S of","Arnold, H.; Eversham, B.; Green, S.G.",,FALSE,FALSE,,,206,,,,,,,,Biological Records Centre,,,
2.48947E+16,,,04/08/2016,04/08/2016,D,04/08/2016,NBNSYS0000006842,Chorthippus brunneus,W991959,199150,95950,OSI,100,,"Knocknamuck North, Tallow",Colette O'Flynn,,FALSE,FALSE,,Waterford,Waterford,,,1,Found indoors,,,,,,,
2.40966E+16,,,21/08/1989,21/08/1989,D,21/08/1989,NBNSYS0000006838,Omocestus viridulus,V5598,55500,98500,OSI,1000,,Kilmurry Castle,"Arnold, H.; Eversham, B.; Green, S.G.",,FALSE,FALSE,,,201,,,,,,,,Biological Records Centre,,,
2.40966E+16,,,21/08/1989,21/08/1989,D,21/08/1989,NBNSYS0000006833,Tetrix undulata,V5598,55500,98500,OSI,1000,,Kilmurry Castle,"Arnold, H.; Eversham, B.; Green, S.G.",,FALSE,FALSE,,,201,,,,,,,,Biological Records Centre,,,
2.40966E+16,,,21/08/1989,21/08/1989,D,21/08/1989,NBNSYS0000006842,Chorthippus brunneus,V5598,55500,98500,OSI,1000,,Kilmurry Castle,"Arnold, H.; Eversham, B.; Green, S.G.",,FALSE,FALSE,,,201,,,,,,,,Biological Records Centre,,,
2.40966E+16,,,01/07/1975,31/07/1975,DD,01/07/1975 - 31/07/1975,NBNSYS0000006838,Omocestus viridulus,V954976,95450,97650,OSI,100,,Barry's Glen,"Stubbs, A.E.",,FALSE,FALSE,,,202,,"Stubbs, A.E.",,,,,,Biological Records Centre,,,
2.40966E+16,,,01/09/1984,30/09/1984,DD,01/09/1984 - 30/09/1984,NBNSYS0000006842,Chorthippus brunneus,V6698,66500,98500,OSI,1000,,"Inch,Strand","Gibson, C.",,FALSE,FALSE,,,201,,"Gibson, C.",,,,,,Biological Records Centre,,,
2.40966E+16,,,17/08/2004,17/08/2004,D,17/08/2004,NBNSYS0000006838,Omocestus viridulus,W5197,151000,97000,OSI,1000,,Mallow Sugar Lagoons,Tom Gittings,,FALSE,FALSE,,Cork,,,Tom Gittings,,,,,,,,Visual/hand-net/auditory,
2.40966E+16,,,01/09/1979,30/09/1979,DD,01/09/1979 - 30/09/1979,NBNSYS0000006842,Chorthippus brunneus,X7497,274500,97500,OSI,1000,,Hook Head,"Cotton, D.C.F.",,FALSE,FALSE,,,212,,"Cotton, D.C.F.",,,,,,Biological Records Centre,,,
2.40966E+16,,,01/10/1984,31/10/1984,DD,01/10/1984 - 31/10/1984,NBNSYS0000006839,Myrmeleotettix maculatus,V655990,65550,99050,OSI,100,,"Inch,Strand","Gibson, C.",,FALSE,FALSE,,,201,,"Gibson, C.",,,,,,Biological Records Centre,,,
2.40966E+16,,,10/07/2000,10/07/2000,D,10/07/2000,NBNSYS0000006825,Leptophyes punctatissima,X380974,238050,97450,OSI,100,,Ballyvoony Bridge,Martin Cawley,,FALSE,FALSE,,,,rank vegetation on coastal hillside,,,,,,,,,,
2.41065E+16,,,10/08/2012,10/08/2012,D,10/08/2012,NHMSYS0001387317,Forficula auricularia,X375977,237550,97750,OSI,100,,"Stradballymore, Stradbally",Eugenie Regan,,FALSE,FALSE,,Waterford,Waterford,,,,,,,,,,,
2.40966E+16,,,21/08/1989,21/08/1989,D,21/08/1989,NHMSYS0001387317,Forficula auricularia,V6599,65500,99500,OSI,1000,,Insh,"Arnold, H.; Eversham, B.; Green, S.G.",,FALSE,FALSE,,,201,,,,,,,,Biological Records Centre,,,
2.40966E+16,,,21/08/1989,21/08/1989,D,21/08/1989,NBNSYS0000006839,Myrmeleotettix maculatus,V6599,65500,99500,OSI,1000,,Insh,"Arnold, H.; Eversham, B.; Green, S.G.",,FALSE,FALSE,,,201,,,,,,,,Biological Records Centre,,,
2.40966E+16,,,20/08/1989,20/08/1989,D,20/08/1989,NHMSYS0001387317,Forficula auricularia,Q3700,37500,100500,OSI,1000,,Ventry,"Arnold, H.; Eversham, B.; Green, S.G.",,FALSE,FALSE,,,201,,,,,,,,Biological Records Centre,,,
2.40966E+16,,,20/08/1989,20/08/1989,D,20/08/1989,NBNSYS0000006838,Omocestus viridulus,Q3700,37500,100500,OSI,1000,,Ventry,"Arnold, H.; Eversham, B.; Green, S.G.",,FALSE,FALSE,,,201,,,,,,,,Biological Records Centre,,,
2.41065E+16,,,16/09/2012,16/09/2012,D,16/09/2012,NHMSYS0001387317,Forficula auricularia,X115981,211550,98150,OSI,100,,cappoquin,Ann Marie Coghlan,,FALSE,FALSE,,Waterford,Waterford,Stone walls and other stonework,,Nov-50,by the stone house,,,,,,,
2.40966E+16,,,26/07/1976,26/07/1976,D,26/07/1976,NHMSYS0001387317,Forficula auricularia,X4598,245500,98500,OSI,1000,,Knockmahon,"Good, J.A.",,FALSE,FALSE,,,206,,"Good, J.A.",,,,,,Biological Records Centre,,,
2.40966E+16,,,24/08/1989,24/08/1989,D,24/08/1989,NBNSYS0000006842,Chorthippus brunneus,X4398,243500,98500,OSI,1000,,Bunmahon Bay,"Arnold, H.; Eversham, B.; Green, S.G.",,FALSE,FALSE,,,206,,,,,,,,Biological Records Centre,,,
2.40966E+16,,,24/08/1989,24/08/1989,D,24/08/1989,NHMSYS0001387317,Forficula auricularia,X4398,243500,98500,OSI,1000,,Bunmahon Bay,"Arnold, H.; Eversham, B.; Green, S.G.",,FALSE,FALSE,,,206,,,,,,,,Biological Records Centre,,,
2.41065E+16,,,22/08/2012,22/08/2012,D,22/08/2012,NHMSYS0001387317,Forficula auricularia,X049983,204950,98350,OSI,100,,"Lismore, Co. Waterford",Dairiona Lee,,FALSE,FALSE,,Waterford,Waterford,Flower beds and borders,,<10,,,,,,,,
2.40966E+16,,,19/07/2013,19/07/2013,D,19/07/2013,NBNSYS0000006842,Chorthippus brunneus,X451986,245150,98650,OSI,100,,Knockmahon clifftop east of Bunmahon,Brian Nelson,,FALSE,FALSE,,,Waterford,,Brian Nelson,,,,,,,,,
9.94202E+16,,,19/07/2013,19/07/2013,D,19/07/2013,NBNSYS0000006842,Chorthippus brunneus,X451986,245150,98650,OSI,100,,Knockmahon clifftop east of Bunmahon,Brian Nelson,,FALSE,FALSE,,Waterford,Waterford,,Brian Nelson,,,,,Orthoptera Atlas,,,,
2.40966E+16,,,23/09/2001,23/09/2001,D,23/09/2001,NHMSYS0001387317,Forficula auricularia,X0498,204500,98500,OSI,1000,,Lismore,Martin Cawley,,FALSE,FALSE,,,,deciduous woodland,,,,,,,,,,
2.40966E+16,,,20/09/1984,20/09/1984,D,20/09/1984,NHMSYS0001387317,Forficula auricularia,X431987,243150,98750,OSI,100,,Bunmahon,"Fogan, Mrs M.; Rands, Mrs E.B.; Rundle, A.J.",,FALSE,FALSE,,,206,,,,,,,,Biological Records Centre,,,
2.40966E+16,,,16/06/1990,16/06/1990,D,16/06/1990,NHMSYS0001387317,Forficula auricularia,Q6400,64500,100500,OSI,1000,,"Inch, north end","Arnold, H.; Eversham, B.; Green, S.G.",,FALSE,FALSE,,,201,,,,,,,,Biological Records Centre,,,
2.40966E+16,,,16/06/1990,16/06/1990,D,16/06/1990,NBNSYS0000006838,Omocestus viridulus,Q6400,64500,100500,OSI,1000,,"Inch, north end","Arnold, H.; Eversham, B.; Green, S.G.",,FALSE,FALSE,,,201,,,,,,,,Biological Records Centre,,,
2.41065E+16,,,26/08/2012,26/08/2012,D,26/08/2012,NHMSYS0001387317,Forficula auricularia,X434988,243450,98850,OSI,100,,"Bunmahon, Co. Waterford",Stephen McCormack,,FALSE,FALSE,,Waterford,Waterford,,,,,,,,,,,
2.40966E+16,,,21/08/1989,21/08/1989,D,21/08/1989,NBNSYS0000006838,Omocestus viridulus,Q6500,65500,100500,OSI,1000,,Insh,"Arnold, H.; Eversham, B.; Green, S.G.",,FALSE,FALSE,,,201,,,,,,,,Biological Records Centre,,,
2.40966E+16,,,17/06/1990,17/06/1990,D,17/06/1990,NHMSYS0001387317,Forficula auricularia,Q6900,69500,100500,OSI,1000,,Cromane Point,"Arnold, H.; Eversham, B.; Green, S.G.",,FALSE,FALSE,,,201,,,,,,,,Biological Records Centre,,,
2.40966E+16,,,17/06/1990,17/06/1990,D,17/06/1990,NHMSYS0001387317,Forficula auricularia,Q7000,70500,100500,OSI,1000,,Cromane Point,"Arnold, H.; Eversham, B.; Green, S.G.",,FALSE,FALSE,,,202,,,,,,,,Biological Records Centre,,,
2.40966E+16,,,21/08/1989,21/08/1989,D,21/08/1989,NHMSYS0001387317,Forficula auricularia,Q8200,82500,100500,OSI,1000,,Miltown,"Arnold, H.; Eversham, B.; Green, S.G.",,FALSE,FALSE,,,202,,,,,,,,Biological Records Centre,,,
2.40966E+16,,,21/03/2000,21/03/2000,D,21/03/2000,NHMSYS0001387317,Forficula auricularia,W825991,182550,99150,OSI,100,,Carrickabrick,Martin Cawley,,FALSE,FALSE,,,,deciduous woodland,,,,,,,,,,
2.40966E+16,,,01/09/1984,30/09/1984,DD,01/09/1984 - 30/09/1984,NBNSYS0000006838,Omocestus viridulus,Q630011,63050,101150,OSI,100,,Inch,"Gibson, C.",,FALSE,FALSE,,,201,,"Gibson, C.",,,,,,Biological Records Centre,,,
2.40966E+16,,,01/09/1984,30/09/1984,DD,01/09/1984 - 30/09/1984,NBNSYS0000006842,Chorthippus brunneus,Q630011,63050,101150,OSI,100,,Inch,"Gibson, C.",,FALSE,FALSE,,,201,,"Gibson, C.",,,,,,Biological Records Centre,,,
2.40966E+16,,,01/09/1984,30/09/1984,DD,01/09/1984 - 30/09/1984,NBNSYS0000006833,Tetrix undulata,Q630011,63050,101150,OSI,100,,Inch,"Gibson, C.",,FALSE,FALSE,,,201,,"Gibson, C.",,,,,,Biological Records Centre,,,
2.40966E+16,,,12/09/1989,12/09/1989,D,12/09/1989,NBNSYS0000006833,Tetrix undulata,Q3002,30500,102500,OSI,1000,,Clogher Head,"Kirby, Dr P.",,FALSE,FALSE,,,201,,"Kirby, Dr P.",,,,,,"Kirby, Dr P.",,,
2.40966E+16,,,12/09/1989,12/09/1989,D,12/09/1989,NBNSYS0000006839,Myrmeleotettix maculatus,Q3002,30500,102500,OSI,1000,,Clogher Head,"Kirby, Dr P.",,FALSE,FALSE,,,201,,"Kirby, Dr P.",,,,,,"Kirby, Dr P.",,,
2.40966E+16,,,01/09/1984,30/09/1984,DD,01/09/1984 - 30/09/1984,NBNSYS0000006839,Myrmeleotettix maculatus,Q630015,63050,101550,OSI,100,,Inch,"Gibson, C.",,FALSE,FALSE,,,201,,"Gibson, C.",,,,,,Biological Records Centre,,,
2.40966E+16,,,30/08/1990,30/08/1990,D,30/08/1990,NBNSYS0000006842,Chorthippus brunneus,S615004,261550,100450,OSI,100,,Tramore Dunes,"Anderson, R.",,FALSE,FALSE,,,206,,"Anderson, R.",,,,,,"Anderson, R.",,,
9.47987E+16,,,26/06/2006,26/06/2006,D,26/06/2006,NHMSYS0001387286,Chorthippus albomarginatus,S5900,259500,100500,OSI,1000,,Tramore Strand,Mark G. Telfer,,FALSE,FALSE,,,Waterford,,Mark G. Telfer,,,,Nymph,"Mark G. Telfer 2006. Belted Beauty larval survey, Ireland",Submitted directly to the Data Centre,,,
2.40966E+16,,,01/09/1984,30/09/1984,DD,01/09/1984 - 30/09/1984,NBNSYS0000006842,Chorthippus brunneus,Q308030,30850,103050,OSI,100,,Clogher Head,"Gibson, C.",,FALSE,FALSE,,,201,,"Gibson, C.",,,,,,Biological Records Centre,,,
2.40966E+16,,,24/08/1989,24/08/1989,D,24/08/1989,NBNSYS0000006842,Chorthippus brunneus,S4100,241500,100500,OSI,1000,,Seafield House,"Arnold, H.; Eversham, B.; Green, S.G.",,FALSE,FALSE,,,206,,,,,,,,Biological Records Centre,,,
2.40966E+16,,,24/08/1989,24/08/1989,D,24/08/1989,NHMSYS0001387317,Forficula auricularia,S4100,241500,100500,OSI,1000,,Seafield House,"Arnold, H.; Eversham, B.; Green, S.G.",,FALSE,FALSE,,,206,,,,,,,,Biological Records Centre,,,
2.40966E+16,,,24/08/1989,24/08/1989,D,24/08/1989,NBNSYS0000006838,Omocestus viridulus,S4100,241500,100500,OSI,1000,,Seafield House,"Arnold, H.; Eversham, B.; Green, S.G.",,FALSE,FALSE,,,206,,,,,,,,Biological Records Centre,,,
2.40966E+16,,,20/08/1990,20/08/1990,D,20/08/1990,NBNSYS0000006838,Omocestus viridulus,S690011,269050,101150,OSI,100,,Dunmore East,"Anderson, R.",,FALSE,FALSE,,,206,,"Anderson, R.",,,,,,"Anderson, R.",,,
2.40966E+16,,,20/08/1990,20/08/1990,D,20/08/1990,NBNSYS0000006842,Chorthippus brunneus,S690011,269050,101150,OSI,100,,Dunmore East,"Anderson, R.",,FALSE,FALSE,,,206,,"Anderson, R.",,,,,,"Anderson, R.",,,
9.94202E+16,,,18/06/2019,18/06/2019,D,18/06/2019,NHMSYS0001387317,Forficula auricularia,S595010,259550,101050,OSI,100,,Tramore,Brian Nelson,,FALSE,FALSE,,Waterford,Waterford,,Brian Nelson,,,,,,,,,
9.94202E+16,,,19/07/2013,19/07/2013,D,19/07/2013,NHMSYS0001387317,Forficula auricularia,S530014,253050,101450,OSI,100,,Fennor Bog,Brian Nelson,,FALSE,FALSE,,Waterford,Waterford,,Brian Nelson,,,,,,,,,
2.40966E+16,,,31/08/1990,31/08/1990,D,31/08/1990,NBNSYS0000006842,Chorthippus brunneus,T101026,310150,102650,OSI,100,,Carnsore Point,"Anderson, R.",,FALSE,FALSE,,,212,,"Anderson, R.",,,,,,"Anderson, R.",,,
2.40966E+16,,,01/08/1974,31/08/1974,DD,01/08/1974 - 31/08/1974,NBNSYS0000006842,Chorthippus brunneus,Q30,35000,105000,OSI,10000,,"Ballyferriter,Dingle Penin",,,FALSE,FALSE,,,201,,,,,,,,Biological Records Centre,,,
2.40966E+16,,,08/07/1988,08/07/1988,D,08/07/1988,NBNSYS0000006839,Myrmeleotettix maculatus,Q30,35000,105000,OSI,10000,,"Clogher Head, Co. Kerry.","Speight, M.C.D.",,FALSE,FALSE,,,201,,,,Grasshoppers and crickets of Ireland,,,,National Biodiversity Data Centre Ireland,,,
2.40966E+16,,,01/08/1974,31/08/1974,DD,01/08/1974 - 31/08/1974,NBNSYS0000006839,Myrmeleotettix maculatus,Q30,35000,105000,OSI,10000,,"Ballyferriter,Dingle Penin",,,FALSE,FALSE,,,201,,,,,,,,Biological Records Centre,,,
2.40966E+16,,,01/08/1974,31/08/1974,DD,01/08/1974 - 31/08/1974,NBNSYS0000006838,Omocestus viridulus,Q30,35000,105000,OSI,10000,,"Ballyferriter,Dingle Penin",,,FALSE,FALSE,,,201,,,,,,,,Biological Records Centre,,,
2.40966E+16,,,25/08/1989,25/08/1989,D,25/08/1989,NHMSYS0001387317,Forficula auricularia,T1003,310500,103500,OSI,1000,,Barnawheel,"Arnold, H.; Eversham, B.; Green, S.G.",,FALSE,FALSE,,,212,,,,,,,,Biological Records Centre,,,
2.40966E+16,,,25/08/1989,25/08/1989,D,25/08/1989,NBNSYS0000006842,Chorthippus brunneus,T1003,310500,103500,OSI,1000,,Barnawheel,"Arnold, H.; Eversham, B.; Green, S.G.",,FALSE,FALSE,,,212,,,,,,,,Biological Records Centre,,,
2.40966E+16,,,25/08/1989,25/08/1989,D,25/08/1989,NBNSYS0000006842,Chorthippus brunneus,T0903,309500,103500,OSI,1000,,Barnawheel,"Arnold, H.; Eversham, B.; Green, S.G.",,FALSE,FALSE,,,212,,,,,,,,Biological Records Centre,,,
2.40966E+16,,,25/08/1989,25/08/1989,D,25/08/1989,NHMSYS0001387317,Forficula auricularia,T0903,309500,103500,OSI,1000,,Barnawheel,"Arnold, H.; Eversham, B.; Green, S.G.",,FALSE,FALSE,,,212,,,,,,,,Biological Records Centre,,,
2.40966E+16,,,22/09/1984,22/09/1984,D,22/09/1984,NHMSYS0001387317,Forficula auricularia,S335024,233550,102450,OSI,100,,"Lemybrien,by over R Tay",,,FALSE,FALSE,,,206,,,,,,,,Biological Records Centre,,,
2.40966E+16,,,31/08/1990,31/08/1990,D,31/08/1990,NBNSYS0000006842,Chorthippus brunneus,S962034,296250,103450,OSI,100,,"The Cull,Kilmore Quay","Anderson, R.",,FALSE,FALSE,,,212,,"Anderson, R.",,,,,,"Anderson, R.",,,
2.40966E+16,,,31/08/1990,31/08/1990,D,31/08/1990,NBNSYS0000006838,Omocestus viridulus,S962034,296250,103450,OSI,100,,"The Cull,Kilmore Quay","Anderson, R.",,FALSE,FALSE,,,212,,"Anderson, R.",,,,,,"Anderson, R.",,,
9.94202E+16,,,19/07/2013,19/07/2013,D,19/07/2013,NHMSYS0001387317,Forficula auricularia,S538028,253850,102850,OSI,100,,Ballyscanlan Lake,Brian Nelson,,FALSE,FALSE,,Waterford,Waterford,,Brian Nelson,,,,,,,,,
2.40966E+16,,,01/01/1960,31/12/1999,DD,01/01/1960 - 31/12/1999,NBNSYS0000006839,Myrmeleotettix maculatus,Q40,45000,105000,OSI,10000,,"Dingle,Peninsula","Newman, P.M.",,FALSE,FALSE,,,201,,"Newman, P.M.",,,,,,Biological Records Centre,,,
2.40966E+16,,,01/01/1960,31/12/1999,DD,01/01/1960 - 31/12/1999,NBNSYS0000006838,Omocestus viridulus,Q40,45000,105000,OSI,10000,,"Dingle,Peninsula","Newman, P.M.",,FALSE,FALSE,,,201,,"Newman, P.M.",,,,,,Biological Records Centre,,,
2.40966E+16,,,27/08/1980,27/08/1980,D,27/08/1980,NHMSYS0001387317,Forficula auricularia,T121038,312150,103850,OSI,100,,Carnsore Point,"O'Connor, J.P.",,FALSE,FALSE,,,212,,"O'Connor, J.P.",,,,,,"Harding, P.T.",,,
2.40966E+16,,,24/08/1990,24/08/1990,D,24/08/1990,NBNSYS0000006842,Chorthippus brunneus,S584029,258450,102950,OSI,100,,Rickardstown House,"Anderson, R.",,FALSE,FALSE,,,206,,"Anderson, R.",,,,,,"Anderson, R.",,,
2.40966E+16,,,24/08/1990,24/08/1990,D,24/08/1990,NBNSYS0000006842,Chorthippus brunneus,S584029,258450,102950,OSI,100,,Pickardstown House,"Anderson, R.",,FALSE,FALSE,,,206,,"Anderson, R.",,,,,,"Anderson, R.",,,
2.40966E+16,,,24/08/1990,24/08/1990,D,24/08/1990,NBNSYS0000006838,Omocestus viridulus,S584029,258450,102950,OSI,100,,Pickardstown House,"Anderson, R.",,FALSE,FALSE,,,206,,"Anderson, R.",,,,,,"Anderson, R.",,,
2.40966E+16,,,24/08/1990,24/08/1990,D,24/08/1990,NBNSYS0000006838,Omocestus viridulus,S544030,254450,103050,OSI,100,,Ballyscanlan Lake,"Anderson, R.",,FALSE,FALSE,,,206,,"Anderson, R.",,,,,,"Anderson, R.",,,
2.40966E+16,,,24/08/1990,24/08/1990,D,24/08/1990,NBNSYS0000006842,Chorthippus brunneus,S544030,254450,103050,OSI,100,,Ballyscanlan Lake,"Anderson, R.",,FALSE,FALSE,,,206,,"Anderson, R.",,,,,,"Anderson, R.",,,
2.40966E+16,,,24/08/1990,24/08/1990,D,24/08/1990,NBNSYS0000006838,Omocestus viridulus,S540030,254050,103050,OSI,100,,Ballyscanlan L,"Anderson, R.",,FALSE,FALSE,,,206,,"Anderson, R.",,,,,,"Anderson, R.",,,
2.40966E+16,,,21/08/1989,21/08/1989,D,21/08/1989,NHMSYS0001387317,Forficula auricularia,Q3705,37500,105500,OSI,1000,,Smerwick Harbour,"Arnold, H.; Eversham, B.; Green, S.G.",,FALSE,FALSE,,,201,,,,,,,,Biological Records Centre,,,
2.40966E+16,,,21/08/1989,21/08/1989,D,21/08/1989,NHMSYS0001387317,Forficula auricularia,Q7704,77500,104500,OSI,1000,,"Shana Hill, S of","Arnold, H.; Eversham, B.; Green, S.G.",,FALSE,FALSE,,,202,,,,,,,,Biological Records Centre,,,
2.40966E+16,,,01/08/1974,31/08/1974,DD,01/08/1974 - 31/08/1974,NBNSYS0000006838,Omocestus viridulus,Q60,65000,105000,OSI,10000,,"Inch,Dingle Penin",,,FALSE,FALSE,,,201,Grassland,,,,,,,Biological Records Centre,,,
2.40966E+16,,,01/08/1974,31/08/1974,DD,01/08/1974 - 31/08/1974,NBNSYS0000006842,Chorthippus brunneus,Q60,65000,105000,OSI,10000,,"Inch,Dingle Penin",,,FALSE,FALSE,,,201,Grassland,,,,,,,Biological Records Centre,,,
9.47987E+16,,,01/09/1993,30/09/1993,O,Sept-93,NBNSYS0000006838,Omocestus viridulus,Q60,65000,105000,OSI,10000,,Inch dunes,Unknown,,FALSE,FALSE,,,South Kerry,,Mark G. Telfer,,,Pitfall trap,Adult,Mark G. Telfer . General recording,Submitted directly to the Data Centre,,,
2.40966E+16,,,01/09/1972,30/09/1972,DD,01/09/1972 - 30/09/1972,NBNSYS0000006842,Chorthippus brunneus,T1004,310500,104500,OSI,1000,,Barnawheel,"Harding, P.T.",,FALSE,FALSE,,,212,Sand dune,"Skelton, M.J.L.",,,,,,Biological Records Centre,,,
2.40966E+16,,,01/08/1979,31/08/1979,DD,01/08/1979 - 31/08/1979,NBNSYS0000006842,Chorthippus brunneus,T1004,310500,104500,OSI,1000,,Lady's Island Lake,"Cotton, D.C.F.",,FALSE,FALSE,,,212,,"Cotton, D.C.F.",,,,,,Biological Records Centre,,,
1.01118E+17,,,11/07/2017,11/07/2017,D,11/07/2017,NBNSYS0000006824,Conocephalus dorsalis,T09970478,309975,104785,OSI,10,,Lady's Island Lake,Brian Nelson,,FALSE,FALSE,,Wexford,Wexford,saltmarsh,Brian Nelson,present,,,Adult,,,,Field record,
2.40966E+16,,,21/08/1989,21/08/1989,D,21/08/1989,NHMSYS0001387317,Forficula auricularia,Q3406,34500,106500,OSI,1000,,Ballyoughteragh,"Arnold, H.; Eversham, B.; Green, S.G.",,FALSE,FALSE,,,201,,,,,,,,Biological Records Centre,,,
2.40966E+16,,,01/01/1960,31/12/1999,DD,01/01/1960 - 31/12/1999,NBNSYS0000006842,Chorthippus brunneus,S90,295000,105000,OSI,10000,,Kilmore Quay,"Macdonnell, L.M.",,FALSE,FALSE,,,212,,"Marshall, J.A.",,,,,,Biological Records Centre,,,
9.47987E+16,,,27/06/2006,27/06/2006,D,27/06/2006,NBNSYS0000006842,Chorthippus brunneus,S90,295000,105000,OSI,10000,,Ballyteige Burrow,Mark G. Telfer,,FALSE,FALSE,,,Wexford,,Mark G. Telfer,,,,Nymph,"Mark G. Telfer 2006. Belted Beauty larval survey, Ireland",Submitted directly to the Data Centre,,,
9.47987E+16,,,27/06/2006,27/06/2006,D,27/06/2006,NHMSYS0001387317,Forficula auricularia,S90,295000,105000,OSI,10000,,Ballyteige Burrow NR,Mark G. Telfer,,FALSE,FALSE,,,Wexford,,Mark G. Telfer,1,,,Adult,"Mark G. Telfer 2006. Belted Beauty larval survey, Ireland",Submitted directly to the Data Centre,,,
9.94202E+16,,,15/08/2017,15/08/2017,D,15/08/2017,NBNSYS0000006833,Tetrix undulata,S949050,294950,105050,OSI,100,,Ballyteige Burrow Nature Reserve,Brian Nelson,,FALSE,FALSE,,Wexford,Wexford,,Brian Nelson,,,,,,,,,
9.94202E+16,,,15/08/2017,15/08/2017,D,15/08/2017,NHMSYS0001387317,Forficula auricularia,S949050,294950,105050,OSI,100,,Ballyteige Burrow Nature Reserve,Brian Nelson,,FALSE,FALSE,,Wexford,Wexford,,Brian Nelson,,,,,,,,,
9.94202E+16,,,15/08/2017,15/08/2017,D,15/08/2017,NBNSYS0000006842,Chorthippus brunneus,S949050,294950,105050,OSI,100,,Ballyteige Burrow Nature Reserve,Brian Nelson,,FALSE,FALSE,,Wexford,Wexford,,Brian Nelson,,,,,Orthoptera Atlas,,,,
2.40966E+16,,,10/04/2014,10/04/2014,D,10/04/2014,NBNSYS0000006833,Tetrix undulata,R859042,185950,104250,OSI,100,,Macroney upper nr kill worth,Jan Robert Baars,,FALSE,FALSE,,Cork,East Cork,Highly modified/non-native woodland,,,Eucalyptus forestry,,,,,,,
2.40966E+16,,,21/08/1990,21/08/1990,D,21/08/1990,NHMSYS0001387317,Forficula auricularia,T0805,308500,105500,OSI,1000,,Lady's Island Lake,"Alexander, K.N.A.",,FALSE,FALSE,,,212,,,,,,,,"Alexander, K.N.A.",,,
2.40966E+16,,,25/08/1989,25/08/1989,D,25/08/1989,NHMSYS0001387317,Forficula auricularia,T0605,306500,105500,OSI,1000,,Tacumshin Lake,"Arnold, H.; Eversham, B.; Green, S.G.",,FALSE,FALSE,,,212,,,,,,,,Biological Records Centre,,,
2.40966E+16,,,01/10/1980,31/10/1980,DD,01/10/1980 - 31/10/1980,NBNSYS0000006842,Chorthippus brunneus,T0605,306500,105500,OSI,1000,,Tacumshin L,"Cotton, D.C.F.",,FALSE,FALSE,,,212,,"Cotton, D.C.F.",,,,,,Biological Records Centre,,,
2.40966E+16,,,25/08/1989,25/08/1989,D,25/08/1989,NBNSYS0000006842,Chorthippus brunneus,T0605,306500,105500,OSI,1000,,Tacumshin Lake,"Arnold, H.; Eversham, B.; Green, S.G.",,FALSE,FALSE,,,212,,,,,,,,Biological Records Centre,,,
2.40966E+16,,,01/10/1974,31/10/1974,DD,01/10/1974 - 31/10/1974,NBNSYS0000006842,Chorthippus brunneus,T0305,303500,105500,OSI,1000,,,"Speight, M.C.D.",,FALSE,FALSE,,,212,Lake shore,"Speight, M.C.D.",,,,,,Biological Records Centre,,,
2.40966E+16,,,18/10/1974,18/10/1974,D,18/10/1974,NBNSYS0000006842,Chorthippus brunneus,T0305,303500,105500,OSI,1000,,"Tilladavin, Co. Wexford.","Speight, M.C.D.",,FALSE,FALSE,,,212,,,,Grasshoppers and crickets of Ireland,,,,National Biodiversity Data Centre Ireland,,,
2.40966E+16,,,07/08/2014,07/08/2014,D,07/08/2014,NBNSYS0000006842,Chorthippus brunneus,T0305,303500,105500,OSI,1000,,Tacumshin,Brian Nelson,,FALSE,FALSE,,,Wexford,,Brian Nelson,,,,,,,,,
2.40966E+16,,,07/08/2014,07/08/2014,D,07/08/2014,NBNSYS0000006824,Conocephalus dorsalis,T0305,303500,105500,OSI,1000,,Tacumshin,Brian Nelson,,FALSE,FALSE,,,Wexford,,Brian Nelson,,,,,,,,,
2.40966E+16,,,07/08/2014,07/08/2014,D,07/08/2014,NBNSYS0000006838,Omocestus viridulus,T0305,303500,105500,OSI,1000,,Tacumshin,Brian Nelson,,FALSE,FALSE,,,Wexford,,Brian Nelson,,,,,,,,,
9.94202E+16,,,07/08/2014,07/08/2014,D,07/08/2014,NBNSYS0000006824,Conocephalus dorsalis,T0305,303500,105500,OSI,1000,,Tacumshin,Brian Nelson,,FALSE,FALSE,,Wexford,Wexford,,Brian Nelson,,,,,Orthoptera Atlas,,,,
9.94202E+16,,,07/08/2014,07/08/2014,D,07/08/2014,NBNSYS0000006838,Omocestus viridulus,T0305,303500,105500,OSI,1000,,Tacumshin,Brian Nelson,,FALSE,FALSE,,Wexford,Wexford,,Brian Nelson,,,,,Orthoptera Atlas,,,,
9.94202E+16,,,07/08/2014,07/08/2014,D,07/08/2014,NBNSYS0000006842,Chorthippus brunneus,T0305,303500,105500,OSI,1000,,Tacumshin,Brian Nelson,,FALSE,FALSE,,Wexford,Wexford,,Brian Nelson,,,,,Orthoptera Atlas,,,,
9.94202E+16,,,07/08/2014,07/08/2014,D,07/08/2014,NHMSYS0001387317,Forficula auricularia,T0305,303500,105500,OSI,1000,,Tacumshin,Brian Nelson,,FALSE,FALSE,,Wexford,Wexford,,Brian Nelson,,,,,,,,,
2.40966E+16,,,23/08/1990,23/08/1990,D,23/08/1990,NBNSYS0000006838,Omocestus viridulus,S599048,259950,104850,OSI,100,,Ballykinsella,"Anderson, R.",,FALSE,FALSE,,,206,,"Anderson, R.",,,,,,"Anderson, R.",,,
2.40966E+16,,,23/08/1990,23/08/1990,D,23/08/1990,NBNSYS0000006842,Chorthippus brunneus,S599048,259950,104850,OSI,100,,Ballykinsella,"Anderson, R.",,FALSE,FALSE,,,206,,"Anderson, R.",,,,,,"Anderson, R.",,,
2.40966E+16,,,21/08/1990,21/08/1990,D,21/08/1990,NBNSYS0000006842,Chorthippus brunneus,S694050,269450,105050,OSI,100,,Woodstown House,"Anderson, R.",,FALSE,FALSE,,,206,,"Anderson, R.",,,,,,"Anderson, R.",,,
9.47987E+16,,,26/06/2006,26/06/2006,D,26/06/2006,NHMSYS0001387317,Forficula auricularia,S60,265000,105000,OSI,10000,,Tramore Strand,Mark G. Telfer,,FALSE,FALSE,,,Waterford,,Mark G. Telfer,2,,,Adult,"Mark G. Telfer 2006. Belted Beauty larval survey, Ireland",Submitted directly to the Data Centre,,,
2.40966E+16,,,06/08/2014,06/08/2014,D,06/08/2014,NBNSYS0000006838,Omocestus viridulus,S9505,295500,105500,OSI,1000,,Ballyteige,Brian Nelson,,FALSE,FALSE,,,Wexford,,Brian Nelson,,,,,,,,,
2.40966E+16,,,06/08/2014,06/08/2014,D,06/08/2014,NBNSYS0000006842,Chorthippus brunneus,S9505,295500,105500,OSI,1000,,Ballyteige,Brian Nelson,,FALSE,FALSE,,,Wexford,,Brian Nelson,,,,,,,,,
9.94202E+16,,,06/08/2014,06/08/2014,D,06/08/2014,NHMSYS0001387317,Forficula auricularia,S9505,295500,105500,OSI,1000,,Ballyteige,Brian Nelson,,FALSE,FALSE,,Wexford,Wexford,,Brian Nelson,,,,,,,,,
9.94202E+16,,,06/08/2014,06/08/2014,D,06/08/2014,NBNSYS0000006842,Chorthippus brunneus,S9505,295500,105500,OSI,1000,,Ballyteige,Brian Nelson,,FALSE,FALSE,,Wexford,Wexford,,Brian Nelson,,,,,Orthoptera Atlas,,,,
9.94202E+16,,,06/08/2014,06/08/2014,D,06/08/2014,NBNSYS0000006838,Omocestus viridulus,S9505,295500,105500,OSI,1000,,Ballyteige,Brian Nelson,,FALSE,FALSE,,Wexford,Wexford,,Brian Nelson,,,,,Orthoptera Atlas,,,,
2.41065E+16,,,17/08/2012,17/08/2012,D,17/08/2012,NHMSYS0001387317,Forficula auricularia,S978055,297850,105550,OSI,100,,"Grange, Kilmore",Jim Hurley,,FALSE,FALSE,,Wexford,Wexford,Flower beds and borders,,Nov-50,,,,,,,,
9.94202E+16,,,01/08/2019,01/08/2019,D,01/08/2019,NBNSYS0000006842,Chorthippus brunneus,S9405,294500,105500,OSI,1000,,Ballyteige Burrow Nature Reserve,Brian Nelson,,FALSE,FALSE,,Wexford,Wexford,,Brian Nelson,,,,,Orthoptera Atlas,,,,
2.48947E+16,,,14/08/2016,14/08/2016,D,14/08/2016,NBNSYS0000006842,Chorthippus brunneus,T061061,306150,106150,OSI,100,,Tacumshin,Niall T. Keogh,,FALSE,FALSE,,Wexford,Wexford,,,Nov-50,,,,,,,,
2.48947E+16,,,14/08/2016,14/08/2016,D,14/08/2016,NBNSYS0000006824,Conocephalus dorsalis,T061061,306150,106150,OSI,100,,Tacumshin,Niall T. Keogh,,FALSE,FALSE,,Wexford,Wexford,,,Nov-50,,,,,,,,
2.40966E+16,,,03/08/2003,03/08/2003,D,03/08/2003,NBNSYS0000006824,Conocephalus dorsalis,T063062,306350,106250,OSI,100,,Tacumshin Lake at Siggilstown Island,Tony Nagle,,FALSE,FALSE,,,,,Don Cotton & Tony Nagle,1,Late instar female.,,,,,,,
2.40966E+16,,,13/08/2003,13/08/2003,D,13/08/2003,NBNSYS0000006824,Conocephalus dorsalis,T062063,306250,106350,OSI,100,,"Sigginstown Island, Tacumshin","Nelson, Dr. B.",,FALSE,FALSE,,,Wexford,,"Nelson, Dr. B.",,,,,,,,,
2.40966E+16,,,13/08/2003,13/08/2003,D,13/08/2003,NBNSYS0000006842,Chorthippus brunneus,T062063,306250,106350,OSI,100,,"Sigginstown Island, Tacumshin","Nelson, Dr. B.",,FALSE,FALSE,,,Wexford,,"Nelson, Dr. B.",,,,,,,,,
9.94202E+16,,,31/07/2019,31/07/2019,D,31/07/2019,NBNSYS0000006842,Chorthippus brunneus,T061063,306150,106350,OSI,100,,Tacumshin,Brian Nelson,,FALSE,FALSE,,Wexford,Wexford,,Brian Nelson,,,,,Orthoptera Atlas,,,,
9.94202E+16,,,31/07/2019,31/07/2019,D,31/07/2019,NBNSYS0000006824,Conocephalus dorsalis,T061063,306150,106350,OSI,100,,Tacumshin,Brian Nelson,,FALSE,FALSE,,Wexford,Wexford,,Brian Nelson,,,,,Orthoptera Atlas,,,,
9.94202E+16,,,31/07/2019,31/07/2019,D,31/07/2019,NHMSYS0001387317,Forficula auricularia,T061063,306150,106350,OSI,100,,Tacumshin,Brian Nelson,,FALSE,FALSE,,Wexford,Wexford,,Brian Nelson,,,,,,,,,
9.94202E+16,,,17/07/2013,17/07/2013,D,17/07/2013,NBNSYS0000006824,Conocephalus dorsalis,T0606,306500,106500,OSI,1000,,"Tacumshin, Sigginstown",Brian Nelson,,FALSE,FALSE,,Wexford,Wexford,,Brian Nelson,,,,,Orthoptera Atlas,,,,
2.40966E+16,,,01/05/1980,31/05/1980,DD,01/05/1980 - 31/05/1980,NBNSYS0000006833,Tetrix undulata,T0606,306500,106500,OSI,1000,,Tacumshin L,"Cotton, D.C.F.",,FALSE,FALSE,,,212,,"Cotton, D.C.F.",,,,,,Biological Records Centre,,,
2.40966E+16,,,17/07/2013,17/07/2013,D,17/07/2013,NBNSYS0000006824,Conocephalus dorsalis,T0606,306500,106500,OSI,1000,,"Tacumshin, Sigginstown",Brian Nelson,,FALSE,FALSE,,,Wexford,,Brian Nelson,,,,,,,,,
2.40966E+16,,,29/08/2002,29/08/2002,D,29/08/2002,NHMSYS0001387317,Forficula auricularia,R5607,156500,107500,OSI,1000,,Clogheen,Martin Cawley,,FALSE,FALSE,,,,road verge,,,,,,,,,,
2.41065E+16,,,15/09/2012,15/09/2012,D,15/09/2012,NHMSYS0001387317,Forficula auricularia,S646083,264650,108350,OSI,100,,Ballygunnermore,Stefanie Fleischer,,FALSE,FALSE,,Waterford,Waterford,,,1,,,,,,,,
2.41065E+16,,,19/08/2012,19/08/2012,D,19/08/2012,NHMSYS0001387317,Forficula auricularia,S545090,254550,109050,OSI,100,,Orchardstown,Serena Dool,,FALSE,FALSE,,Waterford,Waterford,,,1,,,,,,,,
2.41065E+16,,,26/08/2012,26/08/2012,D,26/08/2012,NHMSYS0001387317,Forficula auricularia,S545090,254550,109050,OSI,100,,Orchardstown,Serena Dool,,FALSE,FALSE,,Waterford,Waterford,,,<10,,,,,,,,
2.40966E+16,,,13/06/1990,13/06/1990,D,13/06/1990,NBNSYS0000006842,Chorthippus brunneus,Q6810,68500,110500,OSI,1000,,"Carrigahgarde Point, W of","Arnold, H.; Eversham, B.; Green, S.G.",,FALSE,FALSE,,,201,,,,,,,,Biological Records Centre,,,
2.40966E+16,,,13/06/1990,13/06/1990,D,13/06/1990,NHMSYS0001387317,Forficula auricularia,Q6810,68500,110500,OSI,1000,,"Carrigahgarde Point, W of","Arnold, H.; Eversham, B.; Green, S.G.",,FALSE,FALSE,,,201,,,,,,,,Biological Records Centre,,,
2.40966E+16,,,14/04/2002,14/04/2002,D,14/04/2002,NHMSYS0001387317,Forficula auricularia,R0010,100500,110500,OSI,1000,,Castleisland,Martin Cawley,,FALSE,FALSE,,,,grassland,,,,,,,,,,
2.40966E+16,,,13/06/1990,13/06/1990,D,13/06/1990,NHMSYS0001387317,Forficula auricularia,Q6511,65500,111500,OSI,1000,,Aughcasla Strand,"Arnold, H.; Eversham, B.; Green, S.G.",,FALSE,FALSE,,,201,,,,,,,,Biological Records Centre,,,
2.40966E+16,,,13/06/1990,13/06/1990,D,13/06/1990,NHMSYS0001387317,Forficula auricularia,Q7311,73500,111500,OSI,1000,,Derrymore Strand,"Arnold, H.; Eversham, B.; Green, S.G.",,FALSE,FALSE,,,202,,,,,,,,Biological Records Centre,,,
2.40966E+16,,,21/08/1990,21/08/1990,D,21/08/1990,NBNSYS0000006842,Chorthippus brunneus,S604106,260450,110650,OSI,100,,Kilbarry Marshes,"Anderson, R.",,FALSE,FALSE,,,206,,"Anderson, R.",,,,,,"Anderson, R.",,,
2.40966E+16,,,14/06/1990,14/06/1990,D,14/06/1990,NHMSYS0001387317,Forficula auricularia,Q5412,54500,112500,OSI,1000,,"Fermoyle House, N of","Arnold, H.; Eversham, B.; Green, S.G.",,FALSE,FALSE,,,201,,,,,,,,Biological Records Centre,,,
2.46738E+16,,,12/05/2016,12/05/2016,D,12/05/2016,NHMSYS0001387435,Pholidoptera griseoaptera,S688108,268850,110850,OSI,100,,Hurtle,Oisn Duffy & Mairad Crawford,,FALSE,FALSE,,Waterford,Waterford,,,<10,Identification confirmed by Brian Nelson,,,,,,,
2.40966E+16,,,10/09/2014,10/09/2014,D,10/09/2014,NBNSYS0000006842,Chorthippus brunneus,S851113,285150,111350,OSI,100,,Bannow Bay Co Wexford,Zoe Devlin,,FALSE,FALSE,Images\24096605481210510.jpg,Wexford,Wexford,"Sea walls, piers and jetties",,<10,Grass verge beside Bannow Bay.  Please check the image as I'm not too good on grasshoppers. He/she was on a blue plastic bag.,,,,,,,
2.40966E+16,,,16/07/2013,16/07/2013,D,16/07/2013,NBNSYS0000006842,Chorthippus brunneus,S9011,290500,111500,OSI,1000,,"Gibletstown, Duncormick",Zoe Devlin,,FALSE,FALSE,,Wexford,Wexford,,,,Back wall of house,,,,,,,
2.41065E+16,,,19/08/2012,19/08/2012,D,19/08/2012,NBNSYS0000006842,Chorthippus brunneus,S905116,290550,111650,OSI,100,,"Gibletstown, Duncormick, Co Wexford",Zoe Devlin,,FALSE,FALSE,,Wexford,Wexford,Cultivated land,,1,Identified by Eugenie Regan.,,,,,,,
2.41065E+16,,,29/07/2012,29/07/2012,D,29/07/2012,NBNSYS0000006842,Chorthippus brunneus,S554111,255450,111150,OSI,100,,Carriganore,Eugenie Regan,,FALSE,FALSE,,Waterford,Waterford,,,,,,,,,,,
2.40966E+16,,,20/08/1989,20/08/1989,D,20/08/1989,NHMSYS0001387317,Forficula auricularia,Q7312,73500,112500,OSI,1000,,"Derrymore, N of","Arnold, H.; Eversham, B.; Green, S.G.",,FALSE,FALSE,,,202,,,,,,,,Biological Records Centre,,,
2.40966E+16,,,01/08/1983,31/08/1983,DD,01/08/1983 - 31/08/1983,NBNSYS0000006842,Chorthippus brunneus,Q7312,73500,112500,OSI,1000,,Derrymore Island,"Cotton, D.C.F.",,FALSE,FALSE,,,202,,"Cotton, D.C.F.",,,,,,Biological Records Centre,,,
2.40966E+16,,,13/06/1990,13/06/1990,D,13/06/1990,NHMSYS0001387317,Forficula auricularia,Q7712,77500,112500,OSI,1000,,"Curraheen, N of","Arnold, H.; Eversham, B.; Green, S.G.",,FALSE,FALSE,,,202,,,,,,,,Biological Records Centre,,,
2.40966E+16,,,13/06/1990,13/06/1990,D,13/06/1990,NBNSYS0000006838,Omocestus viridulus,Q7712,77500,112500,OSI,1000,,"Curraheen, N of","Arnold, H.; Eversham, B.; Green, S.G.",,FALSE,FALSE,,,202,,,,,,,,Biological Records Centre,,,
2.40966E+16,,,01/07/1983,31/07/1983,DD,01/07/1983 - 31/07/1983,NHMSYS0001387435,Pholidoptera griseoaptera,S684115,268450,111550,OSI,100,,"Passage East,2km NW of","O'Connor, J.P.",,FALSE,FALSE,,,206,,"Ragge, D.R.; Ragge, R.",,,,,,Biological Records Centre,,,
2.40966E+16,,,01/06/1984,30/06/1984,DD,01/06/1984 - 30/06/1984,NHMSYS0001387435,Pholidoptera griseoaptera,S684115,268450,111550,OSI,100,,"Passage East,2km NW of","O'Connor, J.P.",,FALSE,FALSE,,,206,,"Ragge, D.R.; Ragge, R.",,,,,,Biological Records Centre,,,
2.40966E+16,,,01/07/1984,31/07/1984,DD,01/07/1984 - 31/07/1984,NHMSYS0001387435,Pholidoptera griseoaptera,S684115,268450,111550,OSI,100,,"Passage East,2km NW of","O'Connor, J.P.",,FALSE,FALSE,,,206,,"Ragge, D.R.; Ragge, R.",,,,,,Biological Records Centre,,,
2.41065E+16,,,10/08/2012,10/08/2012,D,10/08/2012,NHMSYS0001387317,Forficula auricularia,S6311,263500,111500,OSI,1000,,"Maypark Village, Waterford City",Una Fitzpatrick,,FALSE,FALSE,,Waterford,Waterford,,,,,,,,,,,
2.48947E+16,,,13/07/2016,13/07/2016,D,13/07/2016,NBNSYS0000006825,Leptophyes punctatissima,S553114,255350,111450,OSI,100,,Carriganore,Oisn Duffy,,FALSE,FALSE,,Waterford,Waterford,,,1,,,,,,,,
2.40966E+16,,,03/07/2010,03/07/2010,D,03/07/2010,NHMSYS0001387317,Forficula auricularia,S555115,255550,111550,OSI,100,,"Data Centre, Cariganore",Roy Anderson,,FALSE,FALSE,,,,Woodland edge,,occasional,In field margins.,,,,,,,
2.40966E+16,,,20/07/2013,20/07/2013,D,20/07/2013,NBNSYS0000006825,Leptophyes punctatissima,S554115,255450,111550,OSI,100,,"NBDC site, WIT West Campus, Carriganore",Brian Nelson,,FALSE,FALSE,,,Waterford,,Brian Nelson,,,,,,,,,
2.40966E+16,,,20/07/2013,20/07/2013,D,20/07/2013,NBNSYS0000006842,Chorthippus brunneus,S554115,255450,111550,OSI,100,,"NBDC site, WIT West Campus, Carriganore",Brian Nelson,,FALSE,FALSE,,,Waterford,,Brian Nelson,,,,,,,,,
9.94202E+16,,,20/07/2013,20/07/2013,D,20/07/2013,NBNSYS0000006842,Chorthippus brunneus,S554115,255450,111550,OSI,100,,"NBDC site, WIT West Campus, Carriganore",Brian Nelson,,FALSE,FALSE,,Waterford,Waterford,,Brian Nelson,,,,,Orthoptera Atlas,,,,
9.94202E+16,,,20/07/2013,20/07/2013,D,20/07/2013,NBNSYS0000006825,Leptophyes punctatissima,S554115,255450,111550,OSI,100,,"NBDC site, WIT West Campus, Carriganore",Brian Nelson,,FALSE,FALSE,,Waterford,Waterford,,Brian Nelson,,,,,Orthoptera Atlas,,,,
9.94202E+16,,,20/07/2013,20/07/2013,D,20/07/2013,NHMSYS0001387317,Forficula auricularia,S554115,255450,111550,OSI,100,,"NBDC site, WIT West Campus, Carriganore",Brian Nelson,,FALSE,FALSE,,Waterford,Waterford,,Brian Nelson,,,,,,,,,
2.40966E+16,,,14/06/1990,14/06/1990,D,14/06/1990,NHMSYS0001387317,Forficula auricularia,Q5213,52500,113500,OSI,1000,,Cappagh,"Arnold, H.; Eversham, B.; Green, S.G.",,FALSE,FALSE,,,201,,,,,,,,Biological Records Centre,,,
2.40966E+16,,,21/08/1990,21/08/1990,D,21/08/1990,NBNSYS0000006825,Leptophyes punctatissima,S683118,268350,111850,OSI,100,,Passage East,"Anderson, R.",,FALSE,FALSE,,,206,,"Anderson, R.",,,,,,"Anderson, R.",,,
2.40966E+16,,,21/08/1990,21/08/1990,D,21/08/1990,NBNSYS0000006842,Chorthippus brunneus,S683118,268350,111850,OSI,100,,Passage East,"Anderson, R.",,FALSE,FALSE,,,206,,"Anderson, R.",,,,,,"Anderson, R.",,,
2.40966E+16,,,01/08/1990,31/08/1990,DD,01/08/1990 - 31/08/1990,NHMSYS0001387435,Pholidoptera griseoaptera,S683118,268350,111850,OSI,100,,Passage East,"Anderson, R.",,FALSE,FALSE,,,206,,"Anderson, R.",,,,,,"Anderson, R.",,,
2.40966E+16,,,21/08/1990,21/08/1990,D,21/08/1990,NBNSYS0000006838,Omocestus viridulus,S683118,268350,111850,OSI,100,,Passage East,"Anderson, R.",,FALSE,FALSE,,,206,,"Anderson, R.",,,,,,"Anderson, R.",,,
2.41065E+16,,,19/08/2012,19/08/2012,D,19/08/2012,NHMSYS0001387317,Forficula auricularia,S587117,258750,111750,OSI,100,,Comeragh Estate,Alan Carroll,,FALSE,FALSE,,Waterford,Waterford,Flower beds and borders,,<10,,,,,,,,
2.41065E+16,,,01/09/2012,01/09/2012,D,01/09/2012,NBNSYS0000006838,Omocestus viridulus,S634118,263450,111850,OSI,100,,"Maypark Village, Waterford",Conall Fitzpatrick,,FALSE,FALSE,,Waterford,Waterford,,,1,,,,,,,,
2.40966E+16,,,01/08/1983,31/08/1983,DD,01/08/1983 - 31/08/1983,NHMSYS0001387286,Chorthippus albomarginatus,Q5813,58500,113500,OSI,1000,,"Stradbally,nr","Cotton, D.C.F.",,FALSE,FALSE,,,201,,"Cotton, D.C.F.",,,,,,Biological Records Centre,,,
2.40966E+16,,,20/08/1989,20/08/1989,D,20/08/1989,NHMSYS0001387286,Chorthippus albomarginatus,Q5813,58500,113500,OSI,1000,,Stradbally Strand,"Arnold, H.; Eversham, B.; Green, S.G.",,FALSE,FALSE,,,201,,,,,,,,Biological Records Centre,,,
2.40966E+16,,,20/08/1989,20/08/1989,D,20/08/1989,NHMSYS0001387317,Forficula auricularia,Q5813,58500,113500,OSI,1000,,Stradbally Strand,"Arnold, H.; Eversham, B.; Green, S.G.",,FALSE,FALSE,,,201,,,,,,,,Biological Records Centre,,,
2.40966E+16,,,20/08/1989,20/08/1989,D,20/08/1989,NBNSYS0000006838,Omocestus viridulus,Q5813,58500,113500,OSI,1000,,Stradbally Strand,"Arnold, H.; Eversham, B.; Green, S.G.",,FALSE,FALSE,,,201,,,,,,,,Biological Records Centre,,,
2.40966E+16,,,03/07/1980,03/07/1980,D,03/07/1980,NBNSYS0000006839,Myrmeleotettix maculatus,Q5913,59500,113500,OSI,1000,,"Ardbeg, Co. Kerry.","Speight, M.C.D.",,FALSE,FALSE,,,201,,,,Grasshoppers and crickets of Ireland,,,,National Biodiversity Data Centre Ireland,,,
2.40966E+16,,,03/07/1980,03/07/1980,D,03/07/1980,NHMSYS0001387286,Chorthippus albomarginatus,Q5913,59500,113500,OSI,1000,,"Castlegregory Peninsula, Co. Kerry.","Speight, M.C.D.",,FALSE,FALSE,,,201,,,,Grasshoppers and crickets of Ireland,,,,National Biodiversity Data Centre Ireland,,,
2.48947E+16,,,20/07/2016,20/07/2016,D,20/07/2016,NHMSYS0001387418,Meconema thalassinum,S553118,255350,111850,OSI,100,,Carriganore,Paddy Dwan,,FALSE,FALSE,Images\24894664796555037.jpg,Waterford,Waterford,,,1,,,,,,,,
2.40966E+16,,,13/06/1990,13/06/1990,D,13/06/1990,NHMSYS0001387317,Forficula auricularia,Q7513,75500,113500,OSI,1000,,"Derrymore, NW of Derrymore Island","Arnold, H.; Eversham, B.; Green, S.G.",,FALSE,FALSE,,,202,,,,,,,,Biological Records Centre,,,
2.40966E+16,,,14/06/1990,14/06/1990,D,14/06/1990,NBNSYS0000006838,Omocestus viridulus,Q5214,52500,114500,OSI,1000,,"Caher Point, W of","Arnold, H.; Eversham, B.; Green, S.G.",,FALSE,FALSE,,,201,,,,,,,,Biological Records Centre,,,
2.48947E+16,,,27/06/2016,27/06/2016,D,27/06/2016,NBNSYS0000006842,Chorthippus brunneus,S619127,261950,112750,OSI,100,,Waterford,Keith Currams,,FALSE,FALSE,Images\24894664796555034.jpg,Waterford,Waterford,,,1,,,,,,,,
2.40966E+16,,,14/06/1990,14/06/1990,D,14/06/1990,NHMSYS0001387286,Chorthippus albomarginatus,Q6014,60500,114500,OSI,1000,,"Lough Gill, north side","Arnold, H.; Eversham, B.; Green, S.G.",,FALSE,FALSE,,,201,,,,,,,,Biological Records Centre,,,
2.40966E+16,,,13/06/1990,13/06/1990,D,13/06/1990,NHMSYS0001387286,Chorthippus albomarginatus,Q6314,63500,114500,OSI,1000,,"Castlegregory, NE of","Arnold, H.; Eversham, B.; Green, S.G.",,FALSE,FALSE,,,201,,,,,,,,Biological Records Centre,,,
2.40966E+16,,,19/09/2001,19/09/2001,D,19/09/2001,NBNSYS0000006825,Leptophyes punctatissima,S6813,268500,113500,OSI,1000,,Cheekpoint,Martin Cawley,,FALSE,FALSE,,,,hedgerow,,,,,,,,,,
2.40966E+16,,,19/09/2001,19/09/2001,D,19/09/2001,NHMSYS0001387435,Pholidoptera griseoaptera,S6813,268500,113500,OSI,1000,,Cheekpoint,Martin Cawley,,FALSE,FALSE,,,,hedgerow,,,,,,,,,,
9.47987E+16,,,22/09/1993,22/09/1993,D,22/09/1993,NHMSYS0001387286,Chorthippus albomarginatus,Q61,65000,115000,OSI,10000,,Castlegregory,Mark G. Telfer,,FALSE,FALSE,,,North Kerry,,Mark G. Telfer,2,,,Adult,Mark G. Telfer . General recording,Submitted directly to the Data Centre,,,
2.40966E+16,,,14/06/1990,14/06/1990,D,14/06/1990,NHMSYS0001387317,Forficula auricularia,Q61,65000,115000,OSI,10000,,Lough Gill,"Arnold, H.; Eversham, B.; Green, S.G.",,FALSE,FALSE,,,201,,,,,,,,Biological Records Centre,,,
2.40966E+16,,,01/09/1954,30/09/1954,DD,01/09/1954 - 30/09/1954,NHMSYS0001387382,Labia minor,Q81,85000,115000,OSI,10000,,Tralee,"Bullock, E.F.",,FALSE,FALSE,,,202,,"O'Connor, J.P.",,,,,,"Harding, P.T.",,,
2.40966E+16,,,01/07/1975,31/07/1975,DD,01/07/1975 - 31/07/1975,NBNSYS0000006838,Omocestus viridulus,T01,305000,115000,OSI,10000,,"Burrow,Rosslare","Stubbs, A.E.",,FALSE,FALSE,,,212,,"Stubbs, A.E.",,,,,,Biological Records Centre,,,
2.40966E+16,,,01/07/1975,31/07/1975,DD,01/07/1975 - 31/07/1975,NBNSYS0000006842,Chorthippus brunneus,T01,305000,115000,OSI,10000,,Rosslare,"Stubbs, A.E.",,FALSE,FALSE,,,212,Sand dune,"Stubbs, A.E.",,,,,,Biological Records Centre,,,
2.41065E+16,,,08/09/2012,08/09/2012,D,08/09/2012,NHMSYS0001387317,Forficula auricularia,Q841154,84150,115450,OSI,100,,Tralee,Richard O'Callaghan,,FALSE,FALSE,,Dublin,Dublin,Buildings and artificial surfaces,,1,,,,,,,,
2.40966E+16,,,01/06/1975,30/06/1975,DD,01/06/1975 - 30/06/1975,NBNSYS0000006839,Myrmeleotettix maculatus,R6214,162500,114500,OSI,1000,,,"Speight, M.C.D.",,FALSE,FALSE,,,205,,"Speight, M.C.D.",,,,,,Biological Records Centre,,,
2.40966E+16,,,26/06/1975,26/06/1975,D,26/06/1975,NBNSYS0000006839,Myrmeleotettix maculatus,R6214,162500,114500,OSI,1000,,"Castlepook North, Co. Cork.","Speight, M.C.D.",,FALSE,FALSE,,,205,,,,Grasshoppers and crickets of Ireland,,,,National Biodiversity Data Centre Ireland,,,
2.40966E+16,,,01/08/1983,31/08/1983,DD,01/08/1983 - 31/08/1983,NHMSYS0001387286,Chorthippus albomarginatus,Q6116,61500,116500,OSI,1000,,"Castlegregory,sand dunes nr","Cotton, D.C.F.",,FALSE,FALSE,,,201,,"Cotton, D.C.F.",,,,,,Biological Records Centre,,,
2.40966E+16,,,20/08/1989,20/08/1989,D,20/08/1989,NHMSYS0001387286,Chorthippus albomarginatus,Q6116,61500,116500,OSI,1000,,"Trench Bridge, N of","Arnold, H.; Eversham, B.; Green, S.G.",,FALSE,FALSE,,,201,,,,,,,,Biological Records Centre,,,
2.40966E+16,,,01/01/1904,31/12/1904,DD,01/01/1904 - 31/12/1904,NHMSYS0001387418,Meconema thalassinum,S41,245000,115000,OSI,10000,,Portlaw,,,FALSE,FALSE,,,206,,"Speight, M.C.D.",,,,,,Biological Records Centre,,,
2.40966E+16,,,02/07/2012,02/07/2012,D,02/07/2012,NHMSYS0001387286,Chorthippus albomarginatus,Q615167,61550,116750,OSI,100,,"Kilshannig, Castlegregory",Brian Nelson,,FALSE,FALSE,,,Kerry,,Brian Nelson,,,,,,,,,
9.94202E+16,,,02/07/2012,02/07/2012,D,02/07/2012,NHMSYS0001387286,Chorthippus albomarginatus,Q615167,61550,116750,OSI,100,,"Kilshannig, Castlegregory",Brian Nelson,,FALSE,FALSE,,Kerry,South Kerry,wet grassland in dune slack,Brian Nelson,1,voucher,,Adult,Orthoptera Atlas,,,,
2.40966E+16,,,12/06/1990,12/06/1990,D,12/06/1990,NHMSYS0001387286,Chorthippus albomarginatus,Q7116,71500,116500,OSI,1000,,Fenit Strand (north),"Arnold, H.; Eversham, B.; Green, S.G.",,FALSE,FALSE,,,202,,,,,,,,Biological Records Centre,,,
2.40966E+16,,,12/06/1990,12/06/1990,D,12/06/1990,NBNSYS0000006842,Chorthippus brunneus,Q7116,71500,116500,OSI,1000,,Fenit Strand (north),"Arnold, H.; Eversham, B.; Green, S.G.",,FALSE,FALSE,,,202,,,,,,,,Biological Records Centre,,,
2.40966E+16,,,12/06/1990,12/06/1990,D,12/06/1990,NHMSYS0001387317,Forficula auricularia,Q7116,71500,116500,OSI,1000,,Fenit Strand (north),"Arnold, H.; Eversham, B.; Green, S.G.",,FALSE,FALSE,,,202,,,,,,,,Biological Records Centre,,,
2.40966E+16,,,14/06/1990,14/06/1990,D,14/06/1990,NBNSYS0000006838,Omocestus viridulus,Q5217,52500,117500,OSI,1000,,Brandon Point,"Arnold, H.; Eversham, B.; Green, S.G.",,FALSE,FALSE,,,201,,,,,,,,Biological Records Centre,,,
2.40966E+16,,,25/08/1989,25/08/1989,D,25/08/1989,NHMSYS0001387317,Forficula auricularia,T0816,308500,116500,OSI,1000,,Woodtown,"Arnold, H.; Eversham, B.; Green, S.G.",,FALSE,FALSE,,,212,,,,,,,,Biological Records Centre,,,
2.40966E+16,,,25/08/1989,25/08/1989,D,25/08/1989,NBNSYS0000006842,Chorthippus brunneus,T0816,308500,116500,OSI,1000,,Woodtown,"Arnold, H.; Eversham, B.; Green, S.G.",,FALSE,FALSE,,,212,,,,,,,,Biological Records Centre,,,
2.40966E+16,,,02/07/1980,02/07/1980,D,02/07/1980,NHMSYS0001387286,Chorthippus albomarginatus,Q6117,61500,117500,OSI,1000,,Lough Gill,"Speight, M.C.D.",,FALSE,FALSE,,,201,,"Speight, M.C.D.",,,,,,"Harding, P.T.",,,
2.40966E+16,,,02/07/1980,02/07/1980,D,02/07/1980,NHMSYS0001387286,Chorthippus albomarginatus,Q6117,61500,117500,OSI,1000,,"Castlegregory Peninsula, Co. Kerry.","Speight, M.C.D.",,FALSE,FALSE,,,201,,,,Grasshoppers and crickets of Ireland,,,,National Biodiversity Data Centre Ireland,,,
2.40966E+16,,,15/06/1990,15/06/1990,D,15/06/1990,NHMSYS0001387286,Chorthippus albomarginatus,Q6217,62500,117500,OSI,1000,,Lough Naparka,"Arnold, H.; Eversham, B.; Green, S.G.",,FALSE,FALSE,,,201,,,,,,,,Biological Records Centre,,,
2.40966E+16,,,15/06/1990,15/06/1990,D,15/06/1990,NHMSYS0001387317,Forficula auricularia,Q6217,62500,117500,OSI,1000,,Lough Naparka,"Arnold, H.; Eversham, B.; Green, S.G.",,FALSE,FALSE,,,201,,,,,,,,Biological Records Centre,,,
2.41065E+16,,,23/08/2012,23/08/2012,D,23/08/2012,NHMSYS0001387317,Forficula auricularia,Q860175,86050,117550,OSI,100,,Tralee,C Nugent,,FALSE,FALSE,,Kerry,North Kerry,Flower beds and borders,,>50,"Polytunnel, raised beds and garden boders",,,,,,,
2.40966E+16,,,12/06/1990,12/06/1990,D,12/06/1990,NHMSYS0001387286,Chorthippus albomarginatus,Q7418,74500,118500,OSI,1000,,Barrow,"Arnold, H.; Eversham, B.; Green, S.G.",,FALSE,FALSE,,,202,,,,,,,,Biological Records Centre,,,
2.40966E+16,,,26/05/2005,26/05/2005,D,26/05/2005,NHMSYS0001387382,Labia minor,T0518,305500,118500,OSI,1000,,Drinagh,Martin Cawley,,FALSE,FALSE,,,,dung heap in a field,,,,,,,,,,
2.41065E+16,,,31/08/2012,31/08/2012,D,31/08/2012,NHMSYS0001387286,Chorthippus albomarginatus,Q748193,74850,119350,OSI,100,,Carrahane,Geoff Hunt,,FALSE,FALSE,,Kerry,North Kerry,Sand dune systems,,<10,,,,,,,,
2.41065E+16,,,19/08/2012,19/08/2012,D,19/08/2012,NBNSYS0000006838,Omocestus viridulus,R344188,134450,118850,OSI,100,,Broadford,Geoff Hunt,,FALSE,FALSE,,Limerick,Limerick,Recolonising bare ground,,<10,,,,,,,,
2.40966E+16,,,19/09/2006,19/09/2006,D,19/09/2006,NBNSYS0000006838,Omocestus viridulus,S9719,297500,119500,OSI,1000,,Forth Mountain,Martin Cawley,,FALSE,FALSE,,,,hillside Calluna heath,,,,,,,,,,
2.40966E+16,,,10/07/1990,10/07/1990,D,10/07/1990,NHMSYS0001387286,Chorthippus albomarginatus,Q7420,74500,120500,OSI,1000,,"Carrahane, Co. Kerry","Speight, M.C.D.",,FALSE,FALSE,,,202,,,,Grasshoppers and crickets of Ireland,,,,National Biodiversity Data Centre Ireland,,,
2.40966E+16,,,10/07/1990,10/07/1990,D,10/07/1990,NBNSYS0000006839,Myrmeleotettix maculatus,Q7420,74500,120500,OSI,1000,,"Carrahane, Co. Kerry.","Speight, M.C.D.",,FALSE,FALSE,,,202,,,,Grasshoppers and crickets of Ireland,,,,National Biodiversity Data Centre Ireland,,,
2.41065E+16,,,31/08/2012,31/08/2012,D,31/08/2012,NHMSYS0001387286,Chorthippus albomarginatus,Q748207,74850,120750,OSI,100,,Carrahane,Geoff Hunt,,FALSE,FALSE,,Kerry,North Kerry,Sand dune systems,,<10,,,,,,,,
2.40966E+16,,,29/07/2001,29/07/2001,D,29/07/2001,NBNSYS0000006838,Omocestus viridulus,S4619,246500,119500,OSI,1000,,Fiddown Island,Martin Cawley,,FALSE,FALSE,,,,Phragmites marsh,,,,,,,,,,
2.40966E+16,,,29/07/2001,29/07/2001,D,29/07/2001,NHMSYS0001387317,Forficula auricularia,S4619,246500,119500,OSI,1000,,Fiddown Island,Martin Cawley,,FALSE,FALSE,,,,Phragmites marsh,,,,,,,,,,
9.94202E+16,,,19/06/2019,19/06/2019,D,19/06/2019,NHMSYS0001387317,Forficula auricularia,S289194,228950,119450,OSI,100,,Glenpatrick Bridge,Brian Nelson,,FALSE,FALSE,,Waterford,Waterford,,Brian Nelson,,,,,,,,,
2.40966E+16,,,02/09/2010,02/09/2010,D,02/09/2010,NBNSYS0000006825,Leptophyes punctatissima,S467198,246750,119850,OSI,100,,Fiddown,Martin Cawley,,FALSE,FALSE,,,,graveyard,,,,,,,,,,
9.94202E+16,,,19/06/2019,19/06/2019,D,19/06/2019,NBNSYS0000006833,Tetrix undulata,S287198,228750,119850,OSI,100,,Glasha River north west of Glenpatrick Bridge,Brian Nelson,,FALSE,FALSE,,Waterford,Waterford,,Brian Nelson,,,,,Orthoptera Atlas,,,,
1.01118E+17,,,19/06/2019,19/06/2019,D,19/06/2019,NBNSYS0000006833,Tetrix undulata,S287198,228750,119850,OSI,100,,Glasha River north west of Glenpatrick Bridge,Brian Nelson,,FALSE,FALSE,,Waterford,Waterford,,Brian Nelson,,,,,,,,,
9.94202E+16,,,19/06/2019,19/06/2019,D,19/06/2019,NBNSYS0000006838,Omocestus viridulus,S287198,228750,119850,OSI,100,,Glasha River north west of Glenpatrick Bridge,Brian Nelson,,FALSE,FALSE,,Waterford,Waterford,,Brian Nelson,,,,,Orthoptera Atlas,,,,
9.94202E+16,,,19/06/2019,19/06/2019,D,19/06/2019,NBNSYS0000006832,Tetrix subulata,S287198,228750,119850,OSI,100,,Glasha River north west of Glenpatrick Bridge,Brian Nelson,,FALSE,FALSE,,Waterford,Waterford,,Brian Nelson,,,,,Orthoptera Atlas,,,,
2.40966E+16,,,12/06/1990,12/06/1990,D,12/06/1990,NHMSYS0001387286,Chorthippus albomarginatus,Q7521,75500,121500,OSI,1000,,"Carrahane Strand, N of","Arnold, H.; Eversham, B.; Green, S.G.",,FALSE,FALSE,,,202,,,,,,,,Biological Records Centre,,,
2.40966E+16,,,28/02/2002,28/02/2002,D,28/02/2002,NHMSYS0001387317,Forficula auricularia,Q7821,78500,121500,OSI,1000,,Ardfert,Martin Cawley,,FALSE,FALSE,,,,grassy waste area,,,,,,,,,,
2.40966E+16,,,28/02/2002,28/02/2002,D,28/02/2002,NHMSYS0001387317,Forficula auricularia,Q8221,82500,121500,OSI,1000,,Rathkenny,Martin Cawley,,FALSE,FALSE,,,,grassland,,,,,,,,,,
2.40966E+16,,,02/09/2010,02/09/2010,D,02/09/2010,NHMSYS0001387336,Forficula lesnei,S406216,240650,121650,OSI,100,,Carrick-on-Suir,Martin Cawley,,FALSE,FALSE,,,,waste ground,,,,,,,,,,
2.40966E+16,,,02/09/2010,02/09/2010,D,02/09/2010,NHMSYS0001387317,Forficula auricularia,S406216,240650,121650,OSI,100,,Carrick-on-Suir,Martin Cawley,,FALSE,FALSE,,,,waste ground,,,,,,,,,,
2.40966E+16,,,02/09/2010,02/09/2010,D,02/09/2010,NBNSYS0000006838,Omocestus viridulus,S406216,240650,121650,OSI,100,,Carrick-on-Suir,Martin Cawley,,FALSE,FALSE,,,,waste ground,,,,,,,,,,
2.40966E+16,,,03/12/2004,03/12/2004,D,03/12/2004,NHMSYS0001387317,Forficula auricularia,S8922,289500,122500,OSI,1000,,Carrowreagh,Martin Cawley,,FALSE,FALSE,,,,hedgerow,,,,,,,,,,
9.94202E+16,,,17/08/2016,17/08/2016,D,17/08/2016,NHMSYS0001387317,Forficula auricularia,T110229,311050,122950,OSI,100,,The Raven,Brian Nelson,,FALSE,FALSE,,Wexford,Wexford,,Brian Nelson,,,,Adult,,,,Field record,
2.41065E+16,,,19/08/2012,19/08/2012,D,19/08/2012,NBNSYS0000006838,Omocestus viridulus,R058227,105850,122750,OSI,100,,Knocknagoshel,Geoff Hunt,,FALSE,FALSE,,Kerry,North Kerry,Active quarries and mines,,<10,,,,,,,,
2.48947E+16,,,29/08/2016,29/08/2016,D,29/08/2016,NHMSYS0001387286,Chorthippus albomarginatus,Q752234,75250,123450,OSI,100,,Sandy Lane,Anthony Dawson,,FALSE,FALSE,,Kerry,North Kerry,,,,,,,,,,,
9.94202E+16,,,21/07/2016,21/07/2016,D,21/07/2016,NBNSYS0000006824,Conocephalus dorsalis,T109231,310950,123150,OSI,100,,The Raven,Brian Nelson,,FALSE,FALSE,,Wexford,Wexford,,Brian Nelson,,,,,Orthoptera Atlas,,,Field record,
2.48947E+16,,,05/07/2016,05/07/2016,D,05/07/2016,NHMSYS0001387286,Chorthippus albomarginatus,Q751235,75150,123550,OSI,100,,Sandy Lane,Anthony Dawson,,FALSE,FALSE,,Kerry,North Kerry,,,1,,,,,,,,
2.40966E+16,,,31/08/2010,31/08/2010,D,31/08/2010,NHMSYS0001387317,Forficula auricularia,S365221,236550,122150,OSI,100,,Ballinderry,Martin Cawley,,FALSE,FALSE,,,,river bank,,,,,,,,,,
2.40966E+16,,,31/08/2010,31/08/2010,D,31/08/2010,NBNSYS0000006825,Leptophyes punctatissima,S365221,236550,122150,OSI,100,,Ballinderry,Martin Cawley,,FALSE,FALSE,,,,river bank,,,,,,,,,,
2.40966E+16,,,31/08/2010,31/08/2010,D,31/08/2010,NBNSYS0000006838,Omocestus viridulus,S365221,236550,122150,OSI,100,,Ballinderry,Martin Cawley,,FALSE,FALSE,,,,river bank,,,,,,,,,,
2.40966E+16,,,11/07/2011,11/07/2011,D,11/07/2011,NBNSYS0000006838,Omocestus viridulus,T117233,311750,123350,OSI,100,,Raven Point,Roy Anderson,,FALSE,FALSE,,,,Coastland: dune heath,,frequent,Heathy dunes.,,,,,,,
2.48947E+16,,,15/07/2016,15/07/2016,D,15/07/2016,NBNSYS0000006825,Leptophyes punctatissima,S356222,235650,122250,OSI,100,,Near Carrick-on-Suir,amonn Mac Lochlainn,,FALSE,FALSE,Images\24894664796555026.jpg,Tipperary,South Tipperary,,,1,,,,,,,,
2.41065E+16,,,28/08/2011,28/08/2011,D,28/08/2011,NHMSYS0001387418,Meconema thalassinum,S395223,239550,122350,OSI,100,,Tanner'sGate Carrick-on-Suir,Brian White,,FALSE,FALSE,,Tipperary,South Tipperary,Built land,,1,Garden bounds railway line. Cricket on window. Image available,,,,,,,
2.40966E+16,,,07/08/2014,07/08/2014,D,07/08/2014,NBNSYS0000006842,Chorthippus brunneus,T1023,310500,123500,OSI,1000,,Raven,Brian Nelson,,FALSE,FALSE,,,Wexford,,Brian Nelson,,,,,,,,,
2.40966E+16,,,07/08/2014,07/08/2014,D,07/08/2014,NBNSYS0000006838,Omocestus viridulus,T1023,310500,123500,OSI,1000,,Raven,Brian Nelson,,FALSE,FALSE,,,Wexford,,Brian Nelson,,,,,,,,,
2.40966E+16,,,05/09/2014,05/09/2014,D,05/09/2014,NBNSYS0000006842,Chorthippus brunneus,T1023,310500,123500,OSI,1000,,The Raven,Brian Nelson,,FALSE,FALSE,,,Wexford,,Brian Nelson,,,,,,,,,
2.40966E+16,,,05/09/2014,05/09/2014,D,05/09/2014,NBNSYS0000006824,Conocephalus dorsalis,T1023,310500,123500,OSI,1000,,The Raven,Brian Nelson,,FALSE,FALSE,,,Wexford,,Brian Nelson,,,,,,,,,
9.94202E+16,,,07/08/2014,07/08/2014,D,07/08/2014,NBNSYS0000006842,Chorthippus brunneus,T1023,310500,123500,OSI,1000,,The Raven,Brian Nelson,,FALSE,FALSE,,Wexford,Wexford,,Brian Nelson,,,,,Orthoptera Atlas,,,,
9.94202E+16,,,05/09/2014,05/09/2014,D,05/09/2014,NBNSYS0000006842,Chorthippus brunneus,T1023,310500,123500,OSI,1000,,The Raven,Brian Nelson,,FALSE,FALSE,,Wexford,Wexford,,Brian Nelson,,,,,Orthoptera Atlas,,,,
9.94202E+16,,,05/09/2014,05/09/2014,D,05/09/2014,NBNSYS0000006824,Conocephalus dorsalis,T1023,310500,123500,OSI,1000,,The Raven,Brian Nelson,,FALSE,FALSE,,Wexford,Wexford,,Brian Nelson,,,,,Orthoptera Atlas,,,,
9.94202E+16,,,07/08/2014,07/08/2014,D,07/08/2014,NBNSYS0000006838,Omocestus viridulus,T1023,310500,123500,OSI,1000,,The Raven,Brian Nelson,,FALSE,FALSE,,Wexford,Wexford,,Brian Nelson,,,,,Orthoptera Atlas,,,,
9.94202E+16,,,05/09/2014,05/09/2014,D,05/09/2014,NHMSYS0001387317,Forficula auricularia,T1023,310500,123500,OSI,1000,,The Raven,Brian Nelson,,FALSE,FALSE,,Wexford,Wexford,,Brian Nelson,,,,,,,,,
2.40966E+16,,,01/07/1975,31/07/1975,DD,01/07/1975 - 31/07/1975,NBNSYS0000006842,Chorthippus brunneus,S304225,230450,122550,OSI,100,,"Tikincor,4m E of","Stubbs, A.E.",,FALSE,FALSE,,,206,Green lane,"Stubbs, A.E.",,,,,,Biological Records Centre,,,
2.40966E+16,,,03/08/2013,03/08/2013,D,03/08/2013,NBNSYS0000006842,Chorthippus brunneus,Q916238,91650,123850,OSI,100,,Kilflynn quarry,Geoff Hunt,,FALSE,FALSE,,Kerry,North Kerry,Refuse and other waste,,<10,,,,,,,,
9.94202E+16,,,18/08/2016,18/08/2016,D,18/08/2016,NBNSYS0000006824,Conocephalus dorsalis,T076239,307650,123950,OSI,100,,Wexford Wildfowl Reserve,Brian Nelson,,FALSE,FALSE,,Wexford,Wexford,grassland around brackish pond,Brian Nelson,present,,,Adult,,,,swept,
2.40966E+16,,,07/06/2007,07/06/2007,D,07/06/2007,NBNSYS0000006825,Leptophyes punctatissima,S237229,223750,122950,OSI,100,,Ferryhouse Bridge,Martin Cawley,,FALSE,FALSE,,,,river bank,,,,,,,,,,
2.40966E+16,,,25/10/2000,25/10/2000,D,25/10/2000,NHMSYS0001387382,Labia minor,S237229,223750,122950,OSI,100,,Ferryhouse,Martin Cawley,,FALSE,FALSE,,,,compost heap on waste ground,,,,,,,,,,
2.40966E+16,,,12/06/1990,12/06/1990,D,12/06/1990,NHMSYS0001387286,Chorthippus albomarginatus,Q7524,75500,124500,OSI,1000,,"Ballin Prior, W of","Arnold, H.; Eversham, B.; Green, S.G.",,FALSE,FALSE,,,202,,,,,,,,Biological Records Centre,,,
2.40966E+16,,,02/07/1976,02/07/1976,D,02/07/1976,NBNSYS0000006842,Chorthippus brunneus,T1124,311500,124500,OSI,1000,,"The Raven, Co. Wexford.","Speight, M.C.D.",,FALSE,FALSE,,,212,,,,Grasshoppers and crickets of Ireland,,,,National Biodiversity Data Centre Ireland,,,
2.40966E+16,,,01/07/1976,31/07/1976,DD,01/07/1976 - 31/07/1976,NBNSYS0000006842,Chorthippus brunneus,T1124,311500,124500,OSI,1000,,,"Speight, M.C.D.",,FALSE,FALSE,,,212,,"Speight, M.C.D.",,,,,,Biological Records Centre,,,
2.48947E+16,,,24/07/2016,24/07/2016,D,24/07/2016,NBNSYS0000006842,Chorthippus brunneus,,-7.67674,52.36192,WGS84,100,,Powerstown Way Estate,Seamus Sweeney,,FALSE,FALSE,,Tipperary,,,,,,,,,,,,
2.40966E+16,,,12/06/1990,12/06/1990,D,12/06/1990,NHMSYS0001387286,Chorthippus albomarginatus,Q72,75000,125000,OSI,10000,,"Akeragh Lough, S of","Arnold, H.; Eversham, B.; Green, S.G.",,FALSE,FALSE,,,202,,,,,,,,Biological Records Centre,,,
2.40966E+16,,,12/06/1990,12/06/1990,D,12/06/1990,NHMSYS0001387286,Chorthippus albomarginatus,Q72,75000,125000,OSI,10000,,"Ballyheige Dunes, 0.5 mile S of N en","Arnold, H.; Eversham, B.; Green, S.G.",,FALSE,FALSE,,,202,,,,,,,,Biological Records Centre,,,
2.40966E+16,,,12/06/1990,12/06/1990,D,12/06/1990,NHMSYS0001387286,Chorthippus albomarginatus,Q72,75000,125000,OSI,10000,,"Ballyheige Dunes, north end","Arnold, H.; Eversham, B.; Green, S.G.",,FALSE,FALSE,,,202,,,,,,,,Biological Records Centre,,,
2.40966E+16,,,12/06/1990,12/06/1990,D,12/06/1990,NHMSYS0001387317,Forficula auricularia,Q72,75000,125000,OSI,10000,,"Ballyheige Dunes, north end","Arnold, H.; Eversham, B.; Green, S.G.",,FALSE,FALSE,,,202,,,,,,,,Biological Records Centre,,,
2.41065E+16,,,10/11/2012,10/11/2012,D,10/11/2012,NHMSYS0001387317,Forficula auricularia,R528236,152850,123650,OSI,100,,Charleville,Marlyne Strijdom O'Donoghue,,FALSE,FALSE,Images\24106532627023545.jpg,Cork,Mid-Cork,Buildings and artificial surfaces,,1,,,,,,,,
2.40966E+16,,,16/05/1978,16/05/1978,D,16/05/1978,NHMSYS0001387317,Forficula auricularia,R7923,179500,123500,OSI,1000,,Ballyfauskeen Cross Roads,"Good, J.A.",,FALSE,FALSE,,,208,,"Good, J.A.",,,,,,Biological Records Centre,,,
2.40966E+16,,,04/10/2011,04/10/2011,D,04/10/2011,NHMSYS0001387317,Forficula auricularia,T109248,310950,124850,OSI,100,,"Raven, Wexford",Not documented,,FALSE,FALSE,,,,,,,http://www.ispot.org.uk/node/226820,,,,,,,
9.47987E+16,,,27/06/2006,27/06/2006,D,27/06/2006,NBNSYS0000006842,Chorthippus brunneus,T12,315000,125000,OSI,10000,,The Raven,Mark G. Telfer,,FALSE,FALSE,,,Wexford,,Mark G. Telfer,1,,,Nymph,"Mark G. Telfer 2006. Belted Beauty larval survey, Ireland",Submitted directly to the Data Centre,,,
9.94202E+16,,,16/08/2016,16/08/2016,D,16/08/2016,NHMSYS0001387317,Forficula auricularia,T112252,311250,125250,OSI,100,,The Raven,Brian Nelson,,FALSE,FALSE,,Wexford,Wexford,,Brian Nelson,,,,Adult,,,,Field record,
2.40966E+16,,,01/01/1960,31/12/1999,DD,01/01/1960 - 31/12/1999,NBNSYS0000006838,Omocestus viridulus,S92,295000,125000,OSI,10000,,"Wexford,8m W of","Macdonnell, L.M.",,FALSE,FALSE,,,212,,"Macdonnell, L.M.",,,,,,Biological Records Centre,,,
2.40966E+16,,,17/03/1977,17/03/1977,D,17/03/1977,NHMSYS0001387317,Forficula auricularia,S5624,256500,124500,OSI,1000,,Mullinavat,"Good, J.A.",,FALSE,FALSE,,,211,,"Good, J.A.",,,,,,Biological Records Centre,,,
2.40966E+16,,,21/05/2011,21/05/2011,D,21/05/2011,NBNSYS0000006833,Tetrix undulata,T1125,311500,125500,OSI,1000,,Raven Nature Reserve,J. Kinsella,,FALSE,FALSE,,,,,,,BioBlitz Wexford - Others,,,,,,,
2.40966E+16,,,21/05/2011,21/05/2011,D,21/05/2011,NHMSYS0001387317,Forficula auricularia,T1125,311500,125500,OSI,1000,,Raven Nature Reserve,M. O'Donnell & J. Whelehan,,FALSE,FALSE,,,,,,,BioBlitz Wexford - Others,,,,,,,
2.40966E+16,,,01/01/1963,31/12/1963,DD,01/01/1963 - 31/12/1963,NBNSYS0000006838,Omocestus viridulus,S02,205000,125000,OSI,10000,,"Caher,NE outskirts",,,FALSE,FALSE,,,207,,,,,,,,Biological Records Centre,,,
2.40966E+16,,,01/01/1964,31/12/1964,Y,1964,NBNSYS0000006838,Omocestus viridulus,S02,205000,125000,OSI,10000,,Caher,Goodhue,,FALSE,FALSE,,,207,,Goodhue,,,,,,"Andrewes, C.H.",,,
2.40966E+16,,,01/01/1964,31/12/1964,Y,1964,NBNSYS0000006838,Omocestus viridulus,S02,205000,125000,OSI,10000,,Caher,Goodhue,,FALSE,FALSE,,,207,,Goodhue,,,,,,Biological Records Centre,,,
2.41065E+16,,,19/08/2012,19/08/2012,D,19/08/2012,NBNSYS0000006838,Omocestus viridulus,R108258,110850,125850,OSI,100,,abbeyfeale,Geoff Hunt,,FALSE,FALSE,,Kerry,North Kerry,Amenity grassland (improved),,<10,,,,,,,,
2.41065E+16,,,19/08/2012,19/08/2012,D,19/08/2012,NBNSYS0000006842,Chorthippus brunneus,R108258,110850,125850,OSI,100,,abbeyfeale,Geoff Hunt,,FALSE,FALSE,,Kerry,North Kerry,Amenity grassland (improved),,<10,,,,,,,,
2.40966E+16,,,15/08/2014,15/08/2014,D,15/08/2014,NBNSYS0000006842,Chorthippus brunneus,T110264,311050,126450,OSI,100,,The Raven Nature Reserve,Gillian Stewart,,FALSE,FALSE,Images\24096605481210482.jpg,Wexford,Wexford,,,1,"Lots of grasshoppers around, but I only photographed (& identified) one.",,,,,,,
2.40966E+16,,,09/09/2014,09/09/2014,D,09/09/2014,NBNSYS0000006832,Tetrix subulata,R628258,162850,125850,OSI,100,,Ballingaddy,Geoff Hunt,,FALSE,FALSE,,Limerick,Limerick,Other artificial lakes and ponds,,1,,,,,,,,
2.40966E+16,,,13/09/2014,13/09/2014,D,13/09/2014,NBNSYS0000006838,Omocestus viridulus,R172267,117250,126750,OSI,100,,Abbeyfeale GST Templeglentin,Anneke Vrieling,,FALSE,FALSE,,Limerick,Limerick,Dry meadows and grassy verges,,<10,Identification confirmed Brian Nelson & John Fogarty,,,,,,,
2.40966E+16,,,01/09/1977,30/09/1977,DD,01/09/1977 - 30/09/1977,NBNSYS0000006838,Omocestus viridulus,R3526,135500,126500,OSI,1000,,Feohanagh,"Rands, D.G.",,FALSE,FALSE,,,208,,"Rands, D.G.",,,,,,Biological Records Centre,,,
2.40966E+16,,,01/09/1977,30/09/1977,DD,01/09/1977 - 30/09/1977,NBNSYS0000006842,Chorthippus brunneus,R3526,135500,126500,OSI,1000,,Feohanagh,"Rands, D.G.",,FALSE,FALSE,,,208,,"Rands, D.G.",,,,,,Biological Records Centre,,,
2.40966E+16,,,01/09/1977,30/09/1977,DD,01/09/1977 - 30/09/1977,NBNSYS0000006842,Chorthippus brunneus,Q9527,95500,127500,OSI,1000,,Pallas Hill,"Rands, D.G.",,FALSE,FALSE,,,202,,"Rands, D.G.",,,,,,Biological Records Centre,,,
2.40966E+16,,,01/09/1977,30/09/1977,DD,01/09/1977 - 30/09/1977,NBNSYS0000006838,Omocestus viridulus,Q9527,95500,127500,OSI,1000,,Pallas Hill,"Rands, D.G.",,FALSE,FALSE,,,202,,"Rands, D.G.",,,,,,Biological Records Centre,,,
2.40966E+16,,,30/07/2013,30/07/2013,D,30/07/2013,NBNSYS0000006842,Chorthippus brunneus,Q731283,73150,128350,OSI,100,,Ballyheigue slipway,Geoff Hunt,,FALSE,FALSE,,Kerry,North Kerry,"Sea walls, piers and jetties",,>50,,,,,,,,
9.47987E+16,,,03/08/2007,03/08/2007,D,03/08/2007,NBNSYS0000006838,Omocestus viridulus,Q753284,75350,128450,OSI,100,,"Ballyheigue, Co. Kerry",Geoff Hunt,,FALSE,FALSE,,,,,,2,,,,,Submitted directly to the Data Centre,,,
2.40966E+16,,,25/08/1989,25/08/1989,D,25/08/1989,NHMSYS0001387317,Forficula auricularia,T0628,306500,128500,OSI,1000,,Ballyhow Middle,"Arnold, H.; Eversham, B.; Green, S.G.",,FALSE,FALSE,,,212,,,,,,,,Biological Records Centre,,,
2.40966E+16,,,25/08/1989,25/08/1989,D,25/08/1989,NBNSYS0000006842,Chorthippus brunneus,T0628,306500,128500,OSI,1000,,Ballyhow Middle,"Arnold, H.; Eversham, B.; Green, S.G.",,FALSE,FALSE,,,212,,,,,,,,Biological Records Centre,,,
2.40966E+16,,,19/12/2004,19/12/2004,D,19/12/2004,NHMSYS0001387382,Labia minor,R6227,162500,127500,OSI,1000,,Kilmallock,Martin Cawley,,FALSE,FALSE,,,,dung heap in a field,,,,,,,,,,
2.41065E+16,,,01/03/2013,01/03/2013,D,01/03/2013,NHMSYS0001387317,Forficula auricularia,R611281,161150,128150,OSI,100,,Kilmallock,Marlyne Strijdom O'Donoghue,,FALSE,FALSE,Images\24106532627023546.jpg,Limerick,Limerick,Flower beds and borders,,1,,,,,,,,
2.41065E+16,,,05/09/2012,05/09/2012,D,05/09/2012,NBNSYS0000006838,Omocestus viridulus,R462287,146250,128750,OSI,100,,Ballyagran,Geoff Hunt,,FALSE,FALSE,,Limerick,Limerick,Dry meadows and grassy verges,,<10,,,,,,,,
2.41065E+16,,,05/09/2012,05/09/2012,D,05/09/2012,NBNSYS0000006842,Chorthippus brunneus,R462287,146250,128750,OSI,100,,Ballyagran,Geoff Hunt,,FALSE,FALSE,,Limerick,Limerick,Dry meadows and grassy verges,,<10,,,,,,,,
2.40966E+16,,,01/09/1977,30/09/1977,DD,01/09/1977 - 30/09/1977,NBNSYS0000006842,Chorthippus brunneus,R9328,193500,128500,OSI,1000,,Ardane,"Rands, D.G.",,FALSE,FALSE,,,207,,"Rands, D.G.",,,,,,Biological Records Centre,,,
2.48947E+16,,,07/06/2016,07/06/2016,D,07/06/2016,NBNSYS0000006838,Omocestus viridulus,Q747301,74750,130150,OSI,100,,'Glenlea',Jessica Hamilton,,FALSE,FALSE,Images\24894664796555030.jpg,Kerry,North Kerry,,,<10,,,,,,,,
2.40966E+16,,,28/05/2007,28/05/2007,D,28/05/2007,NHMSYS0001387317,Forficula auricularia,R604288,160450,128850,OSI,100,,Ardyoul,Martin Cawley,,FALSE,FALSE,,,,grassland,,,,,,,,,,
2.41065E+16,,,05/09/2012,05/09/2012,D,05/09/2012,NBNSYS0000006842,Chorthippus brunneus,R358293,135850,129350,OSI,100,,KIlmeedy,Geoff Hunt,,FALSE,FALSE,,Limerick,Limerick,Improved agricultural grassland,,<10,,,,,,,,
2.41065E+16,,,31/08/2012,31/08/2012,D,31/08/2012,NBNSYS0000006838,Omocestus viridulus,Q758308,75850,130850,OSI,100,,Causeway,Geoff Hunt,,FALSE,FALSE,,Kerry,North Kerry,Heath,,<10,,,,,,,,
2.41065E+16,,,02/08/2012,02/08/2012,D,02/08/2012,NHMSYS0001387317,Forficula auricularia,T026309,302650,130950,OSI,100,,coolakip,brian rickwood,,FALSE,FALSE,,Wexford,Wexford,Flower beds and borders,,<10,,,,,,,,
2.41065E+16,,,31/08/2012,31/08/2012,D,31/08/2012,NBNSYS0000006839,Myrmeleotettix maculatus,Q684316,68450,131650,OSI,100,,Kerryhead,Geoff Hunt,,FALSE,FALSE,,Kerry,North Kerry,Heath,,<10,,,,,,,,
2.41065E+16,,,31/08/2012,31/08/2012,D,31/08/2012,NBNSYS0000006842,Chorthippus brunneus,Q684316,68450,131650,OSI,100,,Kerryhead,Geoff Hunt,,FALSE,FALSE,,Kerry,North Kerry,Heath,,<10,,,,,,,,
2.41065E+16,,,05/09/2012,05/09/2012,D,05/09/2012,NBNSYS0000006842,Chorthippus brunneus,R410305,141050,130550,OSI,100,,Ballinruane,Geoff Hunt,,FALSE,FALSE,,Limerick,Limerick,(Mixed) broadleaved/conifer woodland,,<10,,,,,,,,
2.41065E+16,,,05/09/2012,05/09/2012,D,05/09/2012,NBNSYS0000006838,Omocestus viridulus,R410305,141050,130550,OSI,100,,Ballinruane,Geoff Hunt,,FALSE,FALSE,,Limerick,Limerick,(Mixed) broadleaved/conifer woodland,,<10,,,,,,,,
9.47987E+16,,,06/08/2007,06/08/2007,D,06/08/2007,NBNSYS0000006838,Omocestus viridulus,Q686323,68650,132350,OSI,100,,"Kerry Head, Co. Kerry",Geoff Hunt,,FALSE,FALSE,,,,,,2,,,,,Submitted directly to the Data Centre,,,
2.48947E+16,,,30/07/2016,30/07/2016,D,30/07/2016,NBNSYS0000006832,Tetrix subulata,T127319,312750,131950,OSI,100,,"Ballinaclash, Blackwater",Mary Mahon,,FALSE,FALSE,,Wexford,Wexford,,,1,,,,,,,,
2.41065E+16,,,05/09/2012,05/09/2012,D,05/09/2012,NBNSYS0000006842,Chorthippus brunneus,R313315,131350,131550,OSI,100,,Castlemahon,Geoff Hunt,,FALSE,FALSE,,Limerick,Limerick,Semi-natural grassland,,<10,,,,,,,,
2.41065E+16,,,03/11/2012,03/11/2012,D,03/11/2012,NHMSYS0001387317,Forficula auricularia,S609314,260950,131450,OSI,100,,"Mullenakill, Tullogher, Co Kilkenny",Maria Walsh,,FALSE,FALSE,,Kilkenny,Kilkenny,Buildings and artificial surfaces,,1,,,,,,,,
2.40966E+16,,,28/08/2010,28/08/2010,D,28/08/2010,NBNSYS0000006842,Chorthippus brunneus,R877311,187750,131150,OSI,100,,"Slievenamuck, Glen of Aherlow",Don Cotton,,FALSE,FALSE,,,,,,10,,,,,,,,
2.40966E+16,,,20/08/2000,20/08/2000,D,20/08/2000,NBNSYS0000006825,Leptophyes punctatissima,S4131,241500,131500,OSI,1000,,"Inchanaglogh, Kilkenny.",J.P. O'Connor ,,FALSE,FALSE,,,,,,,Grasshoppers and crickets of Ireland,,,,,,,
2.40966E+16,,,17/08/2014,17/08/2014,D,17/08/2014,NBNSYS0000006842,Chorthippus brunneus,S228314,222850,131450,OSI,100,,Kiltinan,Shona Foyle,,FALSE,FALSE,,Tipperary,South Tipperary,,,,,,,,,,,
2.40966E+16,,,17/08/2014,17/08/2014,D,17/08/2014,NBNSYS0000006838,Omocestus viridulus,S228314,222850,131450,OSI,100,,Kiltinan,Shona Foyle,,FALSE,FALSE,,Tipperary,South Tipperary,,,,,,,,,,,
2.40966E+16,,,18/09/2013,18/09/2013,D,18/09/2013,NBNSYS0000006838,Omocestus viridulus,S228314,222850,131450,OSI,100,,Kiltinan,Shona Foyle,,FALSE,FALSE,,Tipperary,South Tipperary,Semi-natural grassland,,1,,,,,,,,
2.48947E+16,,,06/09/2016,06/09/2016,D,06/09/2016,NHMSYS0001387418,Meconema thalassinum,S228314,222850,131450,OSI,100,,Kiltinan,Shona Foyle,,FALSE,FALSE,,Tipperary,South Tipperary,,,,,,,,,,,
2.41065E+16,,,14/09/2012,14/09/2012,D,14/09/2012,NHMSYS0001387317,Forficula auricularia,Q9732,97500,132500,OSI,1000,,Listowel,Michael Bell,,FALSE,FALSE,,Kerry,North Kerry,,,1,,,,,,,,
2.41065E+16,,,02/09/2012,02/09/2012,D,02/09/2012,NBNSYS0000006833,Tetrix undulata,R042333,104250,133350,OSI,100,,"Shanacool cross, Listowel",Geoff Hunt,,FALSE,FALSE,,Kerry,North Kerry,Disturbed ground,,<10,,,,,,,,
2.41065E+16,,,19/08/2012,19/08/2012,D,19/08/2012,NHMSYS0001387317,Forficula auricularia,S007325,200750,132550,OSI,100,,Ballycarron,Wendy Austin-Rawlings,,FALSE,FALSE,,Tipperary,South Tipperary,Flower beds and borders,,1,Species - not confirmed,,,,,,,
2.40966E+16,,,01/09/1977,30/09/1977,DD,01/09/1977 - 30/09/1977,NBNSYS0000006842,Chorthippus brunneus,Q7934,79500,134500,OSI,1000,,,"Rands, D.G.",,FALSE,FALSE,,,202,,"Rands, D.G.",,,,,,Biological Records Centre,,,
2.41065E+16,,,03/08/2012,03/08/2012,D,03/08/2012,NHMSYS0001387317,Forficula auricularia,R272336,127250,133650,OSI,100,,Newcastlewest,Geoff Hunt,,FALSE,FALSE,,Limerick,Limerick,Scattered trees and parkland,,1,,,,,,,,
2.40966E+16,,,11/06/1990,11/06/1990,D,11/06/1990,NBNSYS0000006842,Chorthippus brunneus,Q63,65000,135000,OSI,10000,,Kerry Head,"Arnold, H.; Eversham, B.; Green, S.G.",,FALSE,FALSE,,,202,,,,,,,,Biological Records Centre,,,
2.40966E+16,,,11/06/1990,11/06/1990,D,11/06/1990,NHMSYS0001387317,Forficula auricularia,Q63,65000,135000,OSI,10000,,Kerry Head,"Arnold, H.; Eversham, B.; Green, S.G.",,FALSE,FALSE,,,202,,,,,,,,Biological Records Centre,,,
2.40966E+16,,,01/08/1983,31/08/1983,DD,01/08/1983 - 31/08/1983,NBNSYS0000006839,Myrmeleotettix maculatus,Q63,65000,135000,OSI,10000,,Kerry Head,"Cotton, D.C.F.",,FALSE,FALSE,,,202,,"Cotton, D.C.F.",,,,,,Biological Records Centre,,,
2.40966E+16,,,11/06/1990,11/06/1990,D,11/06/1990,NBNSYS0000006838,Omocestus viridulus,Q63,65000,135000,OSI,10000,,Kerry Head,"Arnold, H.; Eversham, B.; Green, S.G.",,FALSE,FALSE,,,202,,,,,,,,Biological Records Centre,,,
2.40966E+16,,,25/08/1989,25/08/1989,D,25/08/1989,NHMSYS0001387317,Forficula auricularia,T0834,308500,134500,OSI,1000,,"Ballynamona, S of","Arnold, H.; Eversham, B.; Green, S.G.",,FALSE,FALSE,,,212,,,,,,,,Biological Records Centre,,,
2.40966E+16,,,11/06/1990,11/06/1990,D,11/06/1990,NBNSYS0000006839,Myrmeleotettix maculatus,Q73,75000,135000,OSI,10000,,Kerry Head,"Arnold, H.; Eversham, B.; Green, S.G.",,FALSE,FALSE,,,202,,,,,,,,Biological Records Centre,,,
2.40966E+16,,,11/06/1990,11/06/1990,D,11/06/1990,NBNSYS0000006838,Omocestus viridulus,Q73,75000,135000,OSI,10000,,Kerry Head,"Arnold, H.; Eversham, B.; Green, S.G.",,FALSE,FALSE,,,202,,,,,,,,Biological Records Centre,,,
2.40966E+16,,,11/06/1990,11/06/1990,D,11/06/1990,NBNSYS0000006838,Omocestus viridulus,Q73,75000,135000,OSI,10000,,Heirhill,"Arnold, H.; Eversham, B.; Green, S.G.",,FALSE,FALSE,,,202,,,,,,,,Biological Records Centre,,,
2.40966E+16,,,11/06/1990,11/06/1990,D,11/06/1990,NHMSYS0001387286,Chorthippus albomarginatus,Q83,85000,135000,OSI,10000,,Kilemore Strand,"Arnold, H.; Eversham, B.; Green, S.G.",,FALSE,FALSE,,,202,,,,,,,,Biological Records Centre,,,
2.41065E+16,,,05/09/2012,05/09/2012,D,05/09/2012,NBNSYS0000006842,Chorthippus brunneus,R274347,127450,134750,OSI,100,,Newcastlewest,Geoff Hunt,,FALSE,FALSE,,Limerick,Limerick,Disturbed ground,,<10,,,,,,,,
2.41065E+16,,,19/08/2012,19/08/2012,D,19/08/2012,NBNSYS0000006838,Omocestus viridulus,R281347,128150,134750,OSI,100,,Newcastlewest,Geoff Hunt,,FALSE,FALSE,,Limerick,Limerick,Semi-natural grassland,,1,,,,,,,,
2.41065E+16,,,06/08/2012,06/08/2012,D,06/08/2012,NBNSYS0000006838,Omocestus viridulus,R938346,193850,134650,OSI,100,,"kilshane, tipperary",william ryan,,FALSE,FALSE,,Tipperary,South Tipperary,Cultivated land,,1,,,,,,,,
2.40966E+16,,,03/08/2013,03/08/2013,D,03/08/2013,NBNSYS0000006842,Chorthippus brunneus,R049360,104950,136050,OSI,100,,Moyvane,Geoff Hunt,,FALSE,FALSE,,Kerry,North Kerry,Lowland blanket bog,,<10,,,,,,,,
2.40966E+16,,,14/07/2013,14/07/2013,D,14/07/2013,NBNSYS0000006842,Chorthippus brunneus,Q913368,91350,136850,OSI,100,,"Toohana bog, Ballyduff",Geoff Hunt,,FALSE,FALSE,,Kerry,North Kerry,,,Nov-50,,,,,,,,
2.40966E+16,,,14/07/2013,14/07/2013,D,14/07/2013,NBNSYS0000006838,Omocestus viridulus,Q913368,91350,136850,OSI,100,,"Toohana bog, Ballyduff",Geoff Hunt,,FALSE,FALSE,,Kerry,North Kerry,,,Nov-50,,,,,,,,
9.47987E+16,,,31/07/2007,31/07/2007,D,31/07/2007,NBNSYS0000006838,Omocestus viridulus,Q913368,91350,136850,OSI,100,,"Ballyduff, Co. Kerry",Geoff Hunt,,FALSE,FALSE,,,,,,1,,,,,Submitted directly to the Data Centre,,,
2.41065E+16,,,11/08/2012,11/08/2012,D,11/08/2012,NBNSYS0000006834,Stethophyma grossum,Q914368,91450,136850,OSI,100,,"Toohana, Ballyduff",Geoff Hunt,,FALSE,FALSE,,Kerry,North Kerry,Raised bog,,1,,,,,,,,
2.41065E+16,,,11/08/2012,11/08/2012,D,11/08/2012,NBNSYS0000006838,Omocestus viridulus,Q914368,91450,136850,OSI,100,,"Toohana, Ballyduff",Geoff Hunt,,FALSE,FALSE,,Kerry,North Kerry,Raised bog,,<10,,,,,,,,
2.41065E+16,,,11/08/2012,11/08/2012,D,11/08/2012,NBNSYS0000006842,Chorthippus brunneus,Q914368,91450,136850,OSI,100,,"Toohana, Ballyduff",Geoff Hunt,,FALSE,FALSE,,Kerry,North Kerry,Raised bog,,<10,,,,,,,,
2.48947E+16,,,20/09/2016,20/09/2016,D,20/09/2016,NBNSYS0000006842,Chorthippus brunneus,R482361,148250,136150,OSI,100,,Lisskennett,Geoff Hunt,,FALSE,FALSE,,Limerick,Limerick,(Mixed) conifer woodland,,,,,,,,,,
2.40966E+16,,,11/09/2005,11/09/2005,D,11/09/2005,NBNSYS0000006838,Omocestus viridulus,R4436,144500,136500,OSI,1000,,Knockfeerina,Martin Cawley,,FALSE,FALSE,,,,heathy hilltop,,,,,,,,,,
2.40966E+16,,,11/09/2005,11/09/2005,D,11/09/2005,NHMSYS0001387317,Forficula auricularia,R4436,144500,136500,OSI,1000,,Knockfeerina,Martin Cawley,,FALSE,FALSE,,,,heathy hilltop,,,,,,,,,,
2.41065E+16,,,03/08/2012,03/08/2012,D,03/08/2012,NBNSYS0000006838,Omocestus viridulus,T156376,315650,137650,OSI,100,,Ballynamona,Brendan Fitzpatrick,,FALSE,FALSE,Images\24106532627023206.jpg,Wexford,Wexford,Semi-natural grassland,,1,,,,,,,,
2.41065E+16,,,31/08/2012,31/08/2012,D,31/08/2012,NHMSYS0001387286,Chorthippus albomarginatus,Q866378,86650,137850,OSI,100,,Moneycashen,Geoff Hunt,,FALSE,FALSE,,Kerry,North Kerry,Sand dune systems,,>50,,,,,,,,
2.40966E+16,,,23/08/2000,23/08/2000,D,23/08/2000,NBNSYS0000006825,Leptophyes punctatissima,S7337,273500,137500,OSI,1000,,"St Mullins, Co. Carlow.",J.P. O'Connor ,,FALSE,FALSE,,,,,,,Grasshoppers and crickets of Ireland,,,,,,,
2.40966E+16,,,01/09/1972,30/09/1972,DD,01/09/1972 - 30/09/1972,NBNSYS0000006842,Chorthippus brunneus,S7337,273500,137500,OSI,1000,,St Mullins nr Graiguenamanagh,"Harding, P.T.",,FALSE,FALSE,,,213,"Grassland,non-calcareous","Skelton, M.J.L.",,,,,,Biological Records Centre,,,
2.40966E+16,,,01/09/1972,30/09/1972,DD,01/09/1972 - 30/09/1972,NBNSYS0000006838,Omocestus viridulus,S7337,273500,137500,OSI,1000,,St Mullins nr Graiguenamanagh,"Harding, P.T.",,FALSE,FALSE,,,213,"Grassland,non-calcareous","Skelton, M.J.L.",,,,,,Biological Records Centre,,,
2.40966E+16,,,14/07/2013,14/07/2013,D,14/07/2013,NBNSYS0000006842,Chorthippus brunneus,Q895383,89550,138350,OSI,100,,Ballyloughran,Geoff Hunt,,FALSE,FALSE,,Kerry,North Kerry,Spoil and bare ground,,Nov-50,,,,,,,,
2.40966E+16,,,19/08/1989,19/08/1989,D,19/08/1989,NHMSYS0001387317,Forficula auricularia,Q8639,86500,139500,OSI,1000,,Ballybunion Golf Links,"Arnold, H.; Eversham, B.; Green, S.G.",,FALSE,FALSE,,,202,,,,,,,,Biological Records Centre,,,
2.40966E+16,,,19/08/1989,19/08/1989,D,19/08/1989,NHMSYS0001387286,Chorthippus albomarginatus,Q8639,86500,139500,OSI,1000,,Ballybunion Golf Links,"Arnold, H.; Eversham, B.; Green, S.G.",,FALSE,FALSE,,,202,,,,,,,,Biological Records Centre,,,
2.40966E+16,,,26/07/2013,26/07/2013,D,26/07/2013,NBNSYS0000006842,Chorthippus brunneus,S335389,233550,138950,OSI,100,,Mullinahone Co-op,Ann Langley,,FALSE,FALSE,Images\24096605481210892.jpg,Tipperary,South Tipperary,Buildings and artificial surfaces,,1,Found indoors,,,,,,,
2.40966E+16,,,26/08/2013,26/08/2013,D,26/08/2013,NBNSYS0000006842,Chorthippus brunneus,T1940,319500,140500,OSI,1000,,Tinnabearna,Brian Nelson,,FALSE,FALSE,,,Wicklow,,Brian Nelson,,,,,,,,,
9.94202E+16,,,26/08/2013,26/08/2013,D,26/08/2013,NBNSYS0000006842,Chorthippus brunneus,T1940,319500,140500,OSI,1000,,Tinnabearna,Brian Nelson,,FALSE,FALSE,,Wexford,Wexford,,Brian Nelson,,,,,Orthoptera Atlas,,,,
9.94202E+16,,,26/08/2013,26/08/2013,D,26/08/2013,NHMSYS0001387317,Forficula auricularia,T1940,319500,140500,OSI,1000,,Tinnabearna,Brian Nelson,,FALSE,FALSE,,Wexford,Wexford,,Brian Nelson,,,,,,,,,
2.40966E+16,,,25/08/1989,25/08/1989,D,25/08/1989,NHMSYS0001387317,Forficula auricularia,T0940,309500,140500,OSI,1000,,Oulart,"Arnold, H.; Eversham, B.; Green, S.G.",,FALSE,FALSE,,,212,,,,,,,,Biological Records Centre,,,
9.47987E+16,,,02/08/2007,02/08/2007,D,02/08/2007,NBNSYS0000006838,Omocestus viridulus,Q995405,99550,140550,OSI,100,,"Listowel, Co. Kerry",Geoff Hunt,,FALSE,FALSE,,,,,,3,,,,,Submitted directly to the Data Centre,,,
2.40966E+16,,,15/08/1995,15/08/1995,D,15/08/1995,NBNSYS0000006842,Chorthippus brunneus,T1941,319500,141500,OSI,1000,,Kilmuckridge,"Nelson, B.",,FALSE,FALSE,,,212,,"Nelson, B.",,,,,,"Widgery, J.",,,
2.40966E+16,,,25/08/1989,25/08/1989,D,25/08/1989,NHMSYS0001387317,Forficula auricularia,T1141,311500,141500,OSI,1000,,Kilnamanagh,"Arnold, H.; Eversham, B.; Green, S.G.",,FALSE,FALSE,,,212,,,,,,,,Biological Records Centre,,,
2.40966E+16,,,20/07/2013,20/07/2013,D,20/07/2013,NBNSYS0000006842,Chorthippus brunneus,Q995413,99550,141350,OSI,100,,Shronowen bog,Geoff Hunt,,FALSE,FALSE,,Kerry,North Kerry,Lowland blanket bog,,Nov-50,,,,,,,,
2.41065E+16,,,23/08/2012,23/08/2012,D,23/08/2012,NHMSYS0001387317,Forficula auricularia,S587413,258750,141350,OSI,100,,Grennan,Sabrina O Brien,,FALSE,FALSE,,Kilkenny,Kilkenny,,,Nov-50,,,,,,,,
2.41065E+16,,,25/08/2012,25/08/2012,D,25/08/2012,NBNSYS0000006842,Chorthippus brunneus,R355414,135550,141450,OSI,100,,"Carrowclogh, Shanagolden",Geoff Hunt,,FALSE,FALSE,,Limerick,Limerick,Recolonising bare ground,,<10,,,,,,,,
2.41065E+16,,,20/08/2012,20/08/2012,D,20/08/2012,NBNSYS0000006842,Chorthippus brunneus,R355414,135550,141450,OSI,100,,Rathkeale,Geoff Hunt,,FALSE,FALSE,,Limerick,Limerick,Amenity grassland (improved),,<10,,,,,,,,
2.41065E+16,,,13/09/2012,13/09/2012,D,13/09/2012,NBNSYS0000006842,Chorthippus brunneus,R513414,151350,141450,OSI,100,,Croom,Geoff Hunt,,FALSE,FALSE,,Limerick,Limerick,Scattered trees and parkland,,<10,,,,,,,,
2.41065E+16,,,13/09/2012,13/09/2012,D,13/09/2012,NBNSYS0000006838,Omocestus viridulus,R513414,151350,141450,OSI,100,,Croom,Geoff Hunt,,FALSE,FALSE,,Limerick,Limerick,Scattered trees and parkland,,<10,,,,,,,,
9.47987E+16,,,02/08/2007,02/08/2007,D,02/08/2007,NBNSYS0000006838,Omocestus viridulus,Q904424,90450,142450,OSI,100,,"Knockanore, Co. Kerry",Geoff Hunt,,FALSE,FALSE,,,,,,5,,,,,Submitted directly to the Data Centre,,,
2.40966E+16,,,17/08/1989,17/08/1989,D,17/08/1989,NHMSYS0001387317,Forficula auricularia,R0642,106500,142500,OSI,1000,,Killimer Car Ferry,"Arnold, H.; Eversham, B.; Green, S.G.",,FALSE,FALSE,,,202,,,,,,,,Biological Records Centre,,,
2.40966E+16,,,06/08/2013,06/08/2013,D,06/08/2013,NBNSYS0000006838,Omocestus viridulus,Q950428,95050,142850,OSI,100,,Kilcock bog,Geoff Hunt,,FALSE,FALSE,,Kerry,North Kerry,Lowland blanket bog,,Nov-50,,,,,,,,
2.40966E+16,,,06/08/2013,06/08/2013,D,06/08/2013,NBNSYS0000006842,Chorthippus brunneus,Q950428,95050,142850,OSI,100,,Kilcock bog,Geoff Hunt,,FALSE,FALSE,,Kerry,North Kerry,,,Nov-50,,,,,,,,
2.48947E+16,,,06/10/2016,06/10/2016,D,06/10/2016,NBNSYS0000160590,Orthoptera,S832430,283250,143050,OSI,100,,"Newtown Lane, Killanne",Joanna Hodghton,,FALSE,FALSE,,Wexford,Wexford,,,1,,,,,,,,
2.41065E+16,,,31/08/2012,31/08/2012,D,31/08/2012,NBNSYS0000006842,Chorthippus brunneus,Q866442,86650,144250,OSI,100,,"Bromore, Ballybunion",Geoff Hunt,,FALSE,FALSE,,Kerry,North Kerry,Recolonising bare ground,,<10,,,,,,,,
2.40966E+16,,,12/07/1977,12/07/1977,D,12/07/1977,NHMSYS0001387317,Forficula auricularia,S3543,235500,143500,OSI,1000,,"Mullinahone,nr","Good, J.A.",,FALSE,FALSE,,,207,,"Good, J.A.",,,,,,Biological Records Centre,,,
9.47987E+16,,,28/06/2006,28/06/2006,D,28/06/2006,NBNSYS0000006842,Chorthippus brunneus,T24,325000,145000,OSI,10000,,"Cahore dunes, S. of Cahore Point",Mark G. Telfer,,FALSE,FALSE,,,Wexford,,Mark G. Telfer,,Searching Lotus corniculatus,,Nymph,"Mark G. Telfer 2006. Belted Beauty larval survey, Ireland",Submitted directly to the Data Centre,,,
9.47987E+16,,,28/06/2006,28/06/2006,D,28/06/2006,NHMSYS0001387317,Forficula auricularia,T24,325000,145000,OSI,10000,,"Cahore dunes, S. of Cahore Point",Mark G. Telfer,,FALSE,FALSE,,,Wexford,,Mark G. Telfer,,,,Adult,"Mark G. Telfer 2006. Belted Beauty larval survey, Ireland",Submitted directly to the Data Centre,,,
9.47987E+16,,,28/06/2006,28/06/2006,D,28/06/2006,NBNSYS0000006839,Myrmeleotettix maculatus,T24,325000,145000,OSI,10000,,"Cahore dunes, S. of Cahore Point",Mark G. Telfer,,FALSE,FALSE,,,Wexford,,Mark G. Telfer,Common,,,Adult,"Mark G. Telfer 2006. Belted Beauty larval survey, Ireland",Submitted directly to the Data Centre,,,
2.48947E+16,,,20/10/2016,20/10/2016,D,20/10/2016,NBNSYS0000160590,Orthoptera,S861446,286150,144650,OSI,100,,"Woodbrook, Killanne",Joanna Hodghton,,FALSE,FALSE,,Wexford,Wexford,,,,,,,,,,,
2.40966E+16,,,01/01/1999,31/12/1999,Y,1999,NBNSYS0000006833,Tetrix undulata,S94,295000,145000,OSI,10000,,Killoughrum,,,FALSE,FALSE,,,212,,"O'Connor, J.P.",,,,,,"Harding, P.T.",,,
2.40966E+16,,,01/01/1920,31/12/1920,Y,1920,NBNSYS0000006833,Tetrix undulata,S94,295000,145000,OSI,10000,,Killoughrum,,,FALSE,FALSE,,,212,,,,,,,,Biological Records Centre,,,
2.40966E+16,,,01/01/1960,31/12/1999,DD,01/01/1960 - 31/12/1999,NBNSYS0000006842,Chorthippus brunneus,S74,275000,145000,OSI,10000,,Graiguenamanagh,"Crosskey, M.A.; Crosskey, R.W.",,FALSE,FALSE,,,211,,"Crosskey, M.A.; Crosskey, R.W.",,,,,,Biological Records Centre,,,
2.40966E+16,,,01/01/1960,31/12/1999,DD,01/01/1960 - 31/12/1999,NBNSYS0000006838,Omocestus viridulus,S74,275000,145000,OSI,10000,,Graiguenamanagh,"Crosskey, M.A.; Crosskey, R.W.",,FALSE,FALSE,,,211,,"Crosskey, M.A.; Crosskey, R.W.",,,,,,Biological Records Centre,,,
2.40966E+16,,,01/09/1972,30/09/1972,DD,01/09/1972 - 30/09/1972,NBNSYS0000006842,Chorthippus brunneus,S7245,272500,145500,OSI,1000,,Knockbodaly nr Graiguenamanagh,"Harding, P.T.",,FALSE,FALSE,,,211,"Grassland,non-calcareous","Skelton, M.J.L.",,,,,,Biological Records Centre,,,
2.40966E+16,,,01/01/1963,31/12/1963,DD,01/01/1963 - 31/12/1963,NBNSYS0000006838,Omocestus viridulus,S04,205000,145000,OSI,10000,,"Cashel,1.5m N of",,,FALSE,FALSE,,,207,,,,,,,,Biological Records Centre,,,
2.40966E+16,,,01/01/1964,31/12/1964,Y,1964,NBNSYS0000006838,Omocestus viridulus,S04,205000,145000,OSI,10000,,Cashel,Goodhue,,FALSE,FALSE,,,207,,Goodhue,,,,,,"Andrewes, C.H.",,,
2.40966E+16,,,01/01/1964,31/12/1964,Y,1964,NBNSYS0000006838,Omocestus viridulus,S04,205000,145000,OSI,10000,,Cashel,Goodhue,,FALSE,FALSE,,,207,,Goodhue,,,,,,Biological Records Centre,,,
2.41065E+16,,,08/08/2012,08/08/2012,D,08/08/2012,NHMSYS0001387317,Forficula auricularia,R449464,144950,146450,OSI,100,,"Kilknockan, Adare, Co. Limerick.",Mairead Caulfield,,FALSE,FALSE,,Limerick,Limerick,Buildings and artificial surfaces,,1,,,,,,,,
2.41065E+16,,,13/09/2012,13/09/2012,D,13/09/2012,NBNSYS0000006838,Omocestus viridulus,R462465,146250,146550,OSI,100,,Adare,Geoff Hunt,,FALSE,FALSE,,Limerick,Limerick,Disturbed ground,,<10,,,,,,,,
2.41065E+16,,,13/09/2012,13/09/2012,D,13/09/2012,NBNSYS0000006842,Chorthippus brunneus,R462465,146250,146550,OSI,100,,Adare,Geoff Hunt,,FALSE,FALSE,,Limerick,Limerick,Disturbed ground,,<10,,,,,,,,
9.47987E+16,,,02/08/2007,02/08/2007,D,02/08/2007,NBNSYS0000006838,Omocestus viridulus,Q988474,98850,147450,OSI,100,,"Ballylongford, Co. Kerry",Geoff Hunt,,FALSE,FALSE,,,,,,1,,,,,Submitted directly to the Data Centre,,,
2.41065E+16,,,02/09/2012,02/09/2012,D,02/09/2012,NBNSYS0000006842,Chorthippus brunneus,Q967476,96750,147650,OSI,100,,"Bunnaclugga, Ballylongford",Geoff Hunt,,FALSE,FALSE,,Kerry,North Kerry,Shingle and gravel banks,,<10,,,,,,,,
2.41065E+16,,,20/08/2012,20/08/2012,D,20/08/2012,NBNSYS0000006838,Omocestus viridulus,R285474,128550,147450,OSI,100,,"Carrowclogh, Shanagolden",Geoff Hunt,,FALSE,FALSE,,Limerick,Limerick,Spoil and bare ground,,<10,,,,,,,,
2.41065E+16,,,02/09/2012,02/09/2012,D,02/09/2012,NHMSYS0001387286,Chorthippus albomarginatus,Q895483,89550,148350,OSI,100,,Beal,Geoff Hunt,,FALSE,FALSE,,Kerry,North Kerry,Sand dune systems,,>50,,,,,,,,
2.40966E+16,,,01/08/2013,01/08/2013,D,01/08/2013,NHMSYS0001387286,Chorthippus albomarginatus,Q895483,89550,148350,OSI,100,,Beal Strand,Geoff Hunt,,FALSE,FALSE,,Kerry,North Kerry,Marram dunes,,Nov-50,,,,,,,,
2.40966E+16,,,19/08/1989,19/08/1989,D,19/08/1989,NHMSYS0001387317,Forficula auricularia,Q8948,89500,148500,OSI,1000,,"Beal Point, W of","Arnold, H.; Eversham, B.; Green, S.G.",,FALSE,FALSE,,,202,,,,,,,,Biological Records Centre,,,
2.40966E+16,,,19/08/1989,19/08/1989,D,19/08/1989,NHMSYS0001387286,Chorthippus albomarginatus,Q8948,89500,148500,OSI,1000,,"Beal Point, W of","Arnold, H.; Eversham, B.; Green, S.G.",,FALSE,FALSE,,,202,,,,,,,,Biological Records Centre,,,
2.40966E+16,,,21/06/2013,21/06/2013,D,21/06/2013,NBNSYS0000006838,Omocestus viridulus,R470475,147050,147550,OSI,100,,Adare,Geoff Hunt,,FALSE,FALSE,,Limerick,Limerick,Recolonising bare ground,,<10,Disused railway cutting through Limestone.,,,,,,,
2.41065E+16,,,02/09/2012,02/09/2012,D,02/09/2012,NHMSYS0001387286,Chorthippus albomarginatus,Q905485,90550,148550,OSI,100,,Beal,Geoff Hunt,,FALSE,FALSE,,Kerry,North Kerry,Sand dune systems,,>50,,,,,,,,
2.41065E+16,,,02/09/2012,02/09/2012,D,02/09/2012,NBNSYS0000006838,Omocestus viridulus,Q905485,90550,148550,OSI,100,,Beal,Geoff Hunt,,FALSE,FALSE,,Kerry,North Kerry,Sand dune systems,,<10,,,,,,,,
2.41065E+16,,,02/09/2012,02/09/2012,D,02/09/2012,NBNSYS0000006842,Chorthippus brunneus,Q905485,90550,148550,OSI,100,,Beal,Geoff Hunt,,FALSE,FALSE,,Kerry,North Kerry,Semi-natural grassland,,<10,,,,,,,,
2.40966E+16,,,19/08/1989,19/08/1989,D,19/08/1989,NBNSYS0000006842,Chorthippus brunneus,R0748,107500,148500,OSI,1000,,Tarbert House,"Arnold, H.; Eversham, B.; Green, S.G.",,FALSE,FALSE,,,202,,,,,,,,Biological Records Centre,,,
2.48947E+16,,,14/07/2016,14/07/2016,D,14/07/2016,NBNSYS0000006832,Tetrix subulata,S121479,212150,147950,OSI,100,,"Ballytarsna, Hackett",John Fogarty,,FALSE,FALSE,,Tipperary,South Tipperary,Recolonising bare ground,,,,,,,,,Sweep net,
2.41065E+16,,,27/08/2012,27/08/2012,D,27/08/2012,NHMSYS0001387317,Forficula auricularia,Q841494,84150,149450,OSI,100,,"Kilcredaun,Carrigaholt",Geoff Magee,,FALSE,FALSE,,Clare,Clare,Stone walls and other stonework,,>50,Usually one or two seen almost every day.,,,,,,,
2.40966E+16,,,19/08/1989,19/08/1989,D,19/08/1989,NBNSYS0000006842,Chorthippus brunneus,Q9049,90500,149500,OSI,1000,,Beal Point,"Arnold, H.; Eversham, B.; Green, S.G.",,FALSE,FALSE,,,202,,,,,,,,Biological Records Centre,,,
2.40966E+16,,,19/08/1989,19/08/1989,D,19/08/1989,NHMSYS0001387286,Chorthippus albomarginatus,Q9049,90500,149500,OSI,1000,,Beal Point,"Arnold, H.; Eversham, B.; Green, S.G.",,FALSE,FALSE,,,202,,,,,,,,Biological Records Centre,,,
2.40966E+16,,,19/08/1989,19/08/1989,D,19/08/1989,NBNSYS0000006839,Myrmeleotettix maculatus,Q9049,90500,149500,OSI,1000,,Beal Point,"Arnold, H.; Eversham, B.; Green, S.G.",,FALSE,FALSE,,,202,,,,,,,,Biological Records Centre,,,
2.40966E+16,,,27/07/2009,27/07/2009,D,27/07/2009,NBNSYS0000006838,Omocestus viridulus,S1448,214500,148500,OSI,1000,,KNOCKNANUSS HORSE & JOCKEY,Not documented,,FALSE,FALSE,,,,,,,http://www.ispot.org.uk/node/11348,,,,,,,
2.40966E+16,,,02/08/2010,02/08/2010,D,02/08/2010,NBNSYS0000006832,Tetrix subulata,S1448,214500,148500,OSI,1000,,KNOCKNANUSS,Not documented,,FALSE,FALSE,,,,,,,http://www.ispot.org.uk/node/70658,,,,,,,
2.41065E+16,,,25/08/2012,25/08/2012,D,25/08/2012,NBNSYS0000006842,Chorthippus brunneus,Q730502,73050,150250,OSI,100,,Kilbaha,Geoff Hunt,,FALSE,FALSE,,Clare,Clare,Shingle and gravel banks,,<10,,,,,,,,
2.41065E+16,,,14/09/2012,14/09/2012,D,14/09/2012,NHMSYS0001387317,Forficula auricularia,S554490,255450,149050,OSI,100,,18 The Ring Bennettsbridge,Lynda Weekes,,FALSE,FALSE,,Kilkenny,Kilkenny,Flower beds and borders,,1,,,,,,,,
2.48947E+16,,,22/08/2016,22/08/2016,D,22/08/2016,NBNSYS0000006842,Chorthippus brunneus,Q730506,73050,150650,OSI,100,,Bridges of Ross,Geoff Hunt,,FALSE,FALSE,,Clare,Clare,,,<10,,,,,,,,
2.40966E+16,,,05/04/2012,05/04/2012,D,05/04/2012,NBNSYS0000006832,Tetrix subulata,S144490,214450,149050,OSI,100,,"Unnamed Rd, Knocknanuss",Not documented,,FALSE,FALSE,,,,,,,http://www.ispot.org.uk/node/255435,,,,,,,
2.40966E+16,,,23/04/2015,23/04/2015,D,23/04/2015,NBNSYS0000006832,Tetrix subulata,S144491,214450,149150,OSI,100,,"Knocknanuss ,Horse Jockey ,Thurles",John Fogarty,,FALSE,FALSE,,Tipperary,South Tipperary,Recolonising bare ground,<10,,,,,,,,,
9.47987E+16,,,02/08/2010,02/08/2010,D,02/08/2010,NBNSYS0000006832,Tetrix subulata,S144491,214450,149150,OSI,100,,"Knocknanuss, Horse and Jockey, Co. Tipperary",John Fogarty,,FALSE,FALSE,,Tipperary,South Tipperary,Bogs,JOHN FOGARTY,3,,,,,Data Centre's on-line submission,,,
2.41065E+16,,,09/08/2012,09/08/2012,D,09/08/2012,NHMSYS0001387317,Forficula auricularia,S144491,214450,149150,OSI,100,,KNOCKNANUSS,John Fogarty,,FALSE,FALSE,,Tipperary,South Tipperary,Buildings and artificial surfaces,,Nov-50,Plentiful,,,,,,,
2.41065E+16,,,24/07/2012,24/07/2012,D,24/07/2012,NBNSYS0000006838,Omocestus viridulus,S144491,214450,149150,OSI,100,,KNOCKNANUSS,John Fogarty,,FALSE,FALSE,,Tipperary,South Tipperary,Buildings and artificial surfaces,,Nov-50,Plentiful,,,,,,,
2.40966E+16,,,23/11/2001,23/11/2001,D,23/11/2001,NHMSYS0001387317,Forficula auricularia,S4149,241500,149500,OSI,1000,,Ballykeefe,Martin Cawley,,FALSE,FALSE,,,,hedgerow,,,,,,,,,,
2.41065E+16,,,13/08/2012,13/08/2012,D,13/08/2012,NHMSYS0001387317,Forficula auricularia,S634498,263450,149850,OSI,100,,"Bramblestown, Gowran, Co. Kilkenny",Liam Lysaght,,FALSE,FALSE,,Kilkenny,Kilkenny,Flower beds and borders,,<10,,,,,,,,
2.41065E+16,,,28/10/2012,28/10/2012,D,28/10/2012,NHMSYS0001387317,Forficula auricularia,S634498,263450,149850,OSI,100,,"Bramblestown, Gowran",Liam Lysaght,,FALSE,FALSE,,Kilkenny,Kilkenny,,,<10,,,,,,,,
2.41065E+16,,,25/08/2012,25/08/2012,D,25/08/2012,NBNSYS0000006842,Chorthippus brunneus,R376503,137650,150350,OSI,100,,"Ballyengland, Askeaton",Geoff Hunt,,FALSE,FALSE,,Limerick,Limerick,Semi-natural grassland,,<10,,,,,,,,
2.40966E+16,,,11/07/2014,11/07/2014,D,11/07/2014,NBNSYS0000006832,Tetrix subulata,S190502,219050,150250,OSI,100,,Lisskeveen,John Fogarty,,FALSE,FALSE,,Tipperary,South Tipperary,Cutover bog,,,20 at least,,,,,,,
2.41065E+16,,,09/08/2012,09/08/2012,D,09/08/2012,NHMSYS0001387317,Forficula auricularia,S119502,211950,150250,OSI,100,,Aughnagomaun,John Fogarty,,FALSE,FALSE,,Tipperary,South Tipperary,Buildings and artificial surfaces,,Nov-50,Plentiful,,,,,,,
2.41065E+16,,,09/08/2012,09/08/2012,D,09/08/2012,NBNSYS0000006838,Omocestus viridulus,R298508,129850,150850,OSI,100,,"Barrigone, Askeaton",Geoff Hunt,,FALSE,FALSE,,Limerick,Limerick,Dry calcareous and neutral grassland,,<10,,,,,,,,
2.40966E+16,,,19/08/1989,19/08/1989,D,19/08/1989,NHMSYS0001387317,Forficula auricularia,R3051,130500,151500,OSI,1000,,"Tomdeely, W of","Arnold, H.; Eversham, B.; Green, S.G.",,FALSE,FALSE,,,208,,,,,,,,Biological Records Centre,,,
2.40966E+16,,,19/08/1989,19/08/1989,D,19/08/1989,NBNSYS0000006838,Omocestus viridulus,R3051,130500,151500,OSI,1000,,"Tomdeely, W of","Arnold, H.; Eversham, B.; Green, S.G.",,FALSE,FALSE,,,208,,,,,,,,Biological Records Centre,,,
2.40966E+16,,,01/09/1977,30/09/1977,DD,01/09/1977 - 30/09/1977,NBNSYS0000006832,Tetrix subulata,R5451,154500,151500,OSI,1000,,"Patrickswell,nr","Rands, D.G.",,FALSE,FALSE,,,208,,"Rands, D.G.",,,,,,Biological Records Centre,,,
2.40966E+16,,,23/11/2001,23/11/2001,D,23/11/2001,NHMSYS0001387317,Forficula auricularia,S4151,241500,151500,OSI,1000,,Ballykeefe Hill Wood,Martin Cawley,,FALSE,FALSE,,,,deciduous woodland,,,,,,,,,,
2.40966E+16,,,17/08/1989,17/08/1989,D,17/08/1989,NBNSYS0000006842,Chorthippus brunneus,R0252,102500,152500,OSI,1000,,Moneypoint Generating Station,"Arnold, H.; Eversham, B.; Green, S.G.",,FALSE,FALSE,,,209,,,,,,,,Biological Records Centre,,,
2.40966E+16,,,17/08/1989,17/08/1989,D,17/08/1989,NHMSYS0001387317,Forficula auricularia,R0252,102500,152500,OSI,1000,,Moneypoint Generating Station,"Arnold, H.; Eversham, B.; Green, S.G.",,FALSE,FALSE,,,209,,,,,,,,Biological Records Centre,,,
2.41065E+16,,,06/08/2012,06/08/2012,D,06/08/2012,NBNSYS0000006842,Chorthippus brunneus,T202534,320250,153450,OSI,100,,Poulshone,Tracy Anne Fennell,,FALSE,FALSE,,Wexford,Wexford,Sand dune systems,,1,"Our house is on a coastal bluff, our garden where the grasshopper was seen is mostly natural habitat, bracken and scrub.",,,,,,,
2.41065E+16,,,23/08/2012,23/08/2012,D,23/08/2012,NHMSYS0001387317,Forficula auricularia,T202534,320250,153450,OSI,100,,"Poulshone, Gorey",Tracy Anne Fennell,,FALSE,FALSE,,Wexford,Wexford,Flower beds and borders,,Nov-50,I have counted approx 20 earwigs living in one flower pot and many in pots where I am growing veg especially gherkins and onions. We do not use any chemicals in our garden.,,,,,,,
2.40966E+16,,,30/05/2014,30/05/2014,D,30/05/2014,NBNSYS0000006833,Tetrix undulata,R405523,140550,152350,OSI,100,,Curraghchase,Geoff Hunt,,FALSE,FALSE,,Limerick,Limerick,(Mixed) broadleaved/conifer woodland,,1,first county record,,,,,,,
2.40966E+16,,,19/08/1989,19/08/1989,D,19/08/1989,NBNSYS0000006842,Chorthippus brunneus,R2952,129500,152500,OSI,1000,,Poolaweala Creek,"Arnold, H.; Eversham, B.; Green, S.G.",,FALSE,FALSE,,,209,,,,,,,,Biological Records Centre,,,
2.40966E+16,,,19/08/1989,19/08/1989,D,19/08/1989,NHMSYS0001387317,Forficula auricularia,R2952,129500,152500,OSI,1000,,Poolaweala Creek,"Arnold, H.; Eversham, B.; Green, S.G.",,FALSE,FALSE,,,209,,,,,,,,Biological Records Centre,,,
2.40966E+16,,,19/08/1989,19/08/1989,D,19/08/1989,NBNSYS0000006838,Omocestus viridulus,R2952,129500,152500,OSI,1000,,Poolaweala Creek,"Arnold, H.; Eversham, B.; Green, S.G.",,FALSE,FALSE,,,209,,,,,,,,Biological Records Centre,,,
2.40966E+16,,,17/08/1989,17/08/1989,D,17/08/1989,NHMSYS0001387317,Forficula auricularia,Q9953,99500,153500,OSI,1000,,"Moyne, W of","Arnold, H.; Eversham, B.; Green, S.G.",,FALSE,FALSE,,,209,,,,,,,,Biological Records Centre,,,
2.40966E+16,,,17/08/1989,17/08/1989,D,17/08/1989,NBNSYS0000006842,Chorthippus brunneus,R0953,109500,153500,OSI,1000,,Knock Village,"Arnold, H.; Eversham, B.; Green, S.G.",,FALSE,FALSE,,,209,,,,,,,,Biological Records Centre,,,
2.40966E+16,,,17/08/1989,17/08/1989,D,17/08/1989,NBNSYS0000006838,Omocestus viridulus,R0953,109500,153500,OSI,1000,,Knock Village,"Arnold, H.; Eversham, B.; Green, S.G.",,FALSE,FALSE,,,209,,,,,,,,Biological Records Centre,,,
2.40966E+16,,,17/08/1989,17/08/1989,D,17/08/1989,NHMSYS0001387317,Forficula auricularia,R1653,116500,153500,OSI,1000,,"Labasheeda, E of","Arnold, H.; Eversham, B.; Green, S.G.",,FALSE,FALSE,,,209,,,,,,,,Biological Records Centre,,,
2.40966E+16,,,17/09/2014,17/09/2014,D,17/09/2014,NBNSYS0000006833,Tetrix undulata,R288536,128850,153650,OSI,100,,Aughinish,Geoff Hunt,,FALSE,FALSE,,Limerick,Limerick,Dry calcareous and neutral grassland,,1,,,,,,,,
2.41065E+16,,,30/08/2012,30/08/2012,D,30/08/2012,NBNSYS0000006842,Chorthippus brunneus,R515538,151550,153850,OSI,100,,Clarina,Geoff Hunt,,FALSE,FALSE,,Limerick,Limerick,Disturbed ground,,Nov-50,,,,,,,,
2.40966E+16,,,01/01/1999,31/12/1999,Y,1999,NHMSYS0001387317,Forficula auricularia,Q95,95000,155000,OSI,10000,,Kilrush,,,FALSE,FALSE,,,209,,"O'Connor, J.P.",,,,,,"Harding, P.T.",,,
2.40966E+16,,,01/01/1963,31/12/1963,DD,01/01/1963 - 31/12/1963,NBNSYS0000006838,Omocestus viridulus,S95,295000,155000,OSI,10000,,Bunclody,,,FALSE,FALSE,,,213,,,,,,,,Biological Records Centre,,,
2.40966E+16,,,01/01/1964,31/12/1964,Y,1964,NBNSYS0000006842,Chorthippus brunneus,S95,295000,155000,OSI,10000,,Bunclody,Goodhue,,FALSE,FALSE,,,213,,Goodhue,,,,,,"Andrewes, C.H.",,,
2.40966E+16,,,01/01/1964,31/12/1964,Y,1964,NBNSYS0000006842,Chorthippus brunneus,S95,295000,155000,OSI,10000,,Bunclody,Goodhue,,FALSE,FALSE,,,213,,Goodhue,,,,,,Biological Records Centre,,,
2.40966E+16,,,01/01/1963,31/12/1963,DD,01/01/1963 - 31/12/1963,NBNSYS0000006842,Chorthippus brunneus,S95,295000,155000,OSI,10000,,Bunclody,,,FALSE,FALSE,,,213,,,,,,,,Biological Records Centre,,,
2.40966E+16,,,01/01/1964,31/12/1964,Y,1964,NBNSYS0000006838,Omocestus viridulus,S95,295000,155000,OSI,10000,,Bunclody,Goodhue,,FALSE,FALSE,,,213,,Goodhue,,,,,,Biological Records Centre,,,
2.40966E+16,,,01/01/1964,31/12/1964,Y,1964,NBNSYS0000006838,Omocestus viridulus,S95,295000,155000,OSI,10000,,Bunchody,Goodhue,,FALSE,FALSE,,,213,,Goodhue,,,,,,"Andrewes, C.H.",,,
2.40966E+16,,,19/08/1989,19/08/1989,D,19/08/1989,NBNSYS0000006838,Omocestus viridulus,R4354,143500,154500,OSI,1000,,"Dromore Castle, S of","Arnold, H.; Eversham, B.; Green, S.G.",,FALSE,FALSE,,,208,,,,,,,,Biological Records Centre,,,
2.40966E+16,,,19/08/1989,19/08/1989,D,19/08/1989,NBNSYS0000006842,Chorthippus brunneus,R4354,143500,154500,OSI,1000,,"Dromore Castle, S of","Arnold, H.; Eversham, B.; Green, S.G.",,FALSE,FALSE,,,208,,,,,,,,Biological Records Centre,,,
2.40966E+16,,,19/08/1989,19/08/1989,D,19/08/1989,NHMSYS0001387317,Forficula auricularia,R4354,143500,154500,OSI,1000,,"Dromore Castle, S of","Arnold, H.; Eversham, B.; Green, S.G.",,FALSE,FALSE,,,208,,,,,,,,Biological Records Centre,,,
2.41065E+16,,,30/08/2012,30/08/2012,D,30/08/2012,NBNSYS0000006842,Chorthippus brunneus,R431546,143150,154650,OSI,100,,Dromore Wood,Geoff Hunt,,FALSE,FALSE,,Limerick,Limerick,(Mixed) broadleaved/conifer woodland,,<10,,,,,,,,
2.40966E+16,,,01/01/1897,31/12/1897,Y,1897,NHMSYS0001387418,Meconema thalassinum,R45,145000,155000,OSI,10000,,Cratloe Wood,"Cotton, D.C.F.",,FALSE,FALSE,,,208,,,,,,,,Biological Records Centre,,,
2.40966E+16,,,17/08/1989,17/08/1989,D,17/08/1989,NBNSYS0000006842,Chorthippus brunneus,R2455,124500,155500,OSI,1000,,"Cahericon House, NE of","Arnold, H.; Eversham, B.; Green, S.G.",,FALSE,FALSE,,,209,,,,,,,,Biological Records Centre,,,
2.40966E+16,,,17/08/1989,17/08/1989,D,17/08/1989,NBNSYS0000006838,Omocestus viridulus,R2455,124500,155500,OSI,1000,,"Cahericon House, NE of","Arnold, H.; Eversham, B.; Green, S.G.",,FALSE,FALSE,,,209,,,,,,,,Biological Records Centre,,,
2.40966E+16,,,19/07/1986,19/07/1986,D,19/07/1986,NBNSYS0000006825,Leptophyes punctatissima,T2056,320500,156500,OSI,1000,,"Courtown, Wexford.","Anderson, R.",,FALSE,FALSE,,,212,,,,Grasshoppers and crickets of Ireland,,,,National Biodiversity Data Centre Ireland,,,
2.40966E+16,,,19/07/1986,19/07/1986,D,19/07/1986,NBNSYS0000006825,Leptophyes punctatissima,T2056,320500,156500,OSI,1000,,Courtown,"Anderson, R.",,FALSE,FALSE,,,212,,"Anderson, R.",,,,,,"Harding, P.T.",,,
2.40966E+16,,,19/07/1986,19/07/1986,D,19/07/1986,NBNSYS0000006825,Leptophyes punctatissima,T2056,320500,156500,OSI,1000,,Courtown,"Anderson, R.",,FALSE,FALSE,,,212,,"Anderson, R.",,,,,,"Anderson, R.",,,
2.40966E+16,,,25/08/1989,25/08/1989,D,25/08/1989,NHMSYS0001387317,Forficula auricularia,T1556,315500,156500,OSI,1000,,Carriganeagh Rock,"Arnold, H.; Eversham, B.; Green, S.G.",,FALSE,FALSE,,,212,,,,,,,,Biological Records Centre,,,
2.40966E+16,,,25/08/1989,25/08/1989,D,25/08/1989,NBNSYS0000006842,Chorthippus brunneus,T1556,315500,156500,OSI,1000,,Carriganeagh Rock,"Arnold, H.; Eversham, B.; Green, S.G.",,FALSE,FALSE,,,212,,,,,,,,Biological Records Centre,,,
2.40966E+16,,,25/08/1989,25/08/1989,D,25/08/1989,NBNSYS0000006833,Tetrix undulata,T1556,315500,156500,OSI,1000,,Carriganeagh Rock,"Arnold, H.; Eversham, B.; Green, S.G.",,FALSE,FALSE,,,212,,,,,,,,Biological Records Centre,,,
2.40966E+16,,,01/08/1978,31/08/1978,DD,01/08/1978 - 31/08/1978,NBNSYS0000006838,Omocestus viridulus,S5355,253500,155500,OSI,1000,,Lyeath Estate,"Williams, M.d.C.",,FALSE,FALSE,,,211,,"Williams, M.d.C.",,,,,,Biological Records Centre,,,
2.40966E+16,,,15/05/2007,12/06/2007,DD,15/05/2007 - 12/06/2007,NBNSYS0000006833,Tetrix undulata,R15075641,115079,156417,OSI,10,,Derrygeeha Lough,Tom Gittings,,FALSE,FALSE,,Clare,,,Tom Gittings,,,,,BioChange,,,Malaise trap,
2.40966E+16,,,15/05/2007,12/06/2007,DD,15/05/2007 - 12/06/2007,NBNSYS0000006833,Tetrix undulata,R15075641,115079,156417,OSI,10,,Derrygeeha Lough,Tom Gittings,,FALSE,FALSE,,Clare,,,Tom Gittings,,,,,BioChange,,,Malaise trap,
2.41065E+16,,,13/09/2012,13/09/2012,D,13/09/2012,NHMSYS0001387317,Forficula auricularia,R596564,159650,156450,OSI,100,,"Singland, Limerick City",Geoff Hunt,,FALSE,FALSE,,Limerick,Limerick,Scattered trees and parkland,,<10,In a log pile on school ground,,,,,,,
2.40966E+16,,,23/08/2013,23/08/2013,D,23/08/2013,NBNSYS0000006838,Omocestus viridulus,R586575,158650,157550,OSI,100,,Park Canal,Liam Lysaght,,FALSE,FALSE,,Limerick,Limerick,,,,,,,,,,,
2.40966E+16,,,17/08/1989,17/08/1989,D,17/08/1989,NHMSYS0001387317,Forficula auricularia,R2558,125500,158500,OSI,1000,,"Killadysert, W of","Arnold, H.; Eversham, B.; Green, S.G.",,FALSE,FALSE,,,209,,,,,,,,Biological Records Centre,,,
2.40966E+16,,,17/08/1989,17/08/1989,D,17/08/1989,NBNSYS0000006838,Omocestus viridulus,R2558,125500,158500,OSI,1000,,"Killadysert, W of","Arnold, H.; Eversham, B.; Green, S.G.",,FALSE,FALSE,,,209,,,,,,,,Biological Records Centre,,,
2.41065E+16,,,08/09/2012,08/09/2012,D,08/09/2012,NBNSYS0000006842,Chorthippus brunneus,R618583,161850,158350,OSI,100,,Plassey,Geoff Hunt,,FALSE,FALSE,,Limerick,Limerick,Semi-natural grassland,,<10,,,,,,,,
2.41065E+16,,,26/07/2012,26/07/2012,D,26/07/2012,NBNSYS0000006838,Omocestus viridulus,S506587,250650,158750,OSI,100,,Kilkenny,"Eugenie Regan, Stephen McCormack",,FALSE,FALSE,,Kilkenny,Kilkenny,,,,,,,,,,,
2.41065E+16,,,26/07/2012,26/07/2012,D,26/07/2012,NBNSYS0000006842,Chorthippus brunneus,S506587,250650,158750,OSI,100,,Kilkenny,"Eugenie Regan, Stephen McCormack",,FALSE,FALSE,,Kilkenny,Kilkenny,,,,,,,,,,,
2.48947E+16,,,28/08/2016,28/08/2016,D,28/08/2016,NBNSYS0000006842,Chorthippus brunneus,R612588,161250,158850,OSI,100,,University of Limerick,Margaret Cahill,,FALSE,FALSE,,Limerick,Limerick,,,<10,,,,,,,,
2.41065E+16,,,21/08/2012,21/08/2012,D,21/08/2012,NHMSYS0001387317,Forficula auricularia,R731592,173150,159250,OSI,100,,Ashroe Murroe Limerick,Katie Dundon,,FALSE,FALSE,,Limerick,Limerick,,,<10,I have in recent weeks seen Earwigs in the house they probably get in on turf and timber. I have also found them inside the seed pod on poppy flowers.,,,,,,,
2.41065E+16,,,30/08/2012,30/08/2012,D,30/08/2012,NBNSYS0000006842,Chorthippus brunneus,R374604,137450,160450,OSI,100,,Shannon Airport lagoon,Geoff Hunt,,FALSE,FALSE,,Clare,Clare,Disturbed ground,,<10,,,,,,,,
2.40966E+16,,,18/08/1989,18/08/1989,D,18/08/1989,NBNSYS0000006842,Chorthippus brunneus,R5960,159500,160500,OSI,1000,,Parteen,"Arnold, H.; Eversham, B.; Green, S.G.",,FALSE,FALSE,,,209,,,,,,,,Biological Records Centre,,,
2.40966E+16,,,07/07/2002,07/07/2002,D,07/07/2002,NHMSYS0001387317,Forficula auricularia,S7061,270500,161500,OSI,1000,,Bagnalstown,Martin Cawley,,FALSE,FALSE,,,,waste ground,,,,,,,,,,
2.40966E+16,,,28/07/1976,28/07/1976,D,28/07/1976,NHMSYS0001387317,Forficula auricularia,S9262,292500,162500,OSI,1000,,Clonegall,"Good, J.A.",,FALSE,FALSE,,,212,,"Good, J.A.",,,,,,Biological Records Centre,,,
2.40966E+16,,,17/08/1989,17/08/1989,D,17/08/1989,NBNSYS0000006842,Chorthippus brunneus,R2762,127500,162500,OSI,1000,,"Paradise House, S of","Arnold, H.; Eversham, B.; Green, S.G.",,FALSE,FALSE,,,209,,,,,,,,Biological Records Centre,,,
2.40966E+16,,,17/08/1989,17/08/1989,D,17/08/1989,NBNSYS0000006838,Omocestus viridulus,R2762,127500,162500,OSI,1000,,"Paradise House, S of","Arnold, H.; Eversham, B.; Green, S.G.",,FALSE,FALSE,,,209,,,,,,,,Biological Records Centre,,,
2.40966E+16,,,01/09/1977,30/09/1977,DD,01/09/1977 - 30/09/1977,NBNSYS0000006838,Omocestus viridulus,R8962,189500,162500,OSI,1000,,Cooneen Hill,"Rands, D.G.",,FALSE,FALSE,,,210,,"Rands, D.G.",,,,,,Biological Records Centre,,,
2.40966E+16,,,16/08/1989,16/08/1989,D,16/08/1989,NBNSYS0000006842,Chorthippus brunneus,Q8964,89500,164500,OSI,1000,,"Donegal Point, Farrihy Bay","Arnold, H.; Eversham, B.; Green, S.G.",,FALSE,FALSE,,,209,,,,,,,,Biological Records Centre,,,
2.40966E+16,,,16/08/1989,16/08/1989,D,16/08/1989,NBNSYS0000006842,Chorthippus brunneus,Q9064,90500,164500,OSI,1000,,Farrihy Bay,"Arnold, H.; Eversham, B.; Green, S.G.",,FALSE,FALSE,,,209,,,,,,,,Biological Records Centre,,,
2.40966E+16,,,16/08/1989,16/08/1989,D,16/08/1989,NHMSYS0001387317,Forficula auricularia,Q9064,90500,164500,OSI,1000,,Farrihy Bay,"Arnold, H.; Eversham, B.; Green, S.G.",,FALSE,FALSE,,,209,,,,,,,,Biological Records Centre,,,
2.40966E+16,,,01/01/1895,31/12/1895,DD,01/01/1895 - 31/12/1895,NHMSYS0001387418,Meconema thalassinum,R46,145000,165000,OSI,10000,,Cratloe,,,FALSE,FALSE,,,209,,"Speight, M.C.D.",,,,,,Biological Records Centre,,,
2.40966E+16,,,01/01/1963,31/12/1963,DD,01/01/1963 - 31/12/1963,NBNSYS0000006838,Omocestus viridulus,S36,235000,165000,OSI,10000,,Woodsgift,,,FALSE,FALSE,,,211,,,,,,,,Biological Records Centre,,,
2.40966E+16,,,01/01/1964,31/12/1964,Y,1964,NBNSYS0000006842,Chorthippus brunneus,S36,235000,165000,OSI,10000,,Woodsgift,Goodhue,,FALSE,FALSE,,,211,,Goodhue,,,,,,Biological Records Centre,,,
2.40966E+16,,,01/01/1964,31/12/1964,Y,1964,NBNSYS0000006842,Chorthippus brunneus,S36,235000,165000,OSI,10000,,Woodsgift,Goodhue,,FALSE,FALSE,,,211,,Goodhue,,,,,,"Andrewes, C.H.",,,
2.40966E+16,,,01/01/1963,31/12/1963,DD,01/01/1963 - 31/12/1963,NBNSYS0000006842,Chorthippus brunneus,S36,235000,165000,OSI,10000,,Woodsgift,,,FALSE,FALSE,,,211,,,,,,,,Biological Records Centre,,,
2.40966E+16,,,01/01/1964,31/12/1964,Y,1964,NBNSYS0000006838,Omocestus viridulus,S36,235000,165000,OSI,10000,,Woodsgift,Goodhue,,FALSE,FALSE,,,211,,Goodhue,,,,,,"Andrewes, C.H.",,,
2.40966E+16,,,01/01/1964,31/12/1964,Y,1964,NBNSYS0000006838,Omocestus viridulus,S36,235000,165000,OSI,10000,,Woodsgift,Goodhue,,FALSE,FALSE,,,211,,Goodhue,,,,,,Biological Records Centre,,,
2.40966E+16,,,01/09/1972,30/09/1972,DD,01/09/1972 - 30/09/1972,NBNSYS0000006842,Chorthippus brunneus,T2566,325500,166500,OSI,1000,,Kilmichael Point,"Harding, P.T.",,FALSE,FALSE,,,212,"Coastal,cliff,grassy","Skelton, M.J.L.",,,,,,Biological Records Centre,,,
2.40966E+16,,,25/08/1989,25/08/1989,D,25/08/1989,NHMSYS0001387317,Forficula auricularia,T1967,319500,167500,OSI,1000,,"Inch, NE of","Arnold, H.; Eversham, B.; Green, S.G.",,FALSE,FALSE,,,212,,,,,,,,Biological Records Centre,,,
2.40966E+16,,,19/09/1984,19/09/1984,D,19/09/1984,NHMSYS0001387317,Forficula auricularia,S513663,251350,166350,OSI,100,,"Ballyfoyle,br R Muckalee","Fogan, Mrs M.; Rands, Mrs E.B.; Rundle, A.J.",,FALSE,FALSE,,,211,,,,,,,,Biological Records Centre,,,
2.40966E+16,,,13/05/2008,13/05/2008,D,13/05/2008,NHMSYS0001387317,Forficula auricularia,S3166,231500,166500,OSI,1000,,Johnstown,Martin Cawley,,FALSE,FALSE,,,,sandpit,,,,,,,,,,
2.40966E+16,,,19/09/1984,19/09/1984,D,19/09/1984,NHMSYS0001387317,Forficula auricularia,S521674,252150,167450,OSI,100,,"Ballyfoyle,roadside verge N o","Fogan, Mrs M.; Rands, Mrs E.B.; Rundle, A.J.",,FALSE,FALSE,,,211,,,,,,,,Biological Records Centre,,,
2.40966E+16,,,17/08/1989,17/08/1989,D,17/08/1989,NBNSYS0000006842,Chorthippus brunneus,R5267,152500,167500,OSI,1000,,"Ardcregan House, SW of","Arnold, H.; Eversham, B.; Green, S.G.",,FALSE,FALSE,,,209,,,,,,,,Biological Records Centre,,,
2.40966E+16,,,17/08/1989,17/08/1989,D,17/08/1989,NBNSYS0000006838,Omocestus viridulus,R5267,152500,167500,OSI,1000,,"Ardcregan House, SW of","Arnold, H.; Eversham, B.; Green, S.G.",,FALSE,FALSE,,,209,,,,,,,,Biological Records Centre,,,
2.40966E+16,,,17/08/1989,17/08/1989,D,17/08/1989,NBNSYS0000006833,Tetrix undulata,R5267,152500,167500,OSI,1000,,"Ardcregan House, SW of","Arnold, H.; Eversham, B.; Green, S.G.",,FALSE,FALSE,,,209,,,,,,,,Biological Records Centre,,,
2.40966E+16,,,01/07/1979,31/07/1979,DD,01/07/1979 - 31/07/1979,NBNSYS0000006842,Chorthippus brunneus,S9968,299500,168500,OSI,1000,,Derry River nr Shillelagh,"Cotton, D.C.F.",,FALSE,FALSE,,,220,,"Cotton, D.C.F.",,,,,,Biological Records Centre,,,
2.40966E+16,,,17/06/2011,17/06/2011,D,17/06/2011,NBNSYS0000006832,Tetrix subulata,R390682,139050,168250,OSI,100,,Lough Gash,Brian Nelson,,FALSE,FALSE,,,Clare,,Brian Nelson,,,,,,,,,
9.94202E+16,,,17/06/2011,17/06/2011,D,17/06/2011,NBNSYS0000006832,Tetrix subulata,R390682,139050,168250,OSI,100,,Lough Gash,Brian Nelson,,FALSE,FALSE,,Clare,Clare,short grazed sward of turlough,Brian Nelson,Adult 1,voucher,,,Orthoptera Atlas,,,,
9.94202E+16,,,17/06/2011,17/06/2011,D,17/06/2011,NBNSYS0000006833,Tetrix undulata,R390682,139050,168250,OSI,100,,Lough Gash,Brian Nelson,,FALSE,FALSE,,Clare,Clare,,Brian Nelson,,,,,,,,,
2.40966E+16,,,25/08/1989,25/08/1989,D,25/08/1989,NHMSYS0001387317,Forficula auricularia,T2169,321500,169500,OSI,1000,,"Coolgreavy, SE of","Arnold, H.; Eversham, B.; Green, S.G.",,FALSE,FALSE,,,212,,,,,,,,Biological Records Centre,,,
2.40966E+16,,,16/07/2013,16/07/2013,D,16/07/2013,NBNSYS0000006838,Omocestus viridulus,R697690,169750,169050,OSI,100,,"Pollagh Nature Trail, Birdhill, Co. Tipperary",Albert Nolan,,FALSE,FALSE,,Tipperary,North Tipperary,Semi-natural grassland,,Nov-50,,,,,,,,
2.44154E+16,,,18/08/2015,18/08/2015,D,18/08/2015,NBNSYS0000006838,Omocestus viridulus,R156697,115650,169750,OSI,100,,Shragh,Isobel Abbott,,FALSE,FALSE,Images\24415417615255390.jpg,Clare,Clare,,,,Keels curved,,,,,,,
2.40966E+16,,,17/08/1989,17/08/1989,D,17/08/1989,NHMSYS0001387317,Forficula auricularia,R7169,171500,169500,OSI,1000,,Coolbridge,"Arnold, H.; Eversham, B.; Green, S.G.",,FALSE,FALSE,,,210,,,,,,,,Biological Records Centre,,,
2.40966E+16,,,13/05/2006,06/06/2006,DD,13/05/2006 - 06/06/2006,NBNSYS0000006832,Tetrix subulata,R48547069,148544,170699,OSI,10,,Arduan Lough,Tom Gittings,,FALSE,FALSE,,Clare,,,Tom Gittings,1 Females,,,,BioChange,,,Malaise trap,
2.40966E+16,,,13/05/2006,06/06/2006,DD,13/05/2006 - 06/06/2006,NBNSYS0000006832,Tetrix subulata,R48547069,148544,170699,OSI,10,,Arduan Lough,Tom Gittings,,FALSE,FALSE,,Clare,,,Tom Gittings,1 Females,,,,BioChange,,,Malaise trap,
2.40966E+16,,,06/06/2006,26/06/2006,DD,06/06/2006 - 26/06/2006,NBNSYS0000006832,Tetrix subulata,R48547069,148544,170699,OSI,10,,Arduan Lough,Tom Gittings,,FALSE,FALSE,,Clare,,,Tom Gittings,1 Females,,,,BioChange,,,Malaise trap,
2.40966E+16,,,06/06/2006,26/06/2006,DD,06/06/2006 - 26/06/2006,NBNSYS0000006832,Tetrix subulata,R48547069,148544,170699,OSI,10,,Arduan Lough,Tom Gittings,,FALSE,FALSE,,Clare,,,Tom Gittings,1 Females,,,,BioChange,,,Malaise trap,
2.40966E+16,,,01/07/1979,31/07/1979,DD,01/07/1979 - 31/07/1979,NBNSYS0000006838,Omocestus viridulus,S9671,296500,171500,OSI,1000,,"Boley,nr","Cotton, D.C.F.",,FALSE,FALSE,,,220,,"Cotton, D.C.F.",,,,,,Biological Records Centre,,,
2.40966E+16,,,06/06/2006,26/06/2006,DD,06/06/2006 - 26/06/2006,NBNSYS0000006832,Tetrix subulata,R41257133,141250,171338,OSI,10,,Mooghaun Lough,Tom Gittings,,FALSE,FALSE,,Clare,,,Tom Gittings,1 Females,,,,BioChange,,,Malaise trap,
2.40966E+16,,,06/06/2006,26/06/2006,DD,06/06/2006 - 26/06/2006,NBNSYS0000006832,Tetrix subulata,R41257133,141250,171338,OSI,10,,Mooghaun Lough,Tom Gittings,,FALSE,FALSE,,Clare,,,Tom Gittings,1 Females,,,,BioChange,,,Malaise trap,
2.41065E+16,,,31/05/2006,31/05/2006,D,31/05/2006,NBNSYS0000006838,Omocestus viridulus,S348711,234850,171150,OSI,100,,Culahill,Eugenie Regan,,FALSE,FALSE,,Kilkenny,Kilkenny,,,1,,,,,,,,
2.41065E+16,,,31/05/2006,31/05/2006,D,31/05/2006,NHMSYS0001387317,Forficula auricularia,S348711,234850,171150,OSI,100,,Culahill,Eugenie Regan,,FALSE,FALSE,,Kilkenny,Kilkenny,,,1,,,,,,,,
2.40966E+16,,,18/08/1989,18/08/1989,D,18/08/1989,NHMSYS0001387317,Forficula auricularia,R6871,168500,171500,OSI,1000,,"Balleycorney, E of","Arnold, H.; Eversham, B.; Green, S.G.",,FALSE,FALSE,,,209,,,,,,,,Biological Records Centre,,,
2.40966E+16,,,01/07/1975,31/07/1975,DD,01/07/1975 - 31/07/1975,NBNSYS0000006838,Omocestus viridulus,R493717,149350,171750,OSI,100,,"Lake Enagh,Kilkishen","Stubbs, A.E.",,FALSE,FALSE,,,209,Lake shore,"Stubbs, A.E.",,,,,,Biological Records Centre,,,
2.40966E+16,,,01/07/1979,31/07/1979,DD,01/07/1979 - 31/07/1979,NBNSYS0000006838,Omocestus viridulus,S9572,295500,172500,OSI,1000,,"Kilquiggan,nr","Cotton, D.C.F.",,FALSE,FALSE,,,220,,"Cotton, D.C.F.",,,,,,Biological Records Centre,,,
2.40966E+16,,,28/05/2005,28/05/2005,D,28/05/2005,NHMSYS0001387317,Forficula auricularia,T2473,324500,173500,OSI,1000,,Arklow,Martin Cawley,,FALSE,FALSE,,,,waste ground,,,,,,,,,,
2.40966E+16,,,20/08/2004,20/08/2004,D,20/08/2004,NBNSYS0000006838,Omocestus viridulus,S2872,228000,172000,OSI,1000,,Rathreagh,Tom Gittings,,FALSE,FALSE,,Kilkenny,,,Tom Gittings,,,,,BIOFOREST,,,Visual/hand-net/auditory,
2.40966E+16,,,20/08/2004,20/08/2004,D,20/08/2004,NBNSYS0000006842,Chorthippus brunneus,S2872,228000,172000,OSI,1000,,Rathreagh,Tom Gittings,,FALSE,FALSE,,Kilkenny,,,Tom Gittings,,,,,BIOFOREST,,,Visual/hand-net/auditory,
2.40966E+16,,,26/08/2013,26/08/2013,D,26/08/2013,NBNSYS0000006842,Chorthippus brunneus,T254739,325450,173950,OSI,100,,Arklow,Brian Nelson,,FALSE,FALSE,,,Wicklow,,Brian Nelson,,,,,,,,,
9.94202E+16,,,26/08/2013,26/08/2013,D,26/08/2013,NHMSYS0001387317,Forficula auricularia,T254739,325450,173950,OSI,100,,Arklow,Brian Nelson,,FALSE,FALSE,,Wicklow,Wicklow,,Brian Nelson,,,,,,,,,
9.94202E+16,,,26/08/2013,26/08/2013,D,26/08/2013,NBNSYS0000006842,Chorthippus brunneus,T254739,325450,173950,OSI,100,,Arklow,Brian Nelson,,FALSE,FALSE,,Wicklow,Wicklow,,Brian Nelson,,,,,Orthoptera Atlas,,,,
2.40966E+16,,,01/07/1979,31/07/1979,DD,01/07/1979 - 31/07/1979,NBNSYS0000006842,Chorthippus brunneus,T2574,325500,174500,OSI,1000,,"Arklow,nr","O'Flanagan, C.D.",,FALSE,FALSE,,,220,,"O'Flanagan, C.D.",,,,,,Biological Records Centre,,,
2.40966E+16,,,01/08/1929,31/08/1929,DD,01/08/1929 - 31/08/1929,NBNSYS0000006827,Acheta domesticus,T27,325000,175000,OSI,10000,,Arklow,Kinch,,FALSE,FALSE,,,220,,,,,,,,"Harding, P.T.",,,INTRODUCTION
2.40966E+16,,,07/09/1976,07/09/1976,D,07/09/1976,NBNSYS0000006833,Tetrix undulata,R07,105000,175000,OSI,10000,,Spanish Point,"Pitkin, L.M.",,FALSE,FALSE,,,209,,"Marshall, J.A.",,,,,,Biological Records Centre,,,
2.40966E+16,,,01/01/1964,31/12/1964,Y,1964,NBNSYS0000006838,Omocestus viridulus,S77,275000,175000,OSI,10000,,Carlow,Goodhue,,FALSE,FALSE,,,213,,Goodhue,,,,,,Biological Records Centre,,,
2.40966E+16,,,01/01/1964,31/12/1964,Y,1964,NBNSYS0000006838,Omocestus viridulus,S77,275000,175000,OSI,10000,,Carlow,Goodhue,,FALSE,FALSE,,,213,,Goodhue,,,,,,"Andrewes, C.H.",,,
2.40966E+16,,,01/01/1963,31/12/1963,DD,01/01/1963 - 31/12/1963,NBNSYS0000006842,Chorthippus brunneus,S77,275000,175000,OSI,10000,,South Carlow,,,FALSE,FALSE,,,213,,,,,,,,Biological Records Centre,,,
2.40966E+16,,,01/01/1964,31/12/1964,Y,1964,NBNSYS0000006842,Chorthippus brunneus,S77,275000,175000,OSI,10000,,Carlow,Goodhue,,FALSE,FALSE,,,213,,Goodhue,,,,,,Biological Records Centre,,,
2.40966E+16,,,01/01/1964,31/12/1964,Y,1964,NBNSYS0000006842,Chorthippus brunneus,S77,275000,175000,OSI,10000,,Crlow,Goodhue,,FALSE,FALSE,,,213,,Goodhue,,,,,,"Andrewes, C.H.",,,
2.40966E+16,,,01/01/1963,31/12/1963,DD,01/01/1963 - 31/12/1963,NBNSYS0000006838,Omocestus viridulus,S77,275000,175000,OSI,10000,,South Carlow,,,FALSE,FALSE,,,213,,,,,,,,Biological Records Centre,,,
2.40966E+16,,,06/07/2013,06/07/2013,D,06/07/2013,NBNSYS0000006838,Omocestus viridulus,R830746,183050,174650,OSI,100,,Silvermines,Albert Nolan,,FALSE,FALSE,,Tipperary,North Tipperary,Earth banks,,<10,,,,,,,,
2.40966E+16,,,26/06/2006,22/07/2007,DD,26/06/2006 - 22/07/2007,NBNSYS0000006832,Tetrix subulata,R23617544,123613,175441,OSI,10,,Balleen Lough,Tom Gittings,,FALSE,FALSE,,Clare,,,Tom Gittings,,,,,BioChange,,,Malaise trap,
2.40966E+16,,,01/01/1963,31/12/1963,DD,01/01/1963 - 31/12/1963,NBNSYS0000006838,Omocestus viridulus,S37,235000,175000,OSI,10000,,Cullahill,,,FALSE,FALSE,,,214,,,,,,,,Biological Records Centre,,,
2.40966E+16,,,01/01/1964,31/12/1964,Y,1964,NBNSYS0000006842,Chorthippus brunneus,S37,235000,175000,OSI,10000,,Cullahill,Goodhue,,FALSE,FALSE,,,214,,Goodhue,,,,,,"Andrewes, C.H.",,,
2.40966E+16,,,01/01/1964,31/12/1964,Y,1964,NBNSYS0000006842,Chorthippus brunneus,S37,235000,175000,OSI,10000,,Cullahill,Goodhue,,FALSE,FALSE,,,214,,Goodhue,,,,,,Biological Records Centre,,,
2.40966E+16,,,01/01/1963,31/12/1963,DD,01/01/1963 - 31/12/1963,NBNSYS0000006842,Chorthippus brunneus,S37,235000,175000,OSI,10000,,Cullahill,,,FALSE,FALSE,,,214,,,,,,,,Biological Records Centre,,,
2.40966E+16,,,01/01/1964,31/12/1964,Y,1964,NBNSYS0000006838,Omocestus viridulus,S37,235000,175000,OSI,10000,,Cullahill,Goodhue,,FALSE,FALSE,,,214,,Goodhue,,,,,,"Andrewes, C.H.",,,
2.40966E+16,,,01/01/1964,31/12/1964,Y,1964,NBNSYS0000006838,Omocestus viridulus,S37,235000,175000,OSI,10000,,Cullahill,Goodhue,,FALSE,FALSE,,,214,,Goodhue,,,,,,Biological Records Centre,,,
2.40966E+16,,,24/04/1978,24/04/1978,D,24/04/1978,NHMSYS0001387317,Forficula auricularia,S3575,235500,175500,OSI,1000,,"Cullahill,nr","Good, J.A.",,FALSE,FALSE,,,214,,"Good, J.A.",,,,,,Biological Records Centre,,,
2.40966E+16,,,16/05/1978,16/05/1978,D,16/05/1978,NHMSYS0001387317,Forficula auricularia,R8776,187500,176500,OSI,1000,,"Nenagh,nr","Good, J.A.",,FALSE,FALSE,,,210,,"Good, J.A.",,,,,,Biological Records Centre,,,
2.40966E+16,,,25/08/1989,25/08/1989,D,25/08/1989,NHMSYS0001387317,Forficula auricularia,T2778,327500,178500,OSI,1000,,Penny Come Quick Bridge,"Arnold, H.; Eversham, B.; Green, S.G.",,FALSE,FALSE,,,220,,,,,,,,Biological Records Centre,,,
2.40966E+16,,,10/06/1990,10/06/1990,D,10/06/1990,NHMSYS0001387286,Chorthippus albomarginatus,R0278,102500,178500,OSI,1000,,Spanish Point,"Arnold, H.; Eversham, B.; Green, S.G.",,FALSE,FALSE,,,209,,,,,,,,Biological Records Centre,,,
2.40966E+16,,,16/08/1989,16/08/1989,D,16/08/1989,NHMSYS0001387286,Chorthippus albomarginatus,R0378,103500,178500,OSI,1000,,Spanish Point,"Arnold, H.; Eversham, B.; Green, S.G.",,FALSE,FALSE,,,209,,,,,,,,Biological Records Centre,,,
2.40966E+16,,,16/08/1989,16/08/1989,D,16/08/1989,NHMSYS0001387317,Forficula auricularia,R0378,103500,178500,OSI,1000,,Spanish Point,"Arnold, H.; Eversham, B.; Green, S.G.",,FALSE,FALSE,,,209,,,,,,,,Biological Records Centre,,,
2.40966E+16,,,06/06/2006,26/06/2006,DD,06/06/2006 - 26/06/2006,NBNSYS0000006833,Tetrix undulata,R38667799,138661,177990,OSI,10,,Castletown Lough,Tom Gittings,,FALSE,FALSE,,Clare,,,Tom Gittings,1 Females,,,,BioChange,,,Malaise trap,
2.40966E+16,,,06/06/2006,26/06/2006,DD,06/06/2006 - 26/06/2006,NBNSYS0000006833,Tetrix undulata,R38667799,138661,177990,OSI,10,,Castletown Lough,Tom Gittings,,FALSE,FALSE,,Clare,,,Tom Gittings,1 Females,,,,BioChange,,,Malaise trap,
1.01118E+17,,,10/08/2021,10/08/2021,D,10/08/2021,NBNSYS0000006842,Chorthippus brunneus,T291793,329150,179350,OSI,100,,"Sallymount, NPWS property",Brian Nelson,,FALSE,FALSE,,Wicklow,Wicklow,dune grassland,Brian Nelson,present,,,Adult,,Examined specimen,,Field record,
9.94202E+16,,,04/09/2014,04/09/2014,D,04/09/2014,NHMSYS0001387317,Forficula auricularia,T2979,329500,179500,OSI,1000,,Sallymount,Brian Nelson,,FALSE,FALSE,,Wicklow,Wicklow,,Brian Nelson,,,,,,,,,
9.94202E+16,,,04/09/2014,04/09/2014,D,04/09/2014,NBNSYS0000006842,Chorthippus brunneus,T2979,329500,179500,OSI,1000,,Sallymount,Brian Nelson,,FALSE,FALSE,,Wicklow,Wicklow,,Brian Nelson,,,,,Orthoptera Atlas,,,,
9.94202E+16,,,04/09/2014,04/09/2014,D,04/09/2014,NBNSYS0000006824,Conocephalus dorsalis,T2979,329500,179500,OSI,1000,,Sallymount,Brian Nelson,,FALSE,FALSE,,Wicklow,Wicklow,,Brian Nelson,,,,,Orthoptera Atlas,,,,
2.40966E+16,,,04/09/2014,04/09/2014,D,04/09/2014,NBNSYS0000006842,Chorthippus brunneus,T2979,329500,179500,OSI,1000,,Sallymount,Brian Nelson,,FALSE,FALSE,,,Wicklow,,Brian Nelson,,,,,,,,,
2.40966E+16,,,04/09/2014,04/09/2014,D,04/09/2014,NBNSYS0000006824,Conocephalus dorsalis,T2979,329500,179500,OSI,1000,,Sallymount,Brian Nelson,,FALSE,FALSE,,,Wicklow,,Brian Nelson,,,,,,,,,
2.40966E+16,,,01/08/1979,31/08/1979,DD,01/08/1979 - 31/08/1979,NBNSYS0000006842,Chorthippus brunneus,T2979,329500,179500,OSI,1000,,Mizen Head,"Cotton, D.C.F.",,FALSE,FALSE,,,220,,"Cotton, D.C.F.",,,,,,Biological Records Centre,,,
2.40966E+16,,,29/08/1979,29/08/1979,D,29/08/1979,NBNSYS0000006842,Chorthippus brunneus,T2979,329500,179500,OSI,1000,,"Sallymount, Co. Wicklow.","Speight, M.C.D.",,FALSE,FALSE,,,220,,,,Grasshoppers and crickets of Ireland,,,,National Biodiversity Data Centre Ireland,,,
2.40966E+16,,,29/08/1979,29/08/1979,D,29/08/1979,NBNSYS0000006839,Myrmeleotettix maculatus,T2979,329500,179500,OSI,1000,,,"Speight, M.C.D.",,FALSE,FALSE,,,220,,,,,,,,"Harding, P.T.",,,
2.40966E+16,,,29/08/1979,29/08/1979,D,29/08/1979,NBNSYS0000006839,Myrmeleotettix maculatus,T2979,329500,179500,OSI,1000,,"Sallymount, Co. Wicklow.","Speight, M.C.D.",,FALSE,FALSE,,,220,,,,Grasshoppers and crickets of Ireland,,,,National Biodiversity Data Centre Ireland,,,
2.40966E+16,,,01/08/1979,31/08/1979,DD,01/08/1979 - 31/08/1979,NBNSYS0000006838,Omocestus viridulus,T2979,329500,179500,OSI,1000,,Mizen Head,"Cotton, D.C.F.",,FALSE,FALSE,,,220,,"Cotton, D.C.F.",,,,,,Biological Records Centre,,,
1.01118E+17,,,09/08/2021,09/08/2021,D,09/08/2021,NBNSYS0000006833,Tetrix undulata,T295795,329550,179550,OSI,100,,"Sallymount, NPWS property",Brian Nelson,,FALSE,FALSE,,Wicklow,Wicklow,,Brian Nelson,present,,,Adult,,Examined specimen,,suction sampler,
1.01118E+17,,,09/08/2021,09/08/2021,D,09/08/2021,NBNSYS0000006842,Chorthippus brunneus,T295795,329550,179550,OSI,100,,"Sallymount, NPWS property",Brian Nelson,,FALSE,FALSE,,Wicklow,Wicklow,dune grassland,Brian Nelson,present,,,Adult,,Examined specimen,,Field record,
1.01118E+17,,,10/08/2021,10/08/2021,D,10/08/2021,NBNSYS0000006838,Omocestus viridulus,T295795,329550,179550,OSI,100,,"Sallymount, NPWS property",Brian Nelson,,FALSE,FALSE,,Wicklow,Wicklow,Grey dunes,Brian Nelson,present,,,Adult,,Examined specimen,,Field record,
1.01118E+17,,,09/08/2021,09/08/2021,D,09/08/2021,NBNSYS0000006824,Conocephalus dorsalis,T293795,329350,179550,OSI,100,,"Sallymount, NPWS property",Brian Nelson,,FALSE,FALSE,,Wicklow,Wicklow,brackish marsh,Brian Nelson,present,,,Adult,,Examined specimen,,Field record,
2.40966E+16,,,03/07/2014,03/07/2014,D,03/07/2014,NBNSYS0000006842,Chorthippus brunneus,T290795,329050,179550,OSI,100,,buckroney,Kieran Brennan,,FALSE,FALSE,,Wicklow,Wicklow,Marram dunes,,<10,,,,,,,,
1.01118E+17,,,09/08/2021,09/08/2021,D,09/08/2021,NBNSYS0000006838,Omocestus viridulus,T288795,328850,179550,OSI,100,,"Sallymount, NPWS property",Brian Nelson,,FALSE,FALSE,,Wicklow,Wicklow,Grey dunes,Brian Nelson,present,,,Adult,,Examined specimen,,Field record,
2.40966E+16,,,01/08/1979,31/08/1979,DD,01/08/1979 - 31/08/1979,NBNSYS0000006838,Omocestus viridulus,T2980,329500,180500,OSI,1000,,"Mizen Head,nr","Cotton, D.C.F.",,FALSE,FALSE,,,220,,"Cotton, D.C.F.",,,,,,Biological Records Centre,,,
2.40966E+16,,,01/08/1979,31/08/1979,DD,01/08/1979 - 31/08/1979,NBNSYS0000006842,Chorthippus brunneus,T2980,329500,180500,OSI,1000,,"Mizen Head,nr","Cotton, D.C.F.",,FALSE,FALSE,,,220,,"Cotton, D.C.F.",,,,,,Biological Records Centre,,,
9.47987E+16,,,23/05/2010,23/05/2010,D,23/05/2010,NBNSYS0000006833,Tetrix undulata,R325794,132550,179450,OSI,100,,"Lee's Road, Ennis, Co. Clare",Geoff Hunt,,FALSE,FALSE,,,,,,1,,,,,Submitted directly to the Data Centre,,,
2.40966E+16,,,24/04/2002,24/04/2002,D,24/04/2002,NHMSYS0001387317,Forficula auricularia,R8779,187500,179500,OSI,1000,,Nenagh,Martin Cawley,,FALSE,FALSE,,,,ruins,,,,,,,,,,
2.40966E+16,,,12/05/2006,06/06/2006,DD,12/05/2006 - 06/06/2006,NBNSYS0000006832,Tetrix subulata,R38097988,138095,179882,OSI,10,,Lough Ardnamurry,Tom Gittings,,FALSE,FALSE,,Clare,,,Tom Gittings,1 Females,,,,BioChange,,,Malaise trap,
2.40966E+16,,,12/05/2006,06/06/2006,DD,12/05/2006 - 06/06/2006,NBNSYS0000006832,Tetrix subulata,R38097988,138095,179882,OSI,10,,Lough Ardnamurry,Tom Gittings,,FALSE,FALSE,,Clare,,,Tom Gittings,1 Females,,,,BioChange,,,Malaise trap,
2.40966E+16,,,25/08/1989,25/08/1989,D,25/08/1989,NBNSYS0000006842,Chorthippus brunneus,T2781,327500,181500,OSI,1000,,"Redcross River, N of","Arnold, H.; Eversham, B.; Green, S.G.",,FALSE,FALSE,,,220,,,,,,,,Biological Records Centre,,,
2.40966E+16,,,25/08/1989,25/08/1989,D,25/08/1989,NHMSYS0001387317,Forficula auricularia,T2781,327500,181500,OSI,1000,,"Redcross River, N of","Arnold, H.; Eversham, B.; Green, S.G.",,FALSE,FALSE,,,220,,,,,,,,Biological Records Centre,,,
2.40966E+16,,,01/05/1976,31/05/1976,DD,01/05/1976 - 31/05/1976,NBNSYS0000006832,Tetrix subulata,S7380,273500,180500,OSI,1000,,,"Speight, M.C.D.",,FALSE,FALSE,,,213,,"Speight, M.C.D.",,,,,,Biological Records Centre,,,
2.40966E+16,,,05/05/1976,05/05/1976,D,05/05/1976,NBNSYS0000006832,Tetrix subulata,S7380,273500,180500,OSI,1000,,Oakpark House,"Williams, M.d.C.",,FALSE,FALSE,,,213,Lake shore,"Williams, M.d.C.",,,,,,"Williams, M.d.C.",,,NATIVE
2.40966E+16,,,05/05/1976,05/05/1976,D,05/05/1976,NBNSYS0000006832,Tetrix subulata,S7380,273500,180500,OSI,1000,,"Oakpark, Co. Carlow.","Speight, M.C.D.",,FALSE,FALSE,,,219,,,,Grasshoppers and crickets of Ireland; county should be Kildare,,,,National Biodiversity Data Centre Ireland,,,
2.40966E+16,,,01/04/1977,30/04/1977,DD,01/04/1977 - 30/04/1977,NBNSYS0000006832,Tetrix subulata,S3380,233500,180500,OSI,1000,,,"Speight, M.C.D.",,FALSE,FALSE,,,214,,"Speight, M.C.D.",,,,,,Biological Records Centre,,,
2.40966E+16,,,15/04/1977,15/04/1977,D,15/04/1977,NBNSYS0000006832,Tetrix subulata,S3380,233500,180500,OSI,1000,,"Grantstown, Co. Laois.","Speight, M.C.D.",,FALSE,FALSE,,,214,,,,Grasshoppers and crickets of Ireland,,,,National Biodiversity Data Centre Ireland,,,
2.40966E+16,,,25/08/1989,25/08/1989,D,25/08/1989,NHMSYS0001387317,Forficula auricularia,T3082,330500,182500,OSI,1000,,Brittas Bay,"Arnold, H.; Eversham, B.; Green, S.G.",,FALSE,FALSE,,,220,,,,,,,,Biological Records Centre,,,
2.40966E+16,,,25/08/1989,25/08/1989,D,25/08/1989,NBNSYS0000006842,Chorthippus brunneus,T3082,330500,182500,OSI,1000,,Brittas Bay,"Arnold, H.; Eversham, B.; Green, S.G.",,FALSE,FALSE,,,220,,,,,,,,Biological Records Centre,,,
2.40966E+16,,,05/04/2007,05/04/2007,D,05/04/2007,NHMSYS0001387317,Forficula auricularia,S027809,202750,180950,OSI,100,,Monegal,Martin Cawley,,FALSE,FALSE,,,,ruins,,,,,,,,,,
2.40966E+16,,,16/05/2007,12/06/2007,DD,16/05/2007 - 12/06/2007,NBNSYS0000006832,Tetrix subulata,R35688168,135684,181686,OSI,10,,Stonepark Lough,Tom Gittings,,FALSE,FALSE,,Clare,,,Tom Gittings,,,,,BioChange,,,Malaise trap,
2.40966E+16,,,16/05/2007,12/06/2007,DD,16/05/2007 - 12/06/2007,NBNSYS0000006832,Tetrix subulata,R35688168,135684,181686,OSI,10,,Stonepark Lough,Tom Gittings,,FALSE,FALSE,,Clare,,,Tom Gittings,,,,,BioChange,,,Malaise trap,
2.40966E+16,,,24/04/2002,24/04/2002,D,24/04/2002,NHMSYS0001387317,Forficula auricularia,R8681,186500,181500,OSI,1000,,Nenagh Bridge,Martin Cawley,,FALSE,FALSE,,,,river bank,,,,,,,,,,
2.40966E+16,,,01/07/1979,31/07/1979,DD,01/07/1979 - 31/07/1979,NBNSYS0000006838,Omocestus viridulus,T0483,304500,183500,OSI,1000,,"Kilcarney,nr","Cotton, D.C.F.",,FALSE,FALSE,,,220,,"Cotton, D.C.F.",,,,,,Biological Records Centre,,,
2.40966E+16,,,18/08/1989,18/08/1989,D,18/08/1989,NBNSYS0000006842,Chorthippus brunneus,R6782,167500,182500,OSI,1000,,"Cahermountain, N of","Arnold, H.; Eversham, B.; Green, S.G.",,FALSE,FALSE,,,209,,,,,,,,Biological Records Centre,,,
2.40966E+16,,,18/08/1989,18/08/1989,D,18/08/1989,NHMSYS0001387317,Forficula auricularia,R6782,167500,182500,OSI,1000,,"Cahermountain, N of","Arnold, H.; Eversham, B.; Green, S.G.",,FALSE,FALSE,,,209,,,,,,,,Biological Records Centre,,,
2.40966E+16,,,18/08/1989,18/08/1989,D,18/08/1989,NBNSYS0000006838,Omocestus viridulus,R6782,167500,182500,OSI,1000,,"Cahermountain, N of","Arnold, H.; Eversham, B.; Green, S.G.",,FALSE,FALSE,,,209,,,,,,,,Biological Records Centre,,,
2.40966E+16,,,01/08/1971,31/08/1971,DD,01/08/1971 - 31/08/1971,NBNSYS0000006842,Chorthippus brunneus,T3184,331500,184500,OSI,1000,,,"Speight, M.C.D.",,FALSE,FALSE,,,220,,"Speight, M.C.D.",,,,,,Biological Records Centre,,,
2.40966E+16,,,28/08/1971,28/08/1971,D,28/08/1971,NBNSYS0000006842,Chorthippus brunneus,T3184,331500,184500,OSI,1000,,"Brittas, Co. Wicklow.","Speight, M.C.D.",,FALSE,FALSE,,,220,,,,Grasshoppers and crickets of Ireland,,,,National Biodiversity Data Centre Ireland,,,
2.40966E+16,,,26/05/2014,26/05/2014,D,26/05/2014,NBNSYS0000006833,Tetrix undulata,S434832,243450,183250,OSI,100,,Abbeyleix Bog,Brian Nelson,,FALSE,FALSE,,,Laois,,Brian Nelson,,,,,,,,,
9.94202E+16,,,09/08/2014,09/08/2014,D,09/08/2014,NHMSYS0001387317,Forficula auricularia,S434832,243450,183250,OSI,100,,Abbeyleix Bog,Brian Nelson,,FALSE,FALSE,,Laois,Laois,,Brian Nelson,present,,,adult,,,,,
9.94202E+16,,,26/05/2014,26/05/2014,D,26/05/2014,NBNSYS0000006833,Tetrix undulata,S434832,243450,183250,OSI,100,,Abbeyleix Bog,Brian Nelson,,FALSE,FALSE,,Laois,Laois,,Brian Nelson,present,,,adult,Orthoptera Atlas,,,,
2.40966E+16,,,15/05/2007,11/06/2007,DD,15/05/2007 - 11/06/2007,NBNSYS0000006832,Tetrix subulata,R63028323,163029,183232,OSI,10,,Fir Lough,Tom Gittings,,FALSE,FALSE,,Clare,,,Tom Gittings,,,,,BioChange,,,Malaise trap,
2.40966E+16,,,15/05/2007,11/06/2007,DD,15/05/2007 - 11/06/2007,NBNSYS0000006832,Tetrix subulata,R63028323,163029,183232,OSI,10,,Fir Lough,Tom Gittings,,FALSE,FALSE,,Clare,,,Tom Gittings,,,,,BioChange,,,Malaise trap,
2.41065E+16,,,26/07/2012,26/07/2012,D,26/07/2012,NBNSYS0000006834,Stethophyma grossum,S437833,243750,183350,OSI,100,,Abbeyleix Bog,"Eugenie Regan, Stephen McCormack",,FALSE,FALSE,,Laois,Laois (Queen's County),,,,,,,,,,,
2.41065E+16,,,26/07/2012,26/07/2012,D,26/07/2012,NBNSYS0000006832,Tetrix subulata,S437833,243750,183350,OSI,100,,Abbeyleix Bog,"Eugenie Regan, Stephen McCormack",,FALSE,FALSE,,Laois,Laois (Queen's County),,,,,,,,,,,
2.41065E+16,,,26/07/2012,26/07/2012,D,26/07/2012,NBNSYS0000006842,Chorthippus brunneus,S437833,243750,183350,OSI,100,,Abbeyleix Bog,"Eugenie Regan, Stephen McCormack",,FALSE,FALSE,,Laois,Laois (Queen's County),,,,,,,,,,,
2.41065E+16,,,26/07/2012,26/07/2012,D,26/07/2012,NBNSYS0000006833,Tetrix undulata,S437833,243750,183350,OSI,100,,Abbeyleix Bog,"Eugenie Regan, Stephen McCormack",,FALSE,FALSE,,Laois,Laois (Queen's County),,,,,,,,,,,
2.40966E+16,,,10/07/2013,10/07/2013,D,10/07/2013,NBNSYS0000006838,Omocestus viridulus,R187839,118750,183950,OSI,100,,Ballyea South,Eamonn Twomey,,FALSE,FALSE,Images\24096605481210820.jpg,Clare,Clare,Semi-natural grassland,,1,,,,,,,,
2.40966E+16,,,01/08/1979,31/08/1979,DD,01/08/1979 - 31/08/1979,NBNSYS0000006842,Chorthippus brunneus,T3285,332500,185500,OSI,1000,,Brittas Bay,"Cotton, D.C.F.",,FALSE,FALSE,,,220,,"Cotton, D.C.F.",,,,,,Biological Records Centre,,,
2.40966E+16,,,01/08/1979,31/08/1979,DD,01/08/1979 - 31/08/1979,NBNSYS0000006838,Omocestus viridulus,T3285,332500,185500,OSI,1000,,Brittas Bay,"Cotton, D.C.F.",,FALSE,FALSE,,,220,,"Cotton, D.C.F.",,,,,,Biological Records Centre,,,
2.40966E+16,,,21/09/2013,21/09/2013,D,21/09/2013,NBNSYS0000006834,Stethophyma grossum,S437839,243750,183950,OSI,100,,Abbeyleix Bog,Ian Mc Donnell,,FALSE,FALSE,,Laois,Laois (Queen's County),Cutover bog,,<10,,,,,,,,
2.40966E+16,,,11/04/2014,11/04/2014,D,11/04/2014,NBNSYS0000006833,Tetrix undulata,S436839,243650,183950,OSI,100,,Abbeyleix Bog,Ian Mc Donnell,,FALSE,FALSE,,Laois,Laois (Queen's County),Cutover bog,,<10,,,,,,,,
2.40966E+16,,,01/09/1977,30/09/1977,DD,01/09/1977 - 30/09/1977,NBNSYS0000006842,Chorthippus brunneus,S6984,269500,184500,OSI,1000,,Kileen,"Rands, D.G.",,FALSE,FALSE,,,214,,"Rands, D.G.",,,,,,Biological Records Centre,,,
2.40966E+16,,,01/08/1978,31/08/1978,DD,01/08/1978 - 31/08/1978,NBNSYS0000006842,Chorthippus brunneus,T1985,319500,185500,OSI,1000,,Avondale Forest,"Speight, M.C.D.",,FALSE,FALSE,,,220,,"Speight, M.C.D.",,,,,,Biological Records Centre,,,
2.40966E+16,,,24/08/1978,24/08/1978,D,24/08/1978,NBNSYS0000006842,Chorthippus brunneus,T1985,319500,185500,OSI,1000,,"Kingston, Co. Wicklow.","Speight, M.C.D.",,FALSE,FALSE,,,220,,,,Grasshoppers and crickets of Ireland,,,,National Biodiversity Data Centre Ireland,,,
2.40966E+16,,,24/08/1978,24/08/1978,D,24/08/1978,NBNSYS0000006838,Omocestus viridulus,T1985,319500,185500,OSI,1000,,"Kingston, Co. Wicklow.","Speight, M.C.D.",,FALSE,FALSE,,,220,,,,Grasshoppers and crickets of Ireland,,,,National Biodiversity Data Centre Ireland,,,
2.40966E+16,,,01/07/1978,31/07/1978,DD,01/07/1978 - 31/07/1978,NBNSYS0000006838,Omocestus viridulus,T1985,319500,185500,OSI,1000,,Avondale Forest Park,"Speight, M.C.D.",,FALSE,FALSE,,,220,,"Speight, M.C.D.",,,,,,Biological Records Centre,,,
2.40966E+16,,,01/08/1978,31/08/1978,DD,01/08/1978 - 31/08/1978,NBNSYS0000006833,Tetrix undulata,T1985,319500,185500,OSI,1000,,Avondale Forest Park,"Speight, M.C.D.",,FALSE,FALSE,,,220,,"Speight, M.C.D.",,,,,,Biological Records Centre,,,
2.40966E+16,,,28/08/1978,28/08/1978,D,28/08/1978,NBNSYS0000006833,Tetrix undulata,T1985,319500,185500,OSI,1000,,"Kingston, Co. Wicklow.","Speight, M.C.D.",,FALSE,FALSE,,,220,,,,Grasshoppers and crickets of Ireland,,,,National Biodiversity Data Centre Ireland,,,
2.40966E+16,,,01/09/1972,30/09/1972,DD,01/09/1972 - 30/09/1972,NBNSYS0000006842,Chorthippus brunneus,S78,275000,185000,OSI,10000,,Tankardstown,"Harding, P.T.",,FALSE,FALSE,,,219,Road verge,"Skelton, M.J.L.",,,,,,Biological Records Centre,,,
2.40966E+16,,,01/07/1978,31/07/1978,DD,01/07/1978 - 31/07/1978,NBNSYS0000006838,Omocestus viridulus,R3485,134500,185500,OSI,1000,,,"Speight, M.C.D.",,FALSE,FALSE,,,209,,"Speight, M.C.D.",,,,,,Biological Records Centre,,,
2.40966E+16,,,05/07/1978,05/07/1978,D,05/07/1978,NBNSYS0000006838,Omocestus viridulus,R3485,134500,185500,OSI,1000,,"Ross, Co. Clare.","Speight, M.C.D.",,FALSE,FALSE,,,209,,,,Grasshoppers and crickets of Ireland,,,,National Biodiversity Data Centre Ireland,,,
2.40966E+16,,,17/08/1989,17/08/1989,D,17/08/1989,NHMSYS0001387317,Forficula auricularia,R8185,181500,185500,OSI,1000,,Dromineer,"Arnold, H.; Eversham, B.; Green, S.G.",,FALSE,FALSE,,,210,,,,,,,,Biological Records Centre,,,
2.41065E+16,,,06/08/2006,06/08/2006,D,06/08/2006,NBNSYS0000006838,Omocestus viridulus,S777862,277750,186250,OSI,100,,Mahon's Farm Castledermot Co.Kildare,Stephen Bolger,,FALSE,FALSE,,Kildare,Kildare,Wet grassland,,1,"Common in summer and on rath in Mullaghcreelan Wood, Kilkea, Castledermot, Co.Kildare. A hot spot for several specia of grasshopper is the Heath golf club just outside Portaloise town",,,,,,,
2.41065E+16,,,06/08/2006,06/08/2006,D,06/08/2006,NHMSYS0001387317,Forficula auricularia,S777862,277750,186250,OSI,100,,"Roselawn house, Castledermot Co.Kildare",Stephen Bolger,,FALSE,FALSE,,Kildare,Kildare,Horticultural land,,>50,Abudant in garden,,,,,,,
2.41065E+16,,,08/08/2012,08/08/2012,D,08/08/2012,NHMSYS0001387317,Forficula auricularia,S777862,277750,186250,OSI,100,,"Roselawn house, Castledermot Co.Kildare",Stephen Bolger,,FALSE,FALSE,,Kildare,Kildare,Horticultural land,,>50,Abudant in garden,,,,,,,
2.40966E+16,,,21/05/2011,21/05/2011,D,21/05/2011,NHMSYS0001387317,Forficula auricularia,R358861,135850,186150,OSI,100,,"Dromore Nature Reserve, Co. Clare.","M. Conway, Emma Glanville, Elaine Keegan & Lynda Weekes",,FALSE,FALSE,,,,,,,BioBlitz 2011 - Dromore Nature Reserve,,,,,,,
2.40966E+16,,,01/06/1983,30/06/1983,DD,01/06/1983 - 30/06/1983,NBNSYS0000006842,Chorthippus brunneus,R3586,135500,186500,OSI,1000,,Dromore Wood nr Ruan,"Anderson, R.",,FALSE,FALSE,,,209,,"Anderson, R.",,,,,,Biological Records Centre,,,
2.40966E+16,,,01/06/1983,30/06/1983,DD,01/06/1983 - 30/06/1983,NBNSYS0000006838,Omocestus viridulus,R3586,135500,186500,OSI,1000,,Dromore Wood nr Ruan,"Anderson, R.",,FALSE,FALSE,,,209,,"Anderson, R.",,,,,,Biological Records Centre,,,
2.40966E+16,,,01/06/1983,30/06/1983,DD,01/06/1983 - 30/06/1983,NBNSYS0000006833,Tetrix undulata,R3586,135500,186500,OSI,1000,,Dromore Wood nr Ruan,"Anderson, R.",,FALSE,FALSE,,,209,,"Anderson, R.",,,,,,Biological Records Centre,,,
2.40966E+16,,,26/06/2014,26/06/2014,D,26/06/2014,NBNSYS0000006842,Chorthippus brunneus,T315880,331550,188050,OSI,100,,threemilewater,Kieran Brennan,,FALSE,FALSE,,Wicklow,Wicklow,,,1,,,,,,,,
2.40966E+16,,,23/07/2014,23/07/2014,D,23/07/2014,NBNSYS0000006842,Chorthippus brunneus,T315883,331550,188350,OSI,100,,threemilewater,Kieran Brennan,,FALSE,FALSE,,Wicklow,Wicklow,Flower beds and borders,,<10,,,,,,,,
9.47987E+16,,,30/03/2006,30/03/2006,D,30/03/2006,NHMSYS0001387317,Forficula auricularia,R0887,108500,187500,OSI,1000,,Lahinch,John Paul,,FALSE,FALSE,,,Clare,,John Paul,2,,Voucher specimen,Adult,John Paul 2005. Unpublished field notes,Submitted directly to the Data Centre,,,
2.40966E+16,,,27/07/1976,27/07/1976,D,27/07/1976,NHMSYS0001387317,Forficula auricularia,T1888,318500,188500,OSI,1000,,"Rathdrum,nr","Good, J.A.",,FALSE,FALSE,,,220,,"Good, J.A.",,,,,,Biological Records Centre,,,
2.40966E+16,,,01/07/1978,31/07/1978,DD,01/07/1978 - 31/07/1978,NBNSYS0000006833,Tetrix undulata,R3487,134500,187500,OSI,1000,,Dromore Forest Park,"Williams, M.d.C.",,FALSE,FALSE,,,209,,"Williams, M.d.C.",,,,,,Biological Records Centre,,,
2.40966E+16,,,01/07/1978,31/07/1978,DD,01/07/1978 - 31/07/1978,NBNSYS0000006832,Tetrix subulata,R3487,134500,187500,OSI,1000,,Dromore Forest Park,"Williams, M.d.C.",,FALSE,FALSE,,,209,,"Williams, M.d.C.",,,,,,Biological Records Centre,,,
2.40966E+16,,,01/04/1976,30/04/1976,DD,01/04/1976 - 30/04/1976,NBNSYS0000006832,Tetrix subulata,R3487,134500,187500,OSI,1000,,,"Speight, M.C.D.",,FALSE,FALSE,,,209,,"Speight, M.C.D.",,,,,,Biological Records Centre,,,
2.40966E+16,,,20/04/1976,20/04/1976,D,20/04/1976,NBNSYS0000006832,Tetrix subulata,R3487,134500,187500,OSI,1000,,"Ruan Commons, Co. Clare.","Speight, M.C.D.",,FALSE,FALSE,,,209,,,,Grasshoppers and crickets of Ireland,,,,National Biodiversity Data Centre Ireland,,,
2.48947E+16,,,28/07/2016,28/07/2016,D,28/07/2016,NBNSYS0000006842,Chorthippus brunneus,T179886,317950,188650,OSI,100,,"Ballygannon, Rathdrum",Chris Bolton,,FALSE,FALSE,Images\24894664796555022.jpg,Wicklow,Wicklow,,,<10,Identification verified by Brian Nelson,,,,,,,
2.41065E+16,,,10/08/2012,10/08/2012,D,10/08/2012,NBNSYS0000006839,Myrmeleotettix maculatus,S708879,270850,187950,OSI,100,,"Levitstown, Athy, Co. Kildare",Trevor Halpin,,FALSE,FALSE,,Kildare,Kildare,Dry meadows and grassy verges,,1,"Half acre garden, large area of grass left uncut. Some of which is cut down once a year. One seen but have heard more.",,,,,,,
2.40966E+16,,,15/05/1988,15/05/1988,D,15/05/1988,NHMSYS0001387317,Forficula auricularia,R0888,108500,188500,OSI,1000,,Liscannor Bay,"Alexander, K.N.A.",,FALSE,FALSE,,,209,,,,,,,,"Alexander, K.N.A.",,,
2.41065E+16,,,16/07/2012,16/07/2012,D,16/07/2012,NBNSYS0000006833,Tetrix undulata,S753883,275350,188350,OSI,100,,"Rath, Mullaghcreelan, Kilkea, Castledermot",Stephen Bolger,,FALSE,FALSE,,Kildare,Kildare,(Mixed) broadleaved/conifer woodland,,<10,"Seen on sunny day in Rath over looking Mullaghcreelan wood, widespread in previous years but never common and almost absent this year",,,,,,,
2.40966E+16,,,03/05/2007,03/05/2007,D,03/05/2007,NHMSYS0001387317,Forficula auricularia,S150878,215050,187850,OSI,100,,Grange,Martin Cawley,,FALSE,FALSE,,,,disused limestone quarry,,,,,,,,,,
2.40966E+16,,,01/06/1975,30/06/1975,DD,01/06/1975 - 30/06/1975,NBNSYS0000006838,Omocestus viridulus,R2988,129500,188500,OSI,1000,,Corofin,"Williams, M.d.C.",,FALSE,FALSE,,,209,,"Williams, M.d.C.",,,,,,Biological Records Centre,,,
2.40966E+16,,,17/07/2013,17/07/2013,D,17/07/2013,NHMSYS0001387418,Meconema thalassinum,T185895,318550,189550,OSI,100,,Ballygannon,Brian Nelson,,FALSE,FALSE,,,Wicklow,,Brian Nelson,,,,,,,,,
9.94202E+16,,,17/07/2013,17/07/2013,D,17/07/2013,NHMSYS0001387418,Meconema thalassinum,T185895,318550,189550,OSI,100,,Ballygannon,Brian Nelson,,FALSE,FALSE,,Wicklow,Wicklow,,Brian Nelson,,,,,Orthoptera Atlas,,,,
2.40966E+16,,,28/06/1984,28/06/1984,D,28/06/1984,NBNSYS0000006838,Omocestus viridulus,T1890,318500,190500,OSI,1000,,"Glasnamullen, Co. Wicklow.","Speight, M.C.D.",,FALSE,FALSE,,,220,,,,Grasshoppers and crickets of Ireland,,,,National Biodiversity Data Centre Ireland,,,
2.40966E+16,,,01/09/1977,30/09/1977,DD,01/09/1977 - 30/09/1977,NBNSYS0000006838,Omocestus viridulus,S6489,264500,189500,OSI,1000,,Ballylynan,"Rands, D.G.",,FALSE,FALSE,,,214,,"Rands, D.G.",,,,,,Biological Records Centre,,,
2.40966E+16,,,01/09/1977,30/09/1977,DD,01/09/1977 - 30/09/1977,NBNSYS0000006842,Chorthippus brunneus,S6489,264500,189500,OSI,1000,,Ballylynan,"Rands, D.G.",,FALSE,FALSE,,,214,,"Rands, D.G.",,,,,,Biological Records Centre,,,
2.40966E+16,,,29/09/2012,29/09/2012,D,29/09/2012,NBNSYS0000006842,Chorthippus brunneus,T3491,334500,191500,OSI,1000,,Dunbur,Martin Cawley,,FALSE,FALSE,,,,coastal bank,,,,,,,,,,
2.40966E+16,,,29/09/2012,29/09/2012,D,29/09/2012,NHMSYS0001387317,Forficula auricularia,T3491,334500,191500,OSI,1000,,Dunbur,Martin Cawley,,FALSE,FALSE,,,,coastal bank,,,,,,,,,,
2.40966E+16,,,25/08/1989,25/08/1989,D,25/08/1989,NBNSYS0000006842,Chorthippus brunneus,T2891,328500,191500,OSI,1000,,"The Beehive, N of","Arnold, H.; Eversham, B.; Green, S.G.",,FALSE,FALSE,,,220,,,,,,,,Biological Records Centre,,,
2.40966E+16,,,25/08/1989,25/08/1989,D,25/08/1989,NHMSYS0001387317,Forficula auricularia,T2891,328500,191500,OSI,1000,,"The Beehive, N of","Arnold, H.; Eversham, B.; Green, S.G.",,FALSE,FALSE,,,220,,,,,,,,Biological Records Centre,,,
2.40966E+16,,,01/08/1984,31/08/1984,DD,01/08/1984 - 31/08/1984,NBNSYS0000006838,Omocestus viridulus,R2490,124500,190500,OSI,1000,,"Inchiquin L,border of","Devriese, H.H.",,FALSE,FALSE,,,209,,"Devriese, H.H.",,,,,,Biological Records Centre,,,
2.40966E+16,,,29/08/1984,29/08/1984,D,29/08/1984,NBNSYS0000006838,Omocestus viridulus,R2490,124500,190500,OSI,1000,,Corrofin,"Devriese, H.H.",,FALSE,FALSE,,,209,,"Devriese, H.H.",,,,,,Biological Records Centre,,,
2.40966E+16,,,29/08/1984,29/08/1984,D,29/08/1984,NBNSYS0000006842,Chorthippus brunneus,R2490,124500,190500,OSI,1000,,"L Inchiquin,edge","Devriese, H.H.",,FALSE,FALSE,,,209,,"Devriese, H.H.",,,,,,Biological Records Centre,,,
2.40966E+16,,,01/08/1984,31/08/1984,DD,01/08/1984 - 31/08/1984,NBNSYS0000006842,Chorthippus brunneus,R2490,124500,190500,OSI,1000,,"Inchiquin L,border of","Devriese, H.H.",,FALSE,FALSE,,,209,,"Devriese, H.H.",,,,,,Biological Records Centre,,,
2.40966E+16,,,01/09/1977,30/09/1977,DD,01/09/1977 - 30/09/1977,NBNSYS0000006842,Chorthippus brunneus,T0991,309500,191500,OSI,1000,,Glen Malus,"Rands, D.G.",,FALSE,FALSE,,,220,,"Rands, D.G.",,,,,,Biological Records Centre,,,
2.40966E+16,,,01/08/1977,31/08/1977,DD,01/08/1977 - 31/08/1977,NBNSYS0000006833,Tetrix undulata,R5690,156500,190500,OSI,1000,,Lough Graney,"Anderson, R.",,FALSE,FALSE,,,209,,"Anderson, R.",,,,,,Biological Records Centre,,,
1.01118E+17,,,23/07/2021,23/07/2021,D,23/07/2021,NBNSYS0000006839,Myrmeleotettix maculatus,R37759085,137755,190855,OSI,10,,Ballyogan NPWS Property,Brian Nelson,,FALSE,FALSE,,Clare,Clare,limestone pavement,Brian Nelson,many,,,Adult,,,,,
1.01118E+17,,,11/08/2020,11/08/2020,D,11/08/2020,NBNSYS0000006839,Myrmeleotettix maculatus,R37819087,137815,190875,OSI,10,,"Ballyogan, NPWS property",Brian Nelson,,FALSE,FALSE,,Clare,Clare,limestone pavement,Brian Nelson,present,,,Adult,,,,,
1.01118E+17,,,11/08/2020,11/08/2020,D,11/08/2020,NBNSYS0000006838,Omocestus viridulus,R37819087,137815,190875,OSI,10,,"Ballyogan, NPWS property",Brian Nelson,,FALSE,FALSE,,Clare,Clare,limestone pavement,Brian Nelson,present,,,Adult,,,,,
1.01118E+17,,,11/08/2020,11/08/2020,D,11/08/2020,NBNSYS0000006842,Chorthippus brunneus,R37819087,137815,190875,OSI,10,,"Ballyogan, NPWS property",Brian Nelson,,FALSE,FALSE,,Clare,Clare,limestone pavement,Brian Nelson,present,,,Adult,,,,,
2.48947E+16,,,24/08/2016,24/08/2016,D,24/08/2016,NBNSYS0000006842,Chorthippus brunneus,,-6.14098,52.96903,WGS84,100,,Glenealy,Alan Lauder,,FALSE,FALSE,Images\24894664796554989.jpg,Wicklow,,,,,Garden,,,,,,,
2.40966E+16,,,01/06/1977,30/06/1977,DD,01/06/1977 - 30/06/1977,NBNSYS0000006833,Tetrix undulata,R3291,132500,191500,OSI,1000,,,"Speight, M.C.D.",,FALSE,FALSE,,,209,,"Speight, M.C.D.",,,,,,Biological Records Centre,,,
2.40966E+16,,,22/06/1977,22/06/1977,D,22/06/1977,NBNSYS0000006833,Tetrix undulata,R3291,132500,191500,OSI,1000,,"Caherbullaun, Co. Clare.","Speight, M.C.D.",,FALSE,FALSE,,,209,,,,Grasshoppers and crickets of Ireland,,,,National Biodiversity Data Centre Ireland,,,
2.40966E+16,,,01/06/1977,30/06/1977,DD,01/06/1977 - 30/06/1977,NBNSYS0000006832,Tetrix subulata,R3291,132500,191500,OSI,1000,,,"Speight, M.C.D.",,FALSE,FALSE,,,209,,"Speight, M.C.D.",,,,,,Biological Records Centre,,,
2.40966E+16,,,22/06/1977,22/06/1977,D,22/06/1977,NBNSYS0000006832,Tetrix subulata,R3291,132500,191500,OSI,1000,,"Caherbullaun, Co. Clare.","Speight, M.C.D.",,FALSE,FALSE,,,209,,,,Grasshoppers and crickets of Ireland,,,,National Biodiversity Data Centre Ireland,,,
2.40966E+16,,,10/06/1991,10/06/1991,D,10/06/1991,NBNSYS0000006838,Omocestus viridulus,R3391,133500,191500,OSI,1000,,Lough George,"Arnold, H.; Eversham, B.; Green, S.G.",,FALSE,FALSE,,,209,,,,,,,,Biological Records Centre,,,
2.40966E+16,,,01/07/1976,31/07/1976,DD,01/07/1976 - 31/07/1976,NBNSYS0000006839,Myrmeleotettix maculatus,R3391,133500,191500,OSI,1000,,,"Speight, M.C.D.",,FALSE,FALSE,,,209,,"Speight, M.C.D.",,,,,,Biological Records Centre,,,
2.40966E+16,,,09/07/1976,09/07/1976,D,09/07/1976,NBNSYS0000006839,Myrmeleotettix maculatus,R3391,133500,191500,OSI,1000,,"Rinroe, Co. Clare.","Speight, M.C.D.",,FALSE,FALSE,,,209,,,,Grasshoppers and crickets of Ireland,,,,National Biodiversity Data Centre Ireland,,,
2.40966E+16,,,01/07/1979,31/07/1979,DD,01/07/1979 - 31/07/1979,NBNSYS0000006838,Omocestus viridulus,T1392,313500,192500,OSI,1000,,"Laragh,nr","Cotton, D.C.F.",,FALSE,FALSE,,,220,,"Cotton, D.C.F.",,,,,,Biological Records Centre,,,
2.40966E+16,,,01/07/1979,31/07/1979,DD,01/07/1979 - 31/07/1979,NBNSYS0000006838,Omocestus viridulus,T0793,307500,193500,OSI,1000,,Glenmalure,"Cotton, D.C.F.",,FALSE,FALSE,,,220,,"Cotton, D.C.F.",,,,,,Biological Records Centre,,,
2.40966E+16,,,01/07/1979,31/07/1979,DD,01/07/1979 - 31/07/1979,NBNSYS0000006842,Chorthippus brunneus,T0793,307500,193500,OSI,1000,,Glenmalure,"Cotton, D.C.F.",,FALSE,FALSE,,,220,,"Cotton, D.C.F.",,,,,,Biological Records Centre,,,
2.41065E+16,,,31/05/2006,31/05/2006,D,31/05/2006,NHMSYS0001387317,Forficula auricularia,S585929,258550,192950,OSI,100,,Ballyprior,Eugenie Regan,,FALSE,FALSE,,Laois,Laois (Queen's County),,,1,,,,,,,,
2.41065E+16,,,30/05/2006,30/05/2006,D,30/05/2006,NBNSYS0000006838,Omocestus viridulus,S585929,258550,192950,OSI,100,,Ballyprior,Eugenie Regan,,FALSE,FALSE,,Laois,Laois (Queen's County),,,1,,,,,,,,
9.94202E+16,,,25/07/2010,25/07/2010,D,25/07/2010,NHMSYS0001387286,Chorthippus albomarginatus,R368933,136850,193350,OSI,100,,Muckanagh Lough,Brian Nelson,,FALSE,FALSE,,Clare,Clare,wet grassland/fen,Brian Nelson,3,voucher,,Adult,Orthoptera Atlas,,,swept,
2.40966E+16,,,03/05/1980,03/05/1980,D,03/05/1980,NBNSYS0000006833,Tetrix undulata,T1494,314500,194500,OSI,1000,,"Cullentragh, Co. Wicklow.","Speight, M.C.D.",,FALSE,FALSE,,,220,,,,Grasshoppers and crickets of Ireland,,,,National Biodiversity Data Centre Ireland,,,
2.40966E+16,,,01/06/1929,30/06/1929,DD,01/06/1929 - 30/06/1929,NBNSYS0000006825,Leptophyes punctatissima,T29,325000,195000,OSI,10000,,Devil's Glen,"Stelfox, A.W.",,FALSE,FALSE,,,220,,"Speight, M.C.D.",,,,,,Biological Records Centre,,,
2.40966E+16,,,23/06/1929,23/06/1929,D,23/06/1929,NBNSYS0000006825,Leptophyes punctatissima,T29,325000,195000,OSI,10000,,"Devil's Glen, Co. Wicklow.","Stelfox, A.W.",,FALSE,FALSE,,,220,,,,Grasshoppers and crickets of Ireland,,,,National Biodiversity Data Centre Ireland,,,
2.41065E+16,,,31/05/2006,31/05/2006,D,31/05/2006,NHMSYS0001387317,Forficula auricularia,R231940,123150,194050,OSI,100,,Ballyganner,Eugenie Regan,,FALSE,FALSE,,Clare,Clare,,,,,,,,,,,
2.40966E+16,,,01/01/1920,31/12/1920,Y,1920,NBNSYS0000006838,Omocestus viridulus,T19,315000,195000,OSI,10000,,Glendalough,,,FALSE,FALSE,,,220,,,,,,,,Biological Records Centre,,,
2.40966E+16,,,16/08/1989,16/08/1989,D,16/08/1989,NBNSYS0000006838,Omocestus viridulus,R1394,113500,194500,OSI,1000,,"Kilshanny, N of","Arnold, H.; Eversham, B.; Green, S.G.",,FALSE,FALSE,,,209,,,,,,,,Biological Records Centre,,,
2.40966E+16,,,16/08/1989,16/08/1989,D,16/08/1989,NHMSYS0001387317,Forficula auricularia,R1394,113500,194500,OSI,1000,,"Kilshanny, N of","Arnold, H.; Eversham, B.; Green, S.G.",,FALSE,FALSE,,,209,,,,,,,,Biological Records Centre,,,
2.40966E+16,,,16/05/2007,12/06/2007,DD,16/05/2007 - 12/06/2007,NBNSYS0000006832,Tetrix subulata,R29709428,129706,194280,OSI,10,,Rinnamona Lough,Tom Gittings,,FALSE,FALSE,,Clare,,,Tom Gittings,,,,,BioChange,,,Malaise trap,
2.40966E+16,,,16/05/2007,12/06/2007,DD,16/05/2007 - 12/06/2007,NBNSYS0000006832,Tetrix subulata,R29709428,129706,194280,OSI,10,,Rinnamona Lough,Tom Gittings,,FALSE,FALSE,,Clare,,,Tom Gittings,,,,,BioChange,,,Malaise trap,
9.94202E+16,,,08/07/2017,08/07/2017,D,08/07/2017,NBNSYS0000006839,Myrmeleotettix maculatus,R303943,130350,194350,OSI,100,,"Knockaunroe, Burren National Park",Brian Nelson,,FALSE,FALSE,,Clare,Clare,,Brian Nelson,,,,,Orthoptera Atlas,,,,
9.94202E+16,,,08/07/2017,08/07/2017,D,08/07/2017,NBNSYS0000006838,Omocestus viridulus,R303943,130350,194350,OSI,100,,"Knockaunroe, Burren National Park",Brian Nelson,,FALSE,FALSE,,Clare,Clare,,Brian Nelson,,,,,Orthoptera Atlas,,,,
2.40966E+16,,,01/06/1989,30/06/1989,DD,01/06/1989 - 30/06/1989,NBNSYS0000006838,Omocestus viridulus,T09,305000,195000,OSI,10000,,"Glendalough,W of Upper Lake","Paul, J.",,FALSE,FALSE,,,220,,"Paul, J.",,,,,,"Paul, J.",,,
2.40966E+16,,,01/06/1989,30/06/1989,DD,01/06/1989 - 30/06/1989,NBNSYS0000006839,Myrmeleotettix maculatus,T09,305000,195000,OSI,10000,,"Glendalough,W of Upper Lake","Paul, J.",,FALSE,FALSE,,,220,,"Paul, J.",,,,,,"Paul, J.",,,
2.40966E+16,,,27/06/1975,27/06/1975,D,27/06/1975,NBNSYS0000006839,Myrmeleotettix maculatus,R2994,129500,194500,OSI,1000,,"Carrownamaddra, Co. Clare.","Speight, M.C.D.",,FALSE,FALSE,,,209,,,,Grasshoppers and crickets of Ireland,,,,National Biodiversity Data Centre Ireland,,,
2.40966E+16,,,01/06/1975,30/06/1975,DD,01/06/1975 - 30/06/1975,NBNSYS0000006839,Myrmeleotettix maculatus,R2994,129500,194500,OSI,1000,,,"Speight, M.C.D.",,FALSE,FALSE,,,209,,"Speight, M.C.D.",,,,,,Biological Records Centre,,,
2.40966E+16,,,01/07/1992,31/07/1992,DD,01/07/1992 - 31/07/1992,NBNSYS0000006842,Chorthippus brunneus,R2994,129500,194500,OSI,1000,,Rinnamona,"Paul, J.",,FALSE,FALSE,,,209,,"Paul, J.",,,,,,Biological Records Centre,,,
9.47987E+16,,,28/07/1992,28/07/1992,D,28/07/1992,NBNSYS0000006842,Chorthippus brunneus,R2994,129500,194500,OSI,1000,,Rinnamona,John Paul,,FALSE,FALSE,,,Clare,,John Paul,1,,Voucher specimen,Adult,John Paul 2005. Unpublished field notes,Submitted directly to the Data Centre,,,
9.47987E+16,,,23/05/1998,23/05/1998,D,23/05/1998,NBNSYS0000006832,Tetrix subulata,R2994,129500,194500,OSI,1000,,Rinnamona,John Paul,,FALSE,FALSE,,,Clare,,John Paul,4,,Voucher specimen,Adult,John Paul 2005. Unpublished field notes,Submitted directly to the Data Centre,,,
9.94202E+16,,,10/06/2010,10/06/2010,D,10/06/2010,NBNSYS0000006838,Omocestus viridulus,R2994,129500,194500,OSI,1000,,Clooncoose,Brian Nelson,,FALSE,FALSE,,Clare,Clare,,Brian Nelson,,,,,Orthoptera Atlas,,,,
1.01118E+17,,,18/08/2023,18/08/2023,D,18/08/2023,NHMSYS0001387286,Chorthippus albomarginatus,R33149448,133145,194485,OSI,10,,"Creehaun, Burren National Park",Brian Nelson,,FALSE,FALSE,,Clare,Clare,wet grassland/fen,Brian Nelson,present,,,Adult,,,,Field record,
2.40966E+16,,,26/06/2006,22/07/2007,DD,26/06/2006 - 22/07/2007,NBNSYS0000006832,Tetrix subulata,R32979459,132979,194598,OSI,10,,Coolreash Lough,Tom Gittings,,FALSE,FALSE,,Clare,,,Tom Gittings,,,,,BioChange,,,Malaise trap,
2.40966E+16,,,24/05/2013,24/05/2013,D,24/05/2013,NBNSYS0000006833,Tetrix undulata,R293946,129350,194650,OSI,100,,"Green Road, Burren National Park",Tony Nagle,,FALSE,FALSE,,Clare,Clare,,,,,,,,,,,
2.40966E+16,,,09/08/2014,09/08/2014,D,09/08/2014,NBNSYS0000006832,Tetrix subulata,R305946,130550,194650,OSI,100,,Gortlecka,Andrew & ine Fenner,,FALSE,FALSE,,Clare,Clare,,,,,,,,,,,
2.40966E+16,,,09/08/2014,09/08/2014,D,09/08/2014,NBNSYS0000006833,Tetrix undulata,R305946,130550,194650,OSI,100,,Gortlecka,Andrew & ine Fenner,,FALSE,FALSE,,Clare,Clare,,,,,,,,,,,
2.40966E+16,,,25/05/2014,25/05/2014,D,25/05/2014,NBNSYS0000006833,Tetrix undulata,R306946,130650,194650,OSI,100,,"Gortlecka, Burren",Una Fitzpatrick,,FALSE,FALSE,,Clare,Clare,,,,,,,,,,,
2.40966E+16,,,25/05/2014,25/05/2014,D,25/05/2014,NBNSYS0000006839,Myrmeleotettix maculatus,R306946,130650,194650,OSI,100,,"Gortlecka, Burren",Una Fitzpatrick,,FALSE,FALSE,,Clare,Clare,,,,,,,,,,,
9.94202E+16,,,16/08/2016,16/08/2016,D,16/08/2016,NHMSYS0001387317,Forficula auricularia,T308959,330850,195950,OSI,100,,The Murrough,Brian Nelson,,FALSE,FALSE,,Wicklow,Wicklow,,Brian Nelson,,,,Adult,,,,Field record,
9.94202E+16,,,10/06/2010,10/06/2010,D,10/06/2010,NBNSYS0000006838,Omocestus viridulus,R289947,128950,194750,OSI,100,,Clooncoose,Brian Nelson,,FALSE,FALSE,,Clare,Clare,,Brian Nelson,,,,,Orthoptera Atlas,,,,
2.40966E+16,,,10/06/1990,10/06/1990,D,10/06/1990,NBNSYS0000006833,Tetrix undulata,R19,115000,195000,OSI,10000,,"Loch Coller, W of","Arnold, H.; Eversham, B.; Green, S.G.",,FALSE,FALSE,,,209,,,,,,,,Biological Records Centre,,,
2.40966E+16,,,09/06/1990,09/06/1990,D,09/06/1990,NBNSYS0000006838,Omocestus viridulus,R29,125000,195000,OSI,10000,,"Killinaboy, S of","Arnold, H.; Eversham, B.; Green, S.G.",,FALSE,FALSE,,,209,,,,,,,,Biological Records Centre,,,
2.40966E+16,,,01/01/1960,31/12/1999,DD,01/01/1960 - 31/12/1999,NBNSYS0000006842,Chorthippus brunneus,R29,125000,195000,OSI,10000,,Shandangan Lough,"Lansbury, I.",,FALSE,FALSE,,,209,,"Marshall, J.A.",,,,,,Biological Records Centre,,,
2.40966E+16,,,01/01/1960,31/12/1999,DD,01/01/1960 - 31/12/1999,NBNSYS0000006842,Chorthippus brunneus,R29,125000,195000,OSI,10000,,"Killinaboy,Roughaun Crag","Lansbury, I.",,FALSE,FALSE,,,209,,"Marshall, J.A.",,,,,,Biological Records Centre,,,
2.40966E+16,,,01/01/1960,31/12/1999,DD,01/01/1960 - 31/12/1999,NBNSYS0000006842,Chorthippus brunneus,R29,125000,195000,OSI,10000,,Killinaboy Roughaun Meadow,"Lansbury, I.",,FALSE,FALSE,,,209,,"Marshall, J.A.",,,,,,Biological Records Centre,,,
2.40966E+16,,,01/01/1940,31/12/1999,DD,01/01/1940 - 31/12/1999,NBNSYS0000006839,Myrmeleotettix maculatus,R29,125000,195000,OSI,10000,,Shandangan Lough,"Lansbury, I.",,FALSE,FALSE,,,209,,"Lansbury, I.",,,,,,Biological Records Centre,,,
2.40966E+16,,,09/06/1990,09/06/1990,D,09/06/1990,NHMSYS0001387317,Forficula auricularia,R29,125000,195000,OSI,10000,,"Killinaboy, S of","Arnold, H.; Eversham, B.; Green, S.G.",,FALSE,FALSE,,,209,,,,,,,,Biological Records Centre,,,
2.40966E+16,,,01/01/1940,31/12/1999,DD,01/01/1940 - 31/12/1999,NBNSYS0000006838,Omocestus viridulus,R29,125000,195000,OSI,10000,,"Killinaboy,Roughan meadow","Lansbury, I.",,FALSE,FALSE,,,209,,"Lansbury, I.",,,,,,Biological Records Centre,,,
2.40966E+16,,,29/08/1984,29/08/1984,D,29/08/1984,NBNSYS0000006838,Omocestus viridulus,R0495,104500,195500,OSI,1000,,Doolin,"Devriese, H.H.",,FALSE,FALSE,,,209,,"Devriese, H.H.",,,,,,Biological Records Centre,,,
2.40966E+16,,,01/08/1984,31/08/1984,DD,01/08/1984 - 31/08/1984,NBNSYS0000006838,Omocestus viridulus,R0495,104500,195500,OSI,1000,,"Fisherstreet nr Doolin,dunes nr pier","Devriese, H.H.",,FALSE,FALSE,,,209,,"Devriese, H.H.",,,,,,Biological Records Centre,,,
2.40966E+16,,,29/08/1984,29/08/1984,D,29/08/1984,NBNSYS0000006842,Chorthippus brunneus,R0495,104500,195500,OSI,1000,,Fisherstreet nr Doolin,"Devriese, H.H.",,FALSE,FALSE,,,209,,"Devriese, H.H.",,,,,,Biological Records Centre,,,
2.40966E+16,,,01/08/1984,31/08/1984,DD,01/08/1984 - 31/08/1984,NBNSYS0000006842,Chorthippus brunneus,R0495,104500,195500,OSI,1000,,"Fisherstreet nr Doolin,dunes nr pier","Devriese, H.H.",,FALSE,FALSE,,,209,,"Devriese, H.H.",,,,,,Biological Records Centre,,,
2.40966E+16,,,01/01/1960,31/12/1999,DD,01/01/1960 - 31/12/1999,NBNSYS0000006842,Chorthippus brunneus,R39,135000,195000,OSI,10000,,Lough Bunny,"Lansbury, I.",,FALSE,FALSE,,,209,,"Marshall, J.A.",,,,,,Biological Records Centre,,,
2.40966E+16,,,01/06/1989,30/06/1989,DD,01/06/1989 - 30/06/1989,NHMSYS0001387286,Chorthippus albomarginatus,R39,135000,195000,OSI,10000,,Lough Bunny,"Paul, J.",,FALSE,FALSE,,,209,,"Paul, J.",,,,,,"Paul, J.",,,NATIVE
2.40966E+16,,,01/01/1960,31/12/1999,DD,01/01/1960 - 31/12/1999,NHMSYS0001387286,Chorthippus albomarginatus,R39,135000,195000,OSI,10000,,Lough Bunny,"Lansbury, I.",,FALSE,FALSE,,,209,,"Marshall, J.A.",,,,,,Biological Records Centre,,,
2.40966E+16,,,01/06/1989,30/06/1989,DD,01/06/1989 - 30/06/1989,NBNSYS0000006839,Myrmeleotettix maculatus,R39,135000,195000,OSI,10000,,"The Burren,Glencolumbkille","Paul, J.",,FALSE,FALSE,,,209,"Grassland,calcareous","Paul, J.",,,,,,"Paul, J.",,,NATIVE
2.40966E+16,,,01/06/1989,30/06/1989,DD,01/06/1989 - 30/06/1989,NBNSYS0000006838,Omocestus viridulus,R39,135000,195000,OSI,10000,,"The Burren,Glencolumbkille","Paul, J.",,FALSE,FALSE,,,209,"Grassland,calcareous","Paul, J.",,,,,,"Paul, J.",,,NATIVE
2.40966E+16,,,01/01/1960,31/12/1999,DD,01/01/1960 - 31/12/1999,NBNSYS0000006833,Tetrix undulata,R39,135000,195000,OSI,10000,,Mullagh More,"Morris, M.G.",,FALSE,FALSE,,,209,,"Morris, M.G.",,,,,,Biological Records Centre,,,
2.40966E+16,,,01/01/1960,31/12/1999,DD,01/01/1960 - 31/12/1999,NBNSYS0000006832,Tetrix subulata,R39,135000,195000,OSI,10000,,Mullagh More,"Morris, M.G.",,FALSE,FALSE,,,209,,"Morris, M.G.",,,,,,Biological Records Centre,,,
2.40966E+16,,,01/09/1972,30/09/1972,DD,01/09/1972 - 30/09/1972,NBNSYS0000006842,Chorthippus brunneus,S69,265000,195000,OSI,10000,,"Athy,Bert Bridge nr","Harding, P.T.",,FALSE,FALSE,,,219,,"Skelton, M.J.L.",,,,,,Biological Records Centre,,,
2.40966E+16,,,30/07/2007,30/07/2007,D,30/07/2007,NBNSYS0000006842,Chorthippus brunneus,R273954,127350,195450,OSI,100,,Clooncoose,Brian Nelson,,FALSE,FALSE,,,Clare,,Brian Nelson,,,,,,,,,
9.94202E+16,,,30/07/2007,30/07/2007,D,30/07/2007,NBNSYS0000006842,Chorthippus brunneus,R273954,127350,195450,OSI,100,,Clooncoose,Brian Nelson,,FALSE,FALSE,,Clare,Clare,,Brian Nelson,,,,,Orthoptera Atlas,,,,
2.40966E+16,,,20/08/1994,20/08/1994,D,20/08/1994,NBNSYS0000006833,Tetrix undulata,R2795,127500,195500,OSI,1000,,Clooncoose,"Nelson, B.",,FALSE,FALSE,,,209,,"Nelson, B.",,,,,,"Widgery, J.",,,
2.40966E+16,,,20/08/1994,20/08/1994,D,20/08/1994,NBNSYS0000006838,Omocestus viridulus,R2795,127500,195500,OSI,1000,,Clooncoose,"Nelson, B.",,FALSE,FALSE,,,209,,"Nelson, B.",,,,,,"Widgery, J.",,,
2.41065E+16,,,30/06/2012,30/06/2012,D,30/06/2012,NHMSYS0001387317,Forficula auricularia,R083958,108350,195850,OSI,100,,"Cronagort, Doolin",Prof Martin Steer,,FALSE,FALSE,,Clare,Clare,Flower beds and borders,,>50,"Extremely numerous throughout summer in vegetables (cabbage & lettuce heads), flower heads and in piles of damp building timber discards",,,,,,,
2.40966E+16,,,08/06/1991,08/06/1991,D,08/06/1991,NHMSYS0001387286,Chorthippus albomarginatus,R3795,137500,195500,OSI,1000,,"Lough Bunny, south shore","Arnold, H.; Eversham, B.; Green, S.G.",,FALSE,FALSE,,,209,,,,,,,,Biological Records Centre,,,
2.40966E+16,,,01/09/1977,30/09/1977,DD,01/09/1977 - 30/09/1977,NBNSYS0000006842,Chorthippus brunneus,S5995,259500,195500,OSI,1000,,Stradbally,"Rands, D.G.",,FALSE,FALSE,,,214,,"Rands, D.G.",,,,,,Biological Records Centre,,,
2.40966E+16,,,01/04/1971,30/04/1971,DD,01/04/1971 - 30/04/1971,NBNSYS0000006833,Tetrix undulata,T1196,311500,196500,OSI,1000,,,"Speight, M.C.D.",,FALSE,FALSE,,,220,Lake shore,"Speight, M.C.D.",,,,,,Biological Records Centre,,,
2.40966E+16,,,20/04/1971,20/04/1971,D,20/04/1971,NBNSYS0000006833,Tetrix undulata,T1196,311500,196500,OSI,1000,,"Upper Lake, Glendalough, Co. Wicklow.","Speight, M.C.D.",,FALSE,FALSE,,,220,,,,Grasshoppers and crickets of Ireland,,,,National Biodiversity Data Centre Ireland,,,
2.40966E+16,,,24/06/1989,24/06/1989,D,24/06/1989,NBNSYS0000006838,Omocestus viridulus,T0996,309500,196500,OSI,1000,,Glendalough,"Paul, J.",,FALSE,FALSE,,,220,moorland,"Paul, J.",,,,,,"Paul, J.",,,
9.47987E+16,,,24/06/1989,24/06/1989,D,24/06/1989,NBNSYS0000006839,Myrmeleotettix maculatus,T0996,309500,196500,OSI,1000,,Glendalough,John Paul,,FALSE,FALSE,,,Wicklow,,John Paul,1,,Voucher specimen,Adult,John Paul 2005. Unpublished field notes,Submitted directly to the Data Centre,,,
9.47987E+16,,,24/06/1989,24/06/1989,D,24/06/1989,NBNSYS0000006838,Omocestus viridulus,T0996,309500,196500,OSI,1000,,Glendalough,John Paul,,FALSE,FALSE,,,Wicklow,,John Paul,1,,Voucher specimen,Adult,"John Paul 1985. British Orthoptera in 1984.  Entomologist's Rec. J. Var. 97, 122-126.",Submitted directly to the Data Centre,,,
9.94202E+16,,,10/07/2017,10/07/2017,D,10/07/2017,NBNSYS0000006842,Chorthippus brunneus,R343959,134350,195950,OSI,100,,Ballyteige Nature Reserve,Brian Nelson,,FALSE,FALSE,,Clare,Clare,,Brian Nelson,,,,,Orthoptera Atlas,,,,
9.94202E+16,,,05/07/2017,05/07/2017,D,05/07/2017,NBNSYS0000006832,Tetrix subulata,R343959,134350,195950,OSI,100,,"Creehaun, Burren National Park",Brian Nelson,,FALSE,FALSE,,Clare,Clare,,Brian Nelson,,,,,,,,,
2.41065E+16,,,31/05/2006,31/05/2006,D,31/05/2006,NHMSYS0001387317,Forficula auricularia,R365959,136550,195950,OSI,100,,Lough Bunny,Eugenie Regan,,FALSE,FALSE,,Clare,Clare,,,1,,,,,,,,
2.40966E+16,,,26/05/2002,26/05/2002,D,26/05/2002,NBNSYS0000006832,Tetrix subulata,R559958,155950,195850,OSI,100,,Lough Graney,"Nelson, Dr. B.",,FALSE,FALSE,,,Clare,,"Nelson, Dr. B.",,,,,,,,,
2.40966E+16,,,01/06/1979,30/06/1979,DD,01/06/1979 - 30/06/1979,NBNSYS0000006833,Tetrix undulata,R1296,112500,196500,OSI,1000,,Lough Goller,"Higgins, D.G.F.",,FALSE,FALSE,,,209,,"Higgins, D.G.F.",,,,,,Biological Records Centre,,,
2.40966E+16,,,24/07/2010,24/07/2010,D,24/07/2010,NBNSYS0000006839,Myrmeleotettix maculatus,R364961,136450,196150,OSI,100,,"Aughrim, Burren National Park, The Burren","Don Cotton, Jean Dunleavy, S. Ryan & B. Smyth",,FALSE,FALSE,,,,,,,,,,,,,,
2.40966E+16,,,25/07/2010,25/07/2010,D,25/07/2010,NHMSYS0001387286,Chorthippus albomarginatus,R368963,136850,196350,OSI,100,,Muckanagh Lough,Brian Nelson,,FALSE,FALSE,,,Clare,,Brian Nelson,,,,,,,,,
9.94202E+16,,,04/09/2013,04/09/2013,D,04/09/2013,NHMSYS0001387317,Forficula auricularia,R375963,137550,196350,OSI,100,,Lough Bunny,Brian Nelson,,FALSE,FALSE,,Clare,Clare,,Brian Nelson,,,,,,,,,
2.40966E+16,,,25/05/2013,25/05/2013,D,25/05/2013,NBNSYS0000006833,Tetrix undulata,R3496,134500,196500,OSI,1000,,Coolorta,Brian Nelson,,FALSE,FALSE,,Clare,Clare,,,,,,,,,,,
2.40966E+16,,,19/09/1988,19/09/1988,D,19/09/1988,NBNSYS0000006838,Omocestus viridulus,R3796,137500,196500,OSI,1000,,"Lough Bunny, Co. Clare.","Speight, M.C.D.",,FALSE,FALSE,,,209,,,,Grasshoppers and crickets of Ireland,,,,National Biodiversity Data Centre Ireland,,,
2.40966E+16,,,01/07/1979,31/07/1979,DD,01/07/1979 - 31/07/1979,NBNSYS0000006839,Myrmeleotettix maculatus,T0997,309500,197500,OSI,1000,,Glendalough,"Cotton, D.C.F.",,FALSE,FALSE,,,220,,"Cotton, D.C.F.",,,,,,Biological Records Centre,,,
2.40966E+16,,,16/08/1989,16/08/1989,D,16/08/1989,NHMSYS0001387317,Forficula auricularia,R0597,105500,197500,OSI,1000,,"Fisherstreet, N of","Arnold, H.; Eversham, B.; Green, S.G.",,FALSE,FALSE,,,209,,,,,,,,Biological Records Centre,,,
2.40966E+16,,,01/08/1979,31/08/1979,DD,01/08/1979 - 31/08/1979,NBNSYS0000006842,Chorthippus brunneus,T3098,330500,198500,OSI,1000,,Broad Lough,"Cotton, D.C.F.",,FALSE,FALSE,,,220,,"Cotton, D.C.F.",,,,,,Biological Records Centre,,,
2.40966E+16,,,01/08/1979,31/08/1979,DD,01/08/1979 - 31/08/1979,NBNSYS0000006838,Omocestus viridulus,T3098,330500,198500,OSI,1000,,Broad Lough,"Cotton, D.C.F.",,FALSE,FALSE,,,220,,"Cotton, D.C.F.",,,,,,Biological Records Centre,,,
2.41065E+16,,,18/08/2012,18/08/2012,D,18/08/2012,NHMSYS0001387317,Forficula auricularia,S642974,264250,197450,OSI,100,,"castlerheban, athy",bob gravenor,,FALSE,FALSE,,Kildare,Kildare,Stone walls and other stonework,,1,"i hadn't seen any significant numbers of earwigs in years.  that changed two years ago, when our house burnt down.  it was stripped back to the bare stone walls, and then rebuilt.  since then, earwigs are a regular sight in the house.  i see one every few days.",,,,,,,
9.47987E+16,,,01/01/1989,31/12/1989,Y,1989,NHMSYS0001387286,Chorthippus albomarginatus,R3897,138500,197500,OSI,1000,,Lough Bunny,John Paul,,FALSE,FALSE,,,Clare,,John Paul,2,one reared to adult,Voucher specimen,Larval,John Paul 2005. Unpublished field notes,Submitted directly to the Data Centre,,,
2.41065E+16,,,10/08/2012,10/08/2012,D,10/08/2012,NBNSYS0000006842,Chorthippus brunneus,T292989,329250,198950,OSI,100,,Cronykeery,Angus Tyner,,FALSE,FALSE,,Wicklow,Wicklow,,,1,,,,,,,,
2.41065E+16,,,10/08/2012,10/08/2012,D,10/08/2012,NHMSYS0001387317,Forficula auricularia,T292989,329250,198950,OSI,100,,Cronykeery,Angus Tyner,,FALSE,FALSE,,Wicklow,Wicklow,,,>50,They're everywhere!!!,,,,,,,
2.48947E+16,,,06/09/2016,06/09/2016,D,06/09/2016,NHMSYS0001387418,Meconema thalassinum,T292989,329250,198950,OSI,100,,Cronykeery,Angus Tyner,,FALSE,FALSE,,Wicklow,Wicklow,,,1,Female,,,,,,,
2.48947E+16,,,06/09/2016,06/09/2016,D,06/09/2016,NHMSYS0001387317,Forficula auricularia,T292989,329250,198950,OSI,100,,Cronykeery,Angus Tyner,,FALSE,FALSE,,Wicklow,Wicklow,,,1,,,,,,,,
2.48947E+16,,,01/09/2016,01/09/2016,D,01/09/2016,NBNSYS0000006825,Leptophyes punctatissima,T292989,329250,198950,OSI,100,,Cronykeery,Zo Tyner,,FALSE,FALSE,,Wicklow,Wicklow,,,1,Female,,,,,,,
2.41065E+16,,,10/08/2012,10/08/2012,D,10/08/2012,NBNSYS0000006842,Chorthippus brunneus,T310994,331050,199450,OSI,100,,Ballybla,Angus Tyner,,FALSE,FALSE,,Wicklow,Wicklow,,,1,,,,,,,,
2.40966E+16,,,01/08/1984,31/08/1984,DD,01/08/1984 - 31/08/1984,NBNSYS0000006838,Omocestus viridulus,R1098,110500,198500,OSI,1000,,"Lisdoonvarna,Fernhill","Devriese, H.H.",,FALSE,FALSE,,,209,,"Devriese, H.H.",,,,,,Biological Records Centre,,,
2.40966E+16,,,27/08/1984,27/08/1984,D,27/08/1984,NBNSYS0000006838,Omocestus viridulus,R1098,110500,198500,OSI,1000,,"Lisdoonvarna,Fernhill","Devriese, H.H.",,FALSE,FALSE,,,209,,"Devriese, H.H.",,,,,,Biological Records Centre,,,
1.01118E+17,,,15/08/2024,15/08/2024,D,15/08/2024,NBNSYS0000006842,Chorthippus brunneus,R28659847,128655,198475,OSI,10,,Carran Turlough,Brian Nelson,,FALSE,FALSE,,Clare,Clare,limestone pavement,Brian Nelson,present,,,Adult,,Field record,,,
2.40966E+16,,,01/05/1978,31/05/1978,DD,01/05/1978 - 31/05/1978,NBNSYS0000006833,Tetrix undulata,R3298,132500,198500,OSI,1000,,,"Speight, M.C.D.",,FALSE,FALSE,,,209,,"Speight, M.C.D.",,,,,,Biological Records Centre,,,
2.40966E+16,,,28/05/1978,28/05/1978,D,28/05/1978,NBNSYS0000006833,Tetrix undulata,R3298,132500,198500,OSI,1000,,"Knockanes, Co. Clare.","Speight, M.C.D.",,FALSE,FALSE,,,209,,,,Grasshoppers and crickets of Ireland,,,,National Biodiversity Data Centre Ireland,,,
2.41065E+16,,,26/07/2012,26/07/2012,D,26/07/2012,NBNSYS0000006842,Chorthippus brunneus,S457982,245750,198250,OSI,100,,Portlaoise,"Eugenie Regan, Stephen McCormack",,FALSE,FALSE,,Laois,Laois (Queen's County),,,,,,,,,,,
2.40966E+16,,,01/07/1979,31/07/1979,DD,01/07/1979 - 31/07/1979,NBNSYS0000006833,Tetrix undulata,T1799,317500,199500,OSI,1000,,"Annamoe,Avon River","Cotton, D.C.F.",,FALSE,FALSE,,,220,,"Cotton, D.C.F.",,,,,,Biological Records Centre,,,
2.40966E+16,,,10/06/1991,10/06/1991,D,10/06/1991,NBNSYS0000006838,Omocestus viridulus,R3898,138500,198500,OSI,1000,,"Lough Bunny, N","Arnold, H.; Eversham, B.; Green, S.G.",,FALSE,FALSE,,,209,,,,,,,,Biological Records Centre,,,
2.40966E+16,,,10/06/1991,10/06/1991,D,10/06/1991,NBNSYS0000006839,Myrmeleotettix maculatus,R3898,138500,198500,OSI,1000,,"Lough Bunny, N","Arnold, H.; Eversham, B.; Green, S.G.",,FALSE,FALSE,,,209,,,,,,,,Biological Records Centre,,,
2.40966E+16,,,05/04/1980,05/04/1980,D,05/04/1980,NBNSYS0000006833,Tetrix undulata,T1299,312500,199500,OSI,1000,,"Brockagh, Co. Wicklow.","Speight, M.C.D.",,FALSE,FALSE,,,220,,,,Grasshoppers and crickets of Ireland,,,,National Biodiversity Data Centre Ireland,,,
2.40966E+16,,,16/05/2007,12/06/2007,DD,16/05/2007 - 12/06/2007,NBNSYS0000006832,Tetrix subulata,R44879883,144874,198836,OSI,10,,Laghtyshaughnessy Lough,Tom Gittings,,FALSE,FALSE,,Galway,,,Tom Gittings,,,,,BioChange,,,Malaise trap,
2.40966E+16,,,16/05/2007,12/06/2007,DD,16/05/2007 - 12/06/2007,NBNSYS0000006832,Tetrix subulata,R44879883,144874,198836,OSI,10,,Laghtyshaughnessy Lough,Tom Gittings,,FALSE,FALSE,,Galway,,,Tom Gittings,,,,,BioChange,,,Malaise trap,
9.94202E+16,,,11/09/2010,11/09/2010,D,11/09/2010,NBNSYS0000006838,Omocestus viridulus,M299002,129950,200250,OSI,100,,Termon,Brian Nelson,,FALSE,FALSE,,Clare,Clare,,Brian Nelson,,,,,Orthoptera Atlas,,,,
2.40966E+16,,,17/07/2014,17/07/2014,D,17/07/2014,NBNSYS0000006838,Omocestus viridulus,L9623701243,96237,201243,OSI,1,,Inis irr,Gregory Woulahan,,FALSE,FALSE,,,,,,,,,,,,,,
2.40966E+16,,,17/07/2014,17/07/2014,D,17/07/2014,NBNSYS0000006839,Myrmeleotettix maculatus,L9623701243,96237,201243,OSI,1,,Inis irr,Gregory Woulahan,,FALSE,FALSE,,,,,,,,,,,,,,
2.41065E+16,,,05/09/2012,05/09/2012,D,05/09/2012,NBNSYS0000006838,Omocestus viridulus,N91980127,291985,201275,OSI,10,,Mullycagh,John Brophy,,FALSE,FALSE,Images\24106532627023479.jpg,Wicklow,Wicklow,Wet grassland,,1,,,,,,,,
2.40966E+16,,,14/08/2004,14/08/2004,D,14/08/2004,NBNSYS0000006839,Myrmeleotettix maculatus,L991019,99150,201950,OSI,100,,"An Loch Mor, Inisheer, Aran Islands","Nelson, Dr. B.",,FALSE,FALSE,,,Clare,,"Nelson, Dr. B.",,,,,,,,,
2.40966E+16,,,21/05/1988,21/05/1988,D,21/05/1988,NBNSYS0000006833,Tetrix undulata,M2401,124500,201500,OSI,1000,,"The Burren,Poulnabrone","Alexander, K.N.A.",,FALSE,FALSE,,,209,,"Alexander, K.N.A.",,,,,,"Alexander, K.N.A.",,,
2.40966E+16,,,01/08/1983,31/08/1983,DD,01/08/1983 - 31/08/1983,NBNSYS0000006838,Omocestus viridulus,M3101,131500,201500,OSI,1000,,The Burren nr Doomore,"Cotton, D.C.F.",,FALSE,FALSE,,,209,,"Cotton, D.C.F.",,,,,,Biological Records Centre,,,
2.40966E+16,,,01/08/1983,31/08/1983,DD,01/08/1983 - 31/08/1983,NBNSYS0000006839,Myrmeleotettix maculatus,M3101,131500,201500,OSI,1000,,The Burren nr Doomore,"Cotton, D.C.F.",,FALSE,FALSE,,,209,,"Cotton, D.C.F.",,,,,,Biological Records Centre,,,
2.40966E+16,,,06/08/1976,06/08/1976,D,06/08/1976,NBNSYS0000006839,Myrmeleotettix maculatus,M5501,155500,201500,OSI,1000,,"Bunnaglass, Co. Galway.","Speight, M.C.D.",,FALSE,FALSE,,,215,,,,Grasshoppers and crickets of Ireland,,,,National Biodiversity Data Centre Ireland,,,
2.40966E+16,,,01/08/1976,31/08/1976,DD,01/08/1976 - 31/08/1976,NBNSYS0000006839,Myrmeleotettix maculatus,M5501,155500,201500,OSI,1000,,,"Speight, M.C.D.",,FALSE,FALSE,,,215,,"Speight, M.C.D.",,,,,,Biological Records Centre,,,
2.40966E+16,,,18/08/1989,18/08/1989,D,18/08/1989,NBNSYS0000006839,Myrmeleotettix maculatus,M7701,177500,201500,OSI,1000,,"Rosturra Wood, SE of","Arnold, H.; Eversham, B.; Green, S.G.",,FALSE,FALSE,,,215,,,,,,,,Biological Records Centre,,,
2.40966E+16,,,18/08/1989,18/08/1989,D,18/08/1989,NHMSYS0001387317,Forficula auricularia,M7701,177500,201500,OSI,1000,,"Rosturra Wood, SE of","Arnold, H.; Eversham, B.; Green, S.G.",,FALSE,FALSE,,,215,,,,,,,,Biological Records Centre,,,
2.40966E+16,,,18/08/1989,18/08/1989,D,18/08/1989,NBNSYS0000006842,Chorthippus brunneus,M7701,177500,201500,OSI,1000,,"Rosturra Wood, SE of","Arnold, H.; Eversham, B.; Green, S.G.",,FALSE,FALSE,,,215,,,,,,,,Biological Records Centre,,,
2.40966E+16,,,18/08/1989,18/08/1989,D,18/08/1989,NBNSYS0000006834,Stethophyma grossum,M7701,177500,201500,OSI,1000,,"Rosturra Wood, SE of","Arnold, H.; Eversham, B.; Green, S.G.",,FALSE,FALSE,,,215,,,,,,,,Biological Records Centre,,,
2.40966E+16,,,14/07/2014,14/07/2014,D,14/07/2014,NBNSYS0000006839,Myrmeleotettix maculatus,L974026,97450,202650,OSI,100,,Inis irr,Gregory Woulahan,,FALSE,FALSE,,,,,,,,,,,,,,
2.40966E+16,,,14/07/2014,14/07/2014,D,14/07/2014,NBNSYS0000006838,Omocestus viridulus,L974026,97450,202650,OSI,100,,Inis irr,Gregory Woulahan,,FALSE,FALSE,,,,,,,,,,,,,,
2.40966E+16,,,25/05/2003,25/05/2003,D,25/05/2003,NHMSYS0001387317,Forficula auricularia,M741016,174150,201650,OSI,100,,Pollnaknockaun Wood,Roy Anderson,,FALSE,FALSE,,,,"Woodland: broadleaved, semi-natural, high forest",,several,In moss and litter.,,,,,,,
2.40966E+16,,,16/08/1989,16/08/1989,D,16/08/1989,NBNSYS0000006842,Chorthippus brunneus,M0802,108500,202500,OSI,1000,,"Poulsallagh, N of","Arnold, H.; Eversham, B.; Green, S.G.",,FALSE,FALSE,,,209,,,,,,,,Biological Records Centre,,,
2.40966E+16,,,16/08/1989,16/08/1989,D,16/08/1989,NBNSYS0000006838,Omocestus viridulus,M0802,108500,202500,OSI,1000,,"Poulsallagh, N of","Arnold, H.; Eversham, B.; Green, S.G.",,FALSE,FALSE,,,209,,,,,,,,Biological Records Centre,,,
2.40966E+16,,,01/08/1984,31/08/1984,DD,01/08/1984 - 31/08/1984,NBNSYS0000006838,Omocestus viridulus,M1002,110500,202500,OSI,1000,,Castle Ballynalacken nr Lisdoonvarna,"Devriese, H.H.",,FALSE,FALSE,,,209,,"Devriese, H.H.",,,,,,Biological Records Centre,,,
2.40966E+16,,,01/08/1978,31/08/1978,DD,01/08/1978 - 31/08/1978,NBNSYS0000006838,Omocestus viridulus,O3103,331500,203500,OSI,1000,,Murrough Marshes,"Williams, M.d.C.",,FALSE,FALSE,,,220,,"Williams, M.d.C.",,,,,,Biological Records Centre,,,
2.40966E+16,,,01/07/1978,31/07/1978,DD,01/07/1978 - 31/07/1978,NBNSYS0000006832,Tetrix subulata,O3103,331500,203500,OSI,1000,,Murrough Marshes,"Williams, M.d.C.",,FALSE,FALSE,,,220,,"Williams, M.d.C.",,,,,,Biological Records Centre,,,
2.40966E+16,,,22/09/2007,22/09/2007,D,22/09/2007,NBNSYS0000006825,Leptophyes punctatissima,O298036,329850,203650,OSI,100,,"The Limit, Newcastle Middle, Co. Wicklow",Sam Connolly,,FALSE,FALSE,Images\24096605481211557.jpg,Wicklow,Wicklow,Earth banks,,1,"This is the earliest photographic record of this species I have but I did see one a few years earlier and they are relatively common in this location, but hard to spot due to their incredible camouflage. This specimen was a female.",,,,,,,
2.40966E+16,,,12/09/2006,12/09/2006,D,12/09/2006,NBNSYS0000006839,Myrmeleotettix maculatus,M425022,142550,202250,OSI,100,,Castlequarter,Martin Cawley,,FALSE,FALSE,,,,limestone pavement,,,,,,,,,,
2.40966E+16,,,12/09/2006,12/09/2006,D,12/09/2006,NHMSYS0001387317,Forficula auricularia,M425022,142550,202250,OSI,100,,Castlequarter,Martin Cawley,,FALSE,FALSE,,,,limestone pavement,,,,,,,,,,
2.40966E+16,,,12/09/2006,12/09/2006,D,12/09/2006,NBNSYS0000006838,Omocestus viridulus,M425022,142550,202250,OSI,100,,Castlequarter,Martin Cawley,,FALSE,FALSE,,,,limestone pavement,,,,,,,,,,
2.40966E+16,,,26/06/2006,26/06/2006,D,26/06/2006,NHMSYS0001387418,Meconema thalassinum,M4202,142500,202500,OSI,1000,,Garryland,Martin Cawley,,FALSE,FALSE,,,,deciduous woodland,,,,,,,,,,
1.01118E+17,,,03/09/2021,03/09/2021,D,03/09/2021,NHMSYS0001387435,Pholidoptera griseoaptera,M33840300,133845,203005,OSI,10,,Slieve Carran Nature Reserve,Brian Nelson,,FALSE,FALSE,,Clare,Clare,scrub on limestone pavement,Brian Nelson,many,,,Adult,,,,field record,
2.40966E+16,,,22/07/2010,22/07/2010,D,22/07/2010,NBNSYS0000006839,Myrmeleotettix maculatus,M335030,133550,203050,OSI,100,,"Keelhilla Nature Reserve, The Burren",Don Cotton & Jean Dunleavy,,FALSE,FALSE,,,,,,,Frequent.,,,,,,,
2.40966E+16,,,16/08/1989,16/08/1989,D,16/08/1989,NBNSYS0000006839,Myrmeleotettix maculatus,M1003,110500,203500,OSI,1000,,"Cloghanulk, SW of","Arnold, H.; Eversham, B.; Green, S.G.",,FALSE,FALSE,,,209,,,,,,,,Biological Records Centre,,,
2.40966E+16,,,16/08/1989,16/08/1989,D,16/08/1989,NBNSYS0000006838,Omocestus viridulus,M1003,110500,203500,OSI,1000,,"Cloghanulk, SW of","Arnold, H.; Eversham, B.; Green, S.G.",,FALSE,FALSE,,,209,,,,,,,,Biological Records Centre,,,
1.01118E+17,,,18/06/2024,18/06/2024,D,18/06/2024,NBNSYS0000006832,Tetrix subulata,M33610331,133615,203315,OSI,10,,Slieve Carran Nature Reserve,Brian Nelson,,FALSE,FALSE,,Clare,Clare,limestone pavement/scrub,Brian Nelson,1,,,Present,,Field record,,,
1.01118E+17,,,18/06/2024,18/06/2024,D,18/06/2024,NBNSYS0000006839,Myrmeleotettix maculatus,M33610331,133615,203315,OSI,10,,Slieve Carran Nature Reserve,Brian Nelson,,FALSE,FALSE,,Clare,Clare,limestone pavement/scrub,Brian Nelson,1,,,Present,,Field record,,,
1.01118E+17,,,18/06/2024,18/06/2024,D,18/06/2024,NBNSYS0000006838,Omocestus viridulus,M33610331,133615,203315,OSI,10,,Slieve Carran Nature Reserve,Brian Nelson,,FALSE,FALSE,,Clare,Clare,limestone pavement/scrub,Brian Nelson,1,,,Present,,Field record,,,
2.40966E+16,,,10/08/2014,10/08/2014,D,10/08/2014,NBNSYS0000006839,Myrmeleotettix maculatus,M330033,133050,203350,OSI,100,,Creehaun,Andrew & ine Fenner,,FALSE,FALSE,,Clare,Clare,,,,,,,,,,,
9.94202E+16,,,22/05/2010,22/05/2010,D,22/05/2010,NBNSYS0000006833,Tetrix undulata,M420032,142050,203250,OSI,100,,Coole Park,Brian Nelson,,FALSE,FALSE,,Galway,South-east Galway,,Brian Nelson,,,,,,,,,
2.40966E+16,,,19/08/1994,19/08/1994,D,19/08/1994,NBNSYS0000006833,Tetrix undulata,M3203,132500,203500,OSI,1000,,"Doonmore,nr","Nelson, B.",,FALSE,FALSE,,,209,,"Nelson, B.",,,,,,"Widgery, J.",,,
2.40966E+16,,,01/08/1977,31/08/1977,DD,01/08/1977 - 31/08/1977,NBNSYS0000006833,Tetrix undulata,M4103,141500,203500,OSI,1000,,,"Speight, M.C.D.",,FALSE,FALSE,,,215,,"Speight, M.C.D.",,,,,,Biological Records Centre,,,
2.40966E+16,,,30/08/1977,30/08/1977,D,30/08/1977,NBNSYS0000006833,Tetrix undulata,M4103,141500,203500,OSI,1000,,"Knockaunatouk, Co. Galway.","Speight, M.C.D.",,FALSE,FALSE,,,215,,,,Grasshoppers and crickets of Ireland,,,,National Biodiversity Data Centre Ireland,,,
2.40966E+16,,,09/05/1975,09/05/1975,D,09/05/1975,NBNSYS0000006832,Tetrix subulata,M4103,141500,203500,OSI,1000,,"Knockaunatouk, Co. Galway.","Speight, M.C.D.",,FALSE,FALSE,,,215,,,,Grasshoppers and crickets of Ireland,,,,National Biodiversity Data Centre Ireland,,,
2.40966E+16,,,01/05/1975,31/05/1975,DD,01/05/1975 - 31/05/1975,NBNSYS0000006832,Tetrix subulata,M4103,141500,203500,OSI,1000,,,"Speight, M.C.D.",,FALSE,FALSE,,,215,,"Speight, M.C.D.",,,,,,Biological Records Centre,,,
2.40966E+16,,,01/07/1978,31/07/1978,DD,01/07/1978 - 31/07/1978,NHMSYS0001387418,Meconema thalassinum,M4103,141500,203500,OSI,1000,,Garryland Wood,"Speight, M.C.D.",,FALSE,FALSE,,,215,"Woodland,deciduous","Speight, M.C.D.",,,,,,Biological Records Centre,,,
2.40966E+16,,,07/07/1978,07/07/1978,D,07/07/1978,NHMSYS0001387418,Meconema thalassinum,M4103,141500,203500,OSI,1000,,"Knockaunatouk, Co. Galway.","Speight, M.C.D.",,FALSE,FALSE,,,215,,,,Grasshoppers and crickets of Ireland,,,,National Biodiversity Data Centre Ireland,,,
2.40966E+16,,,04/07/1978,04/07/1978,D,04/07/1978,NBNSYS0000006838,Omocestus viridulus,M4103,141500,203500,OSI,1000,,"Knockaunatouk, Co. Galway.","Speight, M.C.D.",,FALSE,FALSE,,,215,,,,Grasshoppers and crickets of Ireland,,,,National Biodiversity Data Centre Ireland,,,
2.40966E+16,,,01/06/1978,30/06/1978,DD,01/06/1978 - 30/06/1978,NBNSYS0000006838,Omocestus viridulus,M4103,141500,203500,OSI,1000,,Garryland Wood,"Speight, M.C.D.",,FALSE,FALSE,,,215,,"Speight, M.C.D.",,,,,,Biological Records Centre,,,
2.40966E+16,,,01/08/1976,31/08/1976,DD,01/08/1976 - 31/08/1976,NBNSYS0000006842,Chorthippus brunneus,M4103,141500,203500,OSI,1000,,,"Speight, M.C.D.",,FALSE,FALSE,,,215,,"Speight, M.C.D.",,,,,,Biological Records Centre,,,
2.40966E+16,,,06/08/1976,06/08/1976,D,06/08/1976,NBNSYS0000006842,Chorthippus brunneus,M4103,141500,203500,OSI,1000,,"Knockaunatouk, Co. Galway.","Speight, M.C.D.",,FALSE,FALSE,,,215,,,,Grasshoppers and crickets of Ireland,,,,National Biodiversity Data Centre Ireland,,,
2.40966E+16,,,20/08/1985,20/08/1985,D,20/08/1985,NHMSYS0001387418,Meconema thalassinum,M4203,142500,203500,OSI,1000,,Garryland Wood,"Anderson, R.",,FALSE,FALSE,,,215,,"Anderson, R.",,,,,,Biological Records Centre,,,
2.48947E+16,,,28/08/2016,28/08/2016,D,28/08/2016,NBNSYS0000006839,Myrmeleotettix maculatus,L941045,94150,204550,OSI,100,,Inis Meain,"Martin Gammell, Caitriona Carlin",,FALSE,FALSE,,Galway,Clare,,,,,,,,,,,
2.40966E+16,,,01/07/1976,31/07/1976,DD,01/07/1976 - 31/07/1976,NBNSYS0000006833,Tetrix undulata,M8303,183500,203500,OSI,1000,,,"Speight, M.C.D.",,FALSE,FALSE,,,215,,"Speight, M.C.D.",,,,,,Biological Records Centre,,,
2.40966E+16,,,11/07/1976,11/07/1976,D,11/07/1976,NBNSYS0000006833,Tetrix undulata,M8303,183500,203500,OSI,1000,,"Portumna Demesne, Co. Galway.","Speight, M.C.D.",,FALSE,FALSE,,,215,,,,Grasshoppers and crickets of Ireland,,,,National Biodiversity Data Centre Ireland,,,
2.40966E+16,,,11/07/1976,11/07/1976,D,11/07/1976,NBNSYS0000006838,Omocestus viridulus,M8303,183500,203500,OSI,1000,,"Portumna Demesne, Co. Galway.","Speight, M.C.D.",,FALSE,FALSE,,,215,,,,Grasshoppers and crickets of Ireland,,,,National Biodiversity Data Centre Ireland,,,
2.40966E+16,,,18/08/1989,18/08/1989,D,18/08/1989,NBNSYS0000006842,Chorthippus brunneus,M8403,184500,203500,OSI,1000,,Portumna Forest Park,"Arnold, H.; Eversham, B.; Green, S.G.",,FALSE,FALSE,,,215,,,,,,,,Biological Records Centre,,,
2.40966E+16,,,18/08/1989,18/08/1989,D,18/08/1989,NBNSYS0000006838,Omocestus viridulus,M8403,184500,203500,OSI,1000,,Portumna Forest Park,"Arnold, H.; Eversham, B.; Green, S.G.",,FALSE,FALSE,,,215,,,,,,,,Biological Records Centre,,,
2.40966E+16,,,01/07/1976,31/07/1976,DD,01/07/1976 - 31/07/1976,NBNSYS0000006838,Omocestus viridulus,M8803,188500,203500,OSI,1000,,,"Speight, M.C.D.",,FALSE,FALSE,,,215,,"Speight, M.C.D.",,,,,,Biological Records Centre,,,
2.40966E+16,,,01/08/1992,31/08/1992,DD,01/08/1992 - 31/08/1992,NBNSYS0000006839,Myrmeleotettix maculatus,L80,85000,205000,OSI,10000,,Inismore Aran Islands,"Paul, J.",,FALSE,FALSE,,,209,,,,,,,,Biological Records Centre,,,
2.40966E+16,,,01/07/1895,31/07/1895,DD,01/07/1895 - 31/07/1895,NHMSYS0001387317,Forficula auricularia,L80,85000,205000,OSI,10000,,Aranmore,"Carpenter, G.H.",,FALSE,FALSE,,,209,,"Carpenter, G.H.",,,,,,Biological Records Centre,,,
1.01118E+17,,,20/07/2021,20/07/2021,D,20/07/2021,NHMSYS0001387435,Pholidoptera griseoaptera,M33190435,133195,204355,OSI,10,,Slieve Carran Nature Reserve,Brian Nelson,,FALSE,FALSE,,Clare,Clare,scrub on limestone pavement,Brian Nelson,1,,,Female,,,,field record,
2.40966E+16,,,19/08/1998,19/08/1998,D,19/08/1998,NHMSYS0001387435,Pholidoptera griseoaptera,M3204,132500,204500,OSI,1000,,"Mountcarron, Co. Clare.","Speight, M.C.D.",,FALSE,FALSE,,,209,,,,Grasshoppers and crickets of Ireland,,,,National Biodiversity Data Centre Ireland,,,
2.40966E+16,,,19/05/1988,19/05/1988,D,19/05/1988,NBNSYS0000006832,Tetrix subulata,M4304,143500,204500,OSI,1000,,Coole Lough,"Alexander, K.N.A.",,FALSE,FALSE,,,215,,"Alexander, K.N.A.",,,,,,"Alexander, K.N.A.",,,
2.40966E+16,,,01/06/1989,30/06/1989,DD,01/06/1989 - 30/06/1989,NBNSYS0000006838,Omocestus viridulus,M10,115000,205000,OSI,10000,,"The Burren,Lismorahaun","Paul, J.",,FALSE,FALSE,,,209,"Grassland,calcareous","Paul, J.",,,,,,"Paul, J.",,,NATIVE
2.40966E+16,,,01/06/1989,30/06/1989,DD,01/06/1989 - 30/06/1989,NBNSYS0000006839,Myrmeleotettix maculatus,M10,115000,205000,OSI,10000,,"The Burren,Lismorahaun","Paul, J.",,FALSE,FALSE,,,209,"Grassland,calcareous","Paul, J.",,,,,,"Paul, J.",,,NATIVE
2.40966E+16,,,01/08/1984,31/08/1984,DD,01/08/1984 - 31/08/1984,NBNSYS0000006839,Myrmeleotettix maculatus,L9505,95500,205500,OSI,1000,,"Inisheer,Aran Islands","Devriese, H.H.",,FALSE,FALSE,,,209,,"Devriese, H.H.",,,,,,Biological Records Centre,,,
2.40966E+16,,,27/08/1984,27/08/1984,D,27/08/1984,NBNSYS0000006839,Myrmeleotettix maculatus,L9505,95500,205500,OSI,1000,,"Aran Islands,Inisheer","Devriese, H.H.",,FALSE,FALSE,,,209,,"Devriese, H.H.",,,,,,Biological Records Centre,,,
2.40966E+16,,,10/06/1990,10/06/1990,D,10/06/1990,NBNSYS0000006839,Myrmeleotettix maculatus,M20,125000,205000,OSI,10000,,"Ailwee Caves,nr. (pitfall site)","Arnold, H.; Eversham, B.; Green, S.G.",,FALSE,FALSE,,,209,,,,,,,,Biological Records Centre,,,
2.40966E+16,,,01/01/1940,31/12/1999,DD,01/01/1940 - 31/12/1999,NBNSYS0000006838,Omocestus viridulus,M20,125000,205000,OSI,10000,,Ballyvaghan,"Coe, R.L.",,FALSE,FALSE,,,209,,"Coe, R.L.",,,,,,Biological Records Centre,,,
2.40966E+16,,,01/01/1960,31/12/1999,DD,01/01/1960 - 31/12/1999,NBNSYS0000006842,Chorthippus brunneus,M20,125000,205000,OSI,10000,,Ballyvaghan,"Coe, R.L.",,FALSE,FALSE,,,209,,"Marshall, J.A.",,,,,,Biological Records Centre,,,
1.01118E+17,,,22/09/2022,22/09/2022,D,22/09/2022,NHMSYS0001387418,Meconema thalassinum,M43880491,143885,204915,OSI,10,,Coole Park,Brian Nelson,,FALSE,FALSE,,Galway,South-east Galway,Woodland,Brian Nelson,4,,,Adult,,,,Moth trap,
2.40966E+16,,,01/07/1975,31/07/1975,DD,01/07/1975 - 31/07/1975,NBNSYS0000006842,Chorthippus brunneus,M790046,179050,204650,OSI,100,,Cloonmaylan,"Stubbs, A.E.",,FALSE,FALSE,,,215,,"Stubbs, A.E.",,,,,,Biological Records Centre,,,
2.40966E+16,,,01/08/1984,31/08/1984,DD,01/08/1984 - 31/08/1984,NBNSYS0000006838,Omocestus viridulus,M1005,110500,205500,OSI,1000,,"Lisdoonvarna,Aill An Daill nr","Devriese, H.H.",,FALSE,FALSE,,,209,,"Devriese, H.H.",,,,,,Biological Records Centre,,,
2.40966E+16,,,26/08/1984,26/08/1984,D,26/08/1984,NBNSYS0000006838,Omocestus viridulus,M1005,110500,205500,OSI,1000,,"Lisdoonvarna,Aill An Daill nr","Devriese, H.H.",,FALSE,FALSE,,,209,,"Devriese, H.H.",,,,,,Biological Records Centre,,,
2.40966E+16,,,26/08/1984,26/08/1984,D,26/08/1984,NBNSYS0000006839,Myrmeleotettix maculatus,M1005,110500,205500,OSI,1000,,"Lisdoonvarna,nr","Devriese, H.H.",,FALSE,FALSE,,,209,,"Devriese, H.H.",,,,,,Biological Records Centre,,,
2.40966E+16,,,01/08/1984,31/08/1984,DD,01/08/1984 - 31/08/1984,NBNSYS0000006839,Myrmeleotettix maculatus,M1005,110500,205500,OSI,1000,,"Lisdoonvarna,Aill An Daill nr","Devriese, H.H.",,FALSE,FALSE,,,209,,"Devriese, H.H.",,,,,,Biological Records Centre,,,
2.40966E+16,,,01/09/1979,30/09/1979,DD,01/09/1979 - 30/09/1979,NBNSYS0000006842,Chorthippus brunneus,O3106,331500,206500,OSI,1000,,Kilcoole,"Cotton, D.C.F.",,FALSE,FALSE,,,220,,"Cotton, D.C.F.",,,,,,Biological Records Centre,,,
2.40966E+16,,,16/08/2003,16/08/2003,D,16/08/2003,NHMSYS0001387435,Pholidoptera griseoaptera,M352053,135250,205350,OSI,100,,"Cappaghmore, The Burren",T. Nagle,,FALSE,FALSE,,,,,Don Cotton & Tony Nagle,1,Adult female.,,,,,,,
2.40966E+16,,,01/09/1977,30/09/1977,DD,01/09/1977 - 30/09/1977,NBNSYS0000006842,Chorthippus brunneus,N7205,272500,205500,OSI,1000,,Nurney,"Rands, D.G.",,FALSE,FALSE,,,219,,"Rands, D.G.",,,,,,Biological Records Centre,,,
2.40966E+16,,,01/01/1693,31/12/1896,DD,01/01/1693 - 31/12/1896,NBNSYS0000006827,Acheta domesticus,M80,185000,205000,OSI,10000,,Belle Isle,,,FALSE,FALSE,,,210,,,,,,,,"Harding, P.T.",,,INTRODUCTION
2.40966E+16,,,01/01/1963,31/12/1963,DD,01/01/1963 - 31/12/1963,NBNSYS0000006839,Myrmeleotettix maculatus,M80,185000,205000,OSI,10000,,Belle Isle,,,FALSE,FALSE,,,215,,,,,,,,Biological Records Centre,,,
2.40966E+16,,,01/01/1964,31/12/1964,Y,1964,NBNSYS0000006839,Myrmeleotettix maculatus,M80,185000,205000,OSI,10000,,Portland,Goodhue,,FALSE,FALSE,,,215,,Goodhue,,,,,,Biological Records Centre,,,
2.40966E+16,,,01/01/1963,31/12/1963,DD,01/01/1963 - 31/12/1963,NBNSYS0000006838,Omocestus viridulus,M80,185000,205000,OSI,10000,,Belle Isle nr Portland,,,FALSE,FALSE,,,215,,,,,,,,Biological Records Centre,,,
2.40966E+16,,,01/01/1963,31/12/1963,DD,01/01/1963 - 31/12/1963,NBNSYS0000006838,Omocestus viridulus,M80,185000,205000,OSI,10000,,Stonyisland nr Lough Derg,,,FALSE,FALSE,,,215,,,,,,,,Biological Records Centre,,,
2.40966E+16,,,01/01/1964,31/12/1964,Y,1964,NBNSYS0000006838,Omocestus viridulus,M80,185000,205000,OSI,10000,,Stonyisland,Goodhue,,FALSE,FALSE,,,215,,Goodhue,,,,,,Biological Records Centre,,,
2.40966E+16,,,01/01/1964,31/12/1964,Y,1964,NBNSYS0000006838,Omocestus viridulus,M80,185000,205000,OSI,10000,,Portland,Goodhue,,FALSE,FALSE,,,215,,Goodhue,,,,,,Biological Records Centre,,,
2.40966E+16,,,01/01/1964,31/12/1964,Y,1964,NBNSYS0000006838,Omocestus viridulus,M80,185000,205000,OSI,10000,,Stonyisland,Goodhue,,FALSE,FALSE,,,215,,Goodhue,,,,,,"Andrewes, C.H.",,,
2.40966E+16,,,01/01/1964,31/12/1964,Y,1964,NBNSYS0000006838,Omocestus viridulus,M80,185000,205000,OSI,10000,,Portumna,Goodhue,,FALSE,FALSE,,,215,,Goodhue,,,,,,Biological Records Centre,,,
2.40966E+16,,,01/01/1964,31/12/1964,Y,1964,NBNSYS0000006838,Omocestus viridulus,M80,185000,205000,OSI,10000,,Portumna,Goodhue,,FALSE,FALSE,,,215,,Goodhue,,,,,,"Andrewes, C.H.",,,
2.40966E+16,,,01/01/1964,31/12/1964,Y,1964,NBNSYS0000006838,Omocestus viridulus,M80,185000,205000,OSI,10000,,Portland,Goodhue,,FALSE,FALSE,,,215,,Goodhue,,,,,,"Andrewes, C.H.",,,
2.40966E+16,,,21/08/2013,21/08/2013,D,21/08/2013,NBNSYS0000006838,Omocestus viridulus,N0605,206000,205000,OSI,1000,,"Camcor River behind Sandymount Nursing Home, Birr",Tom Gittings,,FALSE,FALSE,,Offaly,,,Tom Gittings,,,,,Offaly Community Forum,,,Visual/hand-net/auditory,
2.40966E+16,,,22/05/1998,22/05/1998,D,22/05/1998,NHMSYS0001387435,Pholidoptera griseoaptera,M3405,134500,205500,OSI,1000,,"Cappagh More, Co. Galway.","Speight, M.C.D.",,FALSE,FALSE,,,215,,,,Grasshoppers and crickets of Ireland,,,,National Biodiversity Data Centre Ireland,,,
2.40966E+16,,,01/05/1977,31/05/1977,DD,01/05/1977 - 31/05/1977,NBNSYS0000006833,Tetrix undulata,N5705,257500,205500,OSI,1000,,,"Speight, M.C.D.",,FALSE,FALSE,,,214,,"Speight, M.C.D.",,,,,,Biological Records Centre,,,
2.40966E+16,,,04/05/1977,04/05/1977,D,04/05/1977,NBNSYS0000006833,Tetrix undulata,N5705,257500,205500,OSI,1000,,"Cappakeel, Co. Laois.","Speight, M.C.D.",,FALSE,FALSE,,,214,,,,Grasshoppers and crickets of Ireland,,,,National Biodiversity Data Centre Ireland,,,
2.40966E+16,,,19/07/1979,19/07/1979,D,19/07/1979,NBNSYS0000006833,Tetrix undulata,N5705,257500,205500,OSI,1000,,"Cappakeel, Co. Laois.","Speight, M.C.D.",,FALSE,FALSE,,,214,,,,Grasshoppers and crickets of Ireland,,,,National Biodiversity Data Centre Ireland,,,
2.40966E+16,,,01/07/1979,31/07/1979,DD,01/07/1979 - 31/07/1979,NBNSYS0000006833,Tetrix undulata,N5705,257500,205500,OSI,1000,,,"Speight, M.C.D.",,FALSE,FALSE,,,214,,"Speight, M.C.D.",,,,,,Biological Records Centre,,,
2.40966E+16,,,01/08/1978,31/08/1978,DD,01/08/1978 - 31/08/1978,NBNSYS0000006838,Omocestus viridulus,N5705,257500,205500,OSI,1000,,,"Speight, M.C.D.",,FALSE,FALSE,,,214,,"Speight, M.C.D.",,,,,,Biological Records Centre,,,
2.40966E+16,,,04/08/1978,04/08/1978,D,04/08/1978,NBNSYS0000006838,Omocestus viridulus,N5705,257500,205500,OSI,1000,,"Cappakeel, Co. Laois.","Speight, M.C.D.",,FALSE,FALSE,,,214,,,,Grasshoppers and crickets of Ireland,,,,National Biodiversity Data Centre Ireland,,,
2.40966E+16,,,01/08/1971,31/08/1971,DD,01/08/1971 - 31/08/1971,NBNSYS0000006838,Omocestus viridulus,O3107,331500,207500,OSI,1000,,,"Speight, M.C.D.",,FALSE,FALSE,,,220,,"Speight, M.C.D.",,,,,,Biological Records Centre,,,
2.40966E+16,,,28/08/1971,28/08/1971,D,28/08/1971,NBNSYS0000006838,Omocestus viridulus,O3107,331500,207500,OSI,1000,,"Cooldross Lower, Co. Wicklow.","Speight, M.C.D.",,FALSE,FALSE,,,220,,,,Grasshoppers and crickets of Ireland,,,,National Biodiversity Data Centre Ireland,,,
2.40966E+16,,,28/08/1971,28/08/1971,D,28/08/1971,NBNSYS0000006842,Chorthippus brunneus,O3107,331500,207500,OSI,1000,,"Cooldross Lower, Co. Wicklow","Speight, M.C.D.",,FALSE,FALSE,,,220,,,,Grasshoppers and crickets of Ireland,,,,National Biodiversity Data Centre Ireland,,,
2.40966E+16,,,01/08/1971,31/08/1971,DD,01/08/1971 - 31/08/1971,NBNSYS0000006842,Chorthippus brunneus,O3107,331500,207500,OSI,1000,,,"Speight, M.C.D.",,FALSE,FALSE,,,220,,"Speight, M.C.D.",,,,,,Biological Records Centre,,,
2.40966E+16,,,01/08/1980,31/08/1980,DD,01/08/1980 - 31/08/1980,NBNSYS0000006838,Omocestus viridulus,O2207,322500,207500,OSI,1000,,Drumbawn Bog,"Cotton, D.C.F.",,FALSE,FALSE,,,220,,"Cotton, D.C.F.",,,,,,Biological Records Centre,,,
2.41065E+16,,,31/07/2012,31/07/2012,D,31/07/2012,NHMSYS0001387317,Forficula auricularia,O193074,319350,207450,OSI,100,,ballinastoe,Marie Conalty,,FALSE,FALSE,,Wicklow,Wicklow,Flower beds and borders,,<10,not as many as last year - very plentiful last year,,,,,,,
2.40966E+16,,,01/06/1973,30/06/1973,DD,01/06/1973 - 30/06/1973,NBNSYS0000006833,Tetrix undulata,N5306,253500,206500,OSI,1000,,,"Speight, M.C.D.",,FALSE,FALSE,,,214,Woodland ride/clearing,"Speight, M.C.D.",,,,,,Biological Records Centre,,,
2.40966E+16,,,03/11/1973,03/11/1973,D,03/11/1973,NBNSYS0000006833,Tetrix undulata,N5306,253500,206500,OSI,1000,,"Emo Park, Emo, Co. Laois.","Speight, M.C.D.",,FALSE,FALSE,,,214,,,,Grasshoppers and crickets of Ireland,,,,National Biodiversity Data Centre Ireland,,,
2.40966E+16,,,29/08/2007,29/08/2007,D,29/08/2007,NBNSYS0000006839,Myrmeleotettix maculatus,L9007,90500,207500,OSI,1000,,"Dog's Head, Inishmore",Martin Cawley,,FALSE,FALSE,,,,sand dunes,,,,,,,,,,
2.40966E+16,,,29/08/2007,29/08/2007,D,29/08/2007,NBNSYS0000006842,Chorthippus brunneus,L9007,90500,207500,OSI,1000,,"Dog's Head, Inishmore",Martin Cawley,,FALSE,FALSE,,,,sand dunes,,,,,,,,,,
2.40966E+16,,,16/05/1978,16/05/1978,D,16/05/1978,NHMSYS0001387317,Forficula auricularia,N0606,206500,206500,OSI,1000,,"Birr,nr","Good, J.A.",,FALSE,FALSE,,,218,,"Good, J.A.",,,,,,Biological Records Centre,,,
2.40966E+16,,,29/08/2009,29/08/2009,D,29/08/2009,NHMSYS0001387317,Forficula auricularia,O3108,331500,208500,OSI,1000,,Ballydonarea,Martin Cawley,,FALSE,FALSE,,,,sandy foreshore,,,,,,,,,,
2.40966E+16,,,29/08/2009,29/08/2009,D,29/08/2009,NBNSYS0000006838,Omocestus viridulus,O3108,331500,208500,OSI,1000,,Ballydonarea,Martin Cawley,,FALSE,FALSE,,,,sandy foreshore,,,,,,,,,,
2.40966E+16,,,25/08/1989,25/08/1989,D,25/08/1989,NBNSYS0000006842,Chorthippus brunneus,O2708,327500,208500,OSI,1000,,Kilpedder,"Arnold, H.; Eversham, B.; Green, S.G.",,FALSE,FALSE,,,220,,,,,,,,Biological Records Centre,,,
2.40966E+16,,,25/08/1989,25/08/1989,D,25/08/1989,NHMSYS0001387317,Forficula auricularia,O2708,327500,208500,OSI,1000,,Kilpedder,"Arnold, H.; Eversham, B.; Green, S.G.",,FALSE,FALSE,,,220,,,,,,,,Biological Records Centre,,,
1.01118E+17,,,22/08/2016,22/08/2016,D,22/08/2016,NBNSYS0000006842,Chorthippus brunneus,N236070,223650,207050,OSI,100,,"Silver River valley, Spink Td.",Brian Nelson,,FALSE,FALSE,,Offaly,Offaly,,Brian Nelson,,,,Adult,,Field record,,,
1.01118E+17,,,22/08/2016,22/08/2016,D,22/08/2016,NBNSYS0000006838,Omocestus viridulus,N236070,223650,207050,OSI,100,,"Silver River valley, Spink Td.",Brian Nelson,,FALSE,FALSE,,Offaly,Offaly,,Brian Nelson,Field record,,,Adult,,Field record,,Adult,
2.40966E+16,,,01/07/1979,31/07/1979,DD,01/07/1979 - 31/07/1979,NBNSYS0000006838,Omocestus viridulus,O1608,316500,208500,OSI,1000,,Boleyhorrigan Bridge,"Cotton, D.C.F.",,FALSE,FALSE,,,220,,"Cotton, D.C.F.",,,,,,Biological Records Centre,,,
2.40966E+16,,,14/07/1980,14/07/1980,D,14/07/1980,NBNSYS0000006842,Chorthippus brunneus,O1508,315500,208500,OSI,1000,,"Lough Tay, Co. Wicklow.","Speight, M.C.D.",,FALSE,FALSE,,,220,,,,Grasshoppers and crickets of Ireland,,,,National Biodiversity Data Centre Ireland,,,
2.40966E+16,,,01/06/1979,30/06/1979,DD,01/06/1979 - 30/06/1979,NBNSYS0000006832,Tetrix subulata,N5207,252500,207500,OSI,1000,,,"Williams, M.d.C.",,FALSE,FALSE,,,214,,"Williams, M.d.C.",,,,,,Biological Records Centre,,,
2.40966E+16,,,27/09/2007,27/09/2007,D,27/09/2007,NHMSYS0001387317,Forficula auricularia,M138082,113850,208250,OSI,100,,Fanore Dunes,Roy Anderson,,FALSE,FALSE,,,,Coastland: dune grassland,,1,Under stone in dunes.,,,,,,,
2.40966E+16,,,24/05/1998,24/05/1998,D,24/05/1998,NHMSYS0001387317,Forficula auricularia,M0308,103500,208500,OSI,1000,,Fanore,"Paul, J.",,FALSE,FALSE,,,209,dunes,"Paul, J.",,,,,,"Paul, J.",,,
2.40966E+16,,,28/08/2007,28/08/2007,D,28/08/2007,NBNSYS0000006839,Myrmeleotettix maculatus,L872089,87250,208950,OSI,100,,"Oghil, Inishmore",Martin Cawley,,FALSE,FALSE,,,,limestone pavement,,,,,,,,,,
2.40966E+16,,,28/08/2007,28/08/2007,D,28/08/2007,NBNSYS0000006842,Chorthippus brunneus,L872089,87250,208950,OSI,100,,"Oghil, Inishmore",Martin Cawley,,FALSE,FALSE,,,,limestone pavement,,,,,,,,,,
2.40966E+16,,,28/08/2007,28/08/2007,D,28/08/2007,NHMSYS0001387317,Forficula auricularia,L872089,87250,208950,OSI,100,,"Oghil, Inishmore",Martin Cawley,,FALSE,FALSE,,,,limestone pavement,,,,,,,,,,
2.40966E+16,,,16/08/1989,16/08/1989,D,16/08/1989,NBNSYS0000006842,Chorthippus brunneus,M1408,114500,208500,OSI,1000,,Murroogh,"Arnold, H.; Eversham, B.; Green, S.G.",,FALSE,FALSE,,,209,,,,,,,,Biological Records Centre,,,
2.40966E+16,,,16/08/1989,16/08/1989,D,16/08/1989,NHMSYS0001387317,Forficula auricularia,M1408,114500,208500,OSI,1000,,Murroogh,"Arnold, H.; Eversham, B.; Green, S.G.",,FALSE,FALSE,,,209,,,,,,,,Biological Records Centre,,,
2.40966E+16,,,14/08/1980,14/08/1980,D,14/08/1980,NBNSYS0000006838,Omocestus viridulus,M1908,119500,208500,OSI,1000,,"Burren, Co. Clare.","Speight, M.C.D.",,FALSE,FALSE,,,209,,,,Grasshoppers and crickets of Ireland,,,,National Biodiversity Data Centre Ireland,,,
2.40966E+16,,,01/06/1983,30/06/1983,DD,01/06/1983 - 30/06/1983,NBNSYS0000006833,Tetrix undulata,M2008,120500,208500,OSI,1000,,"Ballyvaghan,Newtown Castle-R477,track","Payne, R.G.",,FALSE,FALSE,,,209,,"Payne, R.G.",,,,,,Biological Records Centre,,,
2.41065E+16,,,01/08/2012,01/08/2012,D,01/08/2012,NHMSYS0001387317,Forficula auricularia,L834093,83450,209350,OSI,100,,"Gort na gCapall, Inis Mr",Pauline Clerkin,,FALSE,FALSE,,Galway,West Galway,,,<10,"Earwigs were found in the house which is surrounded by stone walls, close to rocky cliffs.",,,,,,,
2.40966E+16,,,15/08/1989,15/08/1989,D,15/08/1989,NBNSYS0000006839,Myrmeleotettix maculatus,M2708,127500,208500,OSI,1000,,"Caherloughlin, SE of","Arnold, H.; Eversham, B.; Green, S.G.",,FALSE,FALSE,,,209,,,,,,,,Biological Records Centre,,,
2.40966E+16,,,15/08/1989,15/08/1989,D,15/08/1989,NBNSYS0000006842,Chorthippus brunneus,M2708,127500,208500,OSI,1000,,"Caherloughlin, SE of","Arnold, H.; Eversham, B.; Green, S.G.",,FALSE,FALSE,,,209,,,,,,,,Biological Records Centre,,,
2.40966E+16,,,01/07/1992,31/07/1992,DD,01/07/1992 - 31/07/1992,NBNSYS0000006839,Myrmeleotettix maculatus,L8109,81500,209500,OSI,1000,,"Dun Angus,Aran More","Paul, J.",,FALSE,FALSE,,,209,,"Paul, J.",,,,,,Biological Records Centre,,,
2.40966E+16,,,01/08/1984,31/08/1984,DD,01/08/1984 - 31/08/1984,NBNSYS0000006838,Omocestus viridulus,M1309,113500,209500,OSI,1000,,"Fanore,Caher River Valley","Devriese, H.H.",,FALSE,FALSE,,,209,,"Devriese, H.H.",,,,,,Biological Records Centre,,,
9.47987E+16,,,24/05/1998,24/05/1998,D,24/05/1998,NHMSYS0001387317,Forficula auricularia,M1309,113500,209500,OSI,1000,,Fanore,John Paul,,FALSE,FALSE,,,Clare,,John Paul,1,,Voucher specimen,Adult,John Paul 2005. Unpublished field notes,Submitted directly to the Data Centre,,,
2.40966E+16,,,28/08/2013,28/08/2013,D,28/08/2013,NBNSYS0000006842,Chorthippus brunneus,N815095,281550,209550,OSI,100,,"Kinneagh, The Curragh",Max Tynan,,FALSE,FALSE,,Kildare,Kildare,Dry meadows and grassy verges,,1,,,,,,,,
2.40966E+16,,,15/08/1989,15/08/1989,D,15/08/1989,NBNSYS0000006842,Chorthippus brunneus,M2809,128500,209500,OSI,1000,,Behagh,"Arnold, H.; Eversham, B.; Green, S.G.",,FALSE,FALSE,,,209,,,,,,,,Biological Records Centre,,,
2.40966E+16,,,01/08/1980,31/08/1980,DD,01/08/1980 - 31/08/1980,NBNSYS0000006838,Omocestus viridulus,O2010,320500,210500,OSI,1000,,Priest's Hall L,"Cotton, D.C.F.",,FALSE,FALSE,,,220,,"Cotton, D.C.F.",,,,,,Biological Records Centre,,,
2.40966E+16,,,01/07/1992,31/07/1992,DD,01/07/1992 - 31/07/1992,NBNSYS0000006839,Myrmeleotettix maculatus,L8210,82500,210500,OSI,1000,,"Portmury,Aran More","Paul, J.",,FALSE,FALSE,,,209,,"Paul, J.",,,,,,Biological Records Centre,,,
9.47987E+16,,,29/07/1992,29/07/1992,D,29/07/1992,NBNSYS0000006839,Myrmeleotettix maculatus,L8210,82500,210500,OSI,1000,,Inishmore,John Paul,,FALSE,FALSE,,,Clare,,John Paul,2,,Voucher specimen,Adult,John Paul 2005. Unpublished field notes,Submitted directly to the Data Centre,,,
2.40966E+16,,,01/09/1976,30/09/1976,DD,01/09/1976 - 30/09/1976,NBNSYS0000006832,Tetrix subulata,N9610,296500,210500,OSI,1000,,Blessington Resvr,"Higgins, D.G.F.",,FALSE,FALSE,,,220,,"Higgins, D.G.F.",,,,,,Biological Records Centre,,,
2.40966E+16,,,27/09/2007,27/09/2007,D,27/09/2007,NHMSYS0001387317,Forficula auricularia,M210102,121050,210250,OSI,100,,Rine Point,Roy Anderson,,FALSE,FALSE,,,,Coastland: boulder/rocks above high tide mark,,several,Sandy beach with stones at top.,,,,,,,
2.40966E+16,,,01/09/1976,30/09/1976,DD,01/09/1976 - 30/09/1976,NBNSYS0000006838,Omocestus viridulus,N9210,292500,210500,OSI,1000,,Ballymore Eustace,"Higgins, D.G.F.",,FALSE,FALSE,,,219,,"Higgins, D.G.F.",,,,,,Biological Records Centre,,,
2.40966E+16,,,01/09/1976,30/09/1976,DD,01/09/1976 - 30/09/1976,NBNSYS0000006842,Chorthippus brunneus,N9210,292500,210500,OSI,1000,,Ballymore Eustace,"Higgins, D.G.F.",,FALSE,FALSE,,,219,,"Higgins, D.G.F.",,,,,,Biological Records Centre,,,
2.41065E+16,,,10/08/2006,10/08/2006,D,10/08/2006,NBNSYS0000006838,Omocestus viridulus,N028096,202850,209650,OSI,100,,Ridge Road,Eugenie Regan,,FALSE,FALSE,,Offaly,Offaly (King's County),,,<10,,,,,,,,
2.41065E+16,,,10/08/2006,10/08/2006,D,10/08/2006,NBNSYS0000006842,Chorthippus brunneus,N028096,202850,209650,OSI,100,,Ridge Road,Eugenie Regan,,FALSE,FALSE,,Offaly,Offaly (King's County),,,<10,,,,,,,,
2.41065E+16,,,10/08/2006,10/08/2006,D,10/08/2006,NHMSYS0001387317,Forficula auricularia,N028096,202850,209650,OSI,100,,Ridge Road,Eugenie Regan,,FALSE,FALSE,,Offaly,Offaly (King's County),,,1,,,,,,,,
2.40966E+16,,,03/10/1986,03/10/1986,D,03/10/1986,NHMSYS0001387418,Meconema thalassinum,O2611,326500,211500,OSI,1000,,Glen of the Downs,"O'Connor, J.P.; O'Connor, M.A.",,FALSE,FALSE,,,220,,"O'Connor, J.P.; O'Connor, M.A.",,,,,,"Harding, P.T.",,,
2.40966E+16,,,03/10/1986,03/10/1986,D,03/10/1986,NHMSYS0001387418,Meconema thalassinum,O2611,326500,211500,OSI,1000,,Glen of the Downs,"O'Connor, J.P.; O'Connor, M.A.",,FALSE,FALSE,,,220,,,,,,,,"O'Connor, J.P.",,,
2.40966E+16,,,27/09/1987,27/09/1987,D,27/09/1987,NHMSYS0001387418,Meconema thalassinum,O2611,326500,211500,OSI,1000,,Glen of the Downs,"O'Connor, J.P.; O'Connor, M.A.",,FALSE,FALSE,,,220,,,,,,,,"O'Connor, J.P.",,,
2.40966E+16,,,27/09/1987,27/09/1987,D,27/09/1987,NHMSYS0001387418,Meconema thalassinum,O2611,326500,211500,OSI,1000,,Glen of the Downs,"O'Connor, J.P.; O'Connor, M.A.",,FALSE,FALSE,,,220,,"O'Connor, J.P.; O'Connor, M.A.",,,,,,"Harding, P.T.",,,
2.40966E+16,,,15/04/2010,15/04/2010,D,15/04/2010,NHMSYS0001387317,Forficula auricularia,M2610,126500,210500,OSI,1000,,Ballyvaghan Bay,Keith N. A. Alexander,,FALSE,FALSE,,,,,,,,,,,,,,
2.40966E+16,,,15/08/1989,15/08/1989,D,15/08/1989,NBNSYS0000006839,Myrmeleotettix maculatus,M3010,130500,210500,OSI,1000,,Abbeyhill,"Arnold, H.; Eversham, B.; Green, S.G.",,FALSE,FALSE,,,215,,,,,,,,Biological Records Centre,,,
2.40966E+16,,,15/08/1989,15/08/1989,D,15/08/1989,NBNSYS0000006838,Omocestus viridulus,M3010,130500,210500,OSI,1000,,Abbeyhill,"Arnold, H.; Eversham, B.; Green, S.G.",,FALSE,FALSE,,,215,,,,,,,,Biological Records Centre,,,
2.40966E+16,,,18/08/1989,18/08/1989,D,18/08/1989,NBNSYS0000006838,Omocestus viridulus,M7810,178500,210500,OSI,1000,,"Moat Bridge, W of","Arnold, H.; Eversham, B.; Green, S.G.",,FALSE,FALSE,,,215,,,,,,,,Biological Records Centre,,,
2.40966E+16,,,18/08/1989,18/08/1989,D,18/08/1989,NBNSYS0000006842,Chorthippus brunneus,M7810,178500,210500,OSI,1000,,"Moat Bridge, W of","Arnold, H.; Eversham, B.; Green, S.G.",,FALSE,FALSE,,,215,,,,,,,,Biological Records Centre,,,
2.40966E+16,,,18/08/1989,18/08/1989,D,18/08/1989,NHMSYS0001387317,Forficula auricularia,M7810,178500,210500,OSI,1000,,"Moat Bridge, W of","Arnold, H.; Eversham, B.; Green, S.G.",,FALSE,FALSE,,,215,,,,,,,,Biological Records Centre,,,
2.40966E+16,,,01/01/1988,31/12/1988,DD,01/01/1988 - 31/12/1988,NBNSYS0000006834,Stethophyma grossum,N0010,200500,210500,OSI,1000,,All Saints' Bog,"Speight, M.C.D.",,FALSE,FALSE,,,218,,,,,,,,"Speight, M.C.D.",,,
2.40966E+16,,,14/09/1988,14/09/1988,D,14/09/1988,NBNSYS0000006834,Stethophyma grossum,N0010,200500,210500,OSI,1000,,All Saints Bog,"Speight, M.C.D.",,FALSE,FALSE,,,218,,"Speight, M.C.D.",,,,,,"Harding, P.T.",,,
2.40966E+16,,,14/09/1988,14/09/1988,D,14/09/1988,NBNSYS0000006834,Stethophyma grossum,N0010,200500,210500,OSI,1000,,"All Saints Bog, Co. Offaly.","Speight, M.C.D.",,FALSE,FALSE,,,218,,,,Grasshoppers and crickets of Ireland,,,,National Biodiversity Data Centre Ireland,,,
2.40966E+16,,,01/01/1988,31/12/1988,DD,01/01/1988 - 31/12/1988,NBNSYS0000006833,Tetrix undulata,N0010,200500,210500,OSI,1000,,All Saints Bog,"Speight, M.C.D.",,FALSE,FALSE,,,218,,"Speight, M.C.D.",,,,,,"Harding, P.T.",,,
2.40966E+16,,,05/08/1986,05/08/1986,D,05/08/1986,NBNSYS0000006833,Tetrix undulata,N0010,200500,210500,OSI,1000,,"All Saints Bog, Co. Offaly.","Speight, M.C.D.",,FALSE,FALSE,,,218,,,,Grasshoppers and crickets of Ireland,,,,National Biodiversity Data Centre Ireland,,,
2.40966E+16,,,01/09/1977,30/09/1977,DD,01/09/1977 - 30/09/1977,NBNSYS0000006842,Chorthippus brunneus,N8711,287500,211500,OSI,1000,,Kilcurran,"Rands, D.G.",,FALSE,FALSE,,,219,,"Rands, D.G.",,,,,,Biological Records Centre,,,
2.40966E+16,,,30/07/1991,30/07/1991,D,30/07/1991,NBNSYS0000006838,Omocestus viridulus,N7711,277500,211500,OSI,1000,,"Curragh, Co. Kildare.","Speight, M.C.D.",,FALSE,FALSE,,,219,,,,Grasshoppers and crickets of Ireland; gridref was given as B8010 - but that would be West Donegal,,,,National Biodiversity Data Centre Ireland,,,
2.40966E+16,,,15/08/1989,15/08/1989,D,15/08/1989,NBNSYS0000006842,Chorthippus brunneus,M2911,129500,211500,OSI,1000,,"Abbeyhill, NW of","Arnold, H.; Eversham, B.; Green, S.G.",,FALSE,FALSE,,,209,,,,,,,,Biological Records Centre,,,
2.40966E+16,,,27/04/2007,27/04/2007,D,27/04/2007,NHMSYS0001387317,Forficula auricularia,N738119,273850,211950,OSI,100,,Kildare,Martin Cawley,,FALSE,FALSE,,,,waste ground,,,,,,,,,,
2.40966E+16,,,15/08/1989,15/08/1989,D,15/08/1989,NBNSYS0000006842,Chorthippus brunneus,M1512,115500,212500,OSI,1000,,Black Head,"Arnold, H.; Eversham, B.; Green, S.G.",,FALSE,FALSE,,,209,,,,,,,,Biological Records Centre,,,
2.40966E+16,,,15/08/1989,15/08/1989,D,15/08/1989,NBNSYS0000006839,Myrmeleotettix maculatus,M1512,115500,212500,OSI,1000,,Black Head,"Arnold, H.; Eversham, B.; Green, S.G.",,FALSE,FALSE,,,209,,,,,,,,Biological Records Centre,,,
2.40966E+16,,,16/08/1989,16/08/1989,D,16/08/1989,NBNSYS0000006839,Myrmeleotettix maculatus,M1512,115500,212500,OSI,1000,,Black Head,"Arnold, H.; Eversham, B.; Green, S.G.",,FALSE,FALSE,,,209,,,,,,,,Biological Records Centre,,,
2.40966E+16,,,16/08/1989,16/08/1989,D,16/08/1989,NBNSYS0000006838,Omocestus viridulus,M1512,115500,212500,OSI,1000,,Black Head,"Arnold, H.; Eversham, B.; Green, S.G.",,FALSE,FALSE,,,209,,,,,,,,Biological Records Centre,,,
2.40966E+16,,,15/08/1989,15/08/1989,D,15/08/1989,NBNSYS0000006838,Omocestus viridulus,M1512,115500,212500,OSI,1000,,Black Head,"Arnold, H.; Eversham, B.; Green, S.G.",,FALSE,FALSE,,,209,,,,,,,,Biological Records Centre,,,
2.40966E+16,,,01/06/1973,30/06/1973,DD,01/06/1973 - 30/06/1973,NBNSYS0000006832,Tetrix subulata,N8312,283500,212500,OSI,1000,,,"Speight, M.C.D.",,FALSE,FALSE,,,219,Grassland,"Speight, M.C.D.",,,,,,Biological Records Centre,,,
2.40966E+16,,,02/06/1973,02/06/1973,D,02/06/1973,NBNSYS0000006832,Tetrix subulata,N8312,283500,212500,OSI,1000,,"Rosetown, Co. Kildare.","Speight, M.C.D.",,FALSE,FALSE,,,219,,,,Grasshoppers and crickets of Ireland,,,,National Biodiversity Data Centre Ireland,,,
2.40966E+16,,,04/10/1983,04/10/1983,D,04/10/1983,NBNSYS0000006825,Leptophyes punctatissima,O284135,328450,213550,OSI,100,,Redford,"McDonald, D.",,FALSE,FALSE,,,221,,"O'Connor, J.P.",,,,,,"Harding, P.T.",,,
1.01118E+17,,,15/08/2016,15/08/2016,D,15/08/2016,NBNSYS0000006838,Omocestus viridulus,O095131,309550,213150,OSI,100,,Coronation Plantation,Brian Nelson,,FALSE,FALSE,,Wicklow,Wicklow,,Brian Nelson,present,,,Adult,,Field record,,,
1.01118E+17,,,15/08/2016,15/08/2016,D,15/08/2016,NBNSYS0000006842,Chorthippus brunneus,O095131,309550,213150,OSI,100,,Coronation Plantation,Brian Nelson,,FALSE,FALSE,,Wicklow,Wicklow,,Brian Nelson,present,,,Adult,,Field record,,,
9.94202E+16,,,15/08/2016,15/08/2016,D,15/08/2016,NHMSYS0001387317,Forficula auricularia,O095131,309550,213150,OSI,100,,Coronation Plantation,Brian Nelson,,FALSE,FALSE,,Wicklow,Wicklow,,Brian Nelson,,,,Adult,,,,Field record,
2.40966E+16,,,16/08/1978,16/08/1978,D,16/08/1978,NHMSYS0001387317,Forficula auricularia,N7112,271500,212500,OSI,1000,,"Kildare,nr","Good, J.A.",,FALSE,FALSE,,,219,,"Good, J.A.",,,,,,Biological Records Centre,,,
2.40966E+16,,,01/08/1976,31/08/1976,DD,01/08/1976 - 31/08/1976,NBNSYS0000006842,Chorthippus brunneus,N2612,226500,212500,OSI,1000,,Derry Hills,"Higgins, D.G.F.",,FALSE,FALSE,,,214,,"Higgins, D.G.F.",,,,,,Biological Records Centre,,,
2.40966E+16,,,01/08/1976,31/08/1976,DD,01/08/1976 - 31/08/1976,NBNSYS0000006839,Myrmeleotettix maculatus,N2612,226500,212500,OSI,1000,,Derry Hills,"Higgins, D.G.F.",,FALSE,FALSE,,,214,,"Higgins, D.G.F.",,,,,,Biological Records Centre,,,
2.40966E+16,,,01/08/1976,31/08/1976,DD,01/08/1976 - 31/08/1976,NBNSYS0000006838,Omocestus viridulus,N2612,226500,212500,OSI,1000,,Derry Hills,"Higgins, D.G.F.",,FALSE,FALSE,,,214,,"Higgins, D.G.F.",,,,,,Biological Records Centre,,,
2.40966E+16,,,18/08/1989,18/08/1989,D,18/08/1989,NBNSYS0000006839,Myrmeleotettix maculatus,M8912,189500,212500,OSI,1000,,"Meeneen, W of","Arnold, H.; Eversham, B.; Green, S.G.",,FALSE,FALSE,,,215,,,,,,,,Biological Records Centre,,,
2.40966E+16,,,18/08/1989,18/08/1989,D,18/08/1989,NHMSYS0001387317,Forficula auricularia,M8912,189500,212500,OSI,1000,,"Meeneen, W of","Arnold, H.; Eversham, B.; Green, S.G.",,FALSE,FALSE,,,215,,,,,,,,Biological Records Centre,,,
2.40966E+16,,,01/08/1980,31/08/1980,DD,01/08/1980 - 31/08/1980,NBNSYS0000006842,Chorthippus brunneus,O1714,317500,214500,OSI,1000,,Glencree,"Cotton, D.C.F.",,FALSE,FALSE,,,220,,"Cotton, D.C.F.",,,,,,Biological Records Centre,,,
9.94202E+16,,,26/05/2014,26/05/2014,D,26/05/2014,NBNSYS0000006832,Tetrix subulata,N276133,227650,213350,OSI,100,,Clonaslee fen,Brian Nelson,,FALSE,FALSE,,Laois,Laois,,Brian Nelson,,,,,Orthoptera Atlas,,,,
9.94202E+16,,,26/05/2014,26/05/2014,D,26/05/2014,NBNSYS0000006833,Tetrix undulata,N276133,227650,213350,OSI,100,,Clonaslee fen,Brian Nelson,,FALSE,FALSE,,Laois,Laois,,Brian Nelson,,,,,Orthoptera Atlas,,,,
2.40966E+16,,,06/04/1908,06/04/1908,D,06/04/1908,NHMSYS0001387317,Forficula auricularia,O21,325000,215000,OSI,10000,,Bray Head,,,FALSE,FALSE,,,220,,"O'Connor, J.P.",,,,,,"Harding, P.T.",,,
2.40966E+16,,,09/05/1939,09/05/1939,D,09/05/1939,NHMSYS0001387382,Labia minor,O21,325000,215000,OSI,10000,,Enniskerry,"Stelfox, A.W.",,FALSE,FALSE,,,220,,"Stelfox, A.W.",,,,,,"Harding, P.T.",,,
2.40966E+16,,,01/01/1920,31/12/1920,Y,1920,NBNSYS0000006839,Myrmeleotettix maculatus,O21,325000,215000,OSI,10000,,Calary,,,FALSE,FALSE,,,220,,,,,,,,Biological Records Centre,,,
2.40966E+16,,,12/06/2006,27/06/2006,DD,12/06/2006 - 27/06/2006,NBNSYS0000006833,Tetrix undulata,M41761384,141762,213848,OSI,10,,Cahernalinsky/Cloghboley,Tom Gittings,,FALSE,FALSE,,Galway,,,Tom Gittings,1 Females,,,,BioChange,,,Malaise trap,
2.40966E+16,,,12/06/2006,27/06/2006,DD,12/06/2006 - 27/06/2006,NBNSYS0000006833,Tetrix undulata,M41761384,141762,213848,OSI,10,,Cahernalinsky/Cloghboley,Tom Gittings,,FALSE,FALSE,,Galway,,,Tom Gittings,1 Females,,,,BioChange,,,Malaise trap,
2.40966E+16,,,10/09/1976,10/09/1976,D,10/09/1976,NBNSYS0000006839,Myrmeleotettix maculatus,O11,315000,215000,OSI,10000,,"Sally Gap,Lavagh","Pitkin, L.M.",,FALSE,FALSE,,,220,,"Marshall, J.A.",,,,,,Biological Records Centre,,,
2.41065E+16,,,03/08/2012,03/08/2012,D,03/08/2012,NHMSYS0001387317,Forficula auricularia,N800143,280050,214350,OSI,100,,Newbridge,Una Halpin,,FALSE,FALSE,,Kildare,Kildare,Built land,,1,,,,,,,,
2.40966E+16,,,01/08/1979,31/08/1979,DD,01/08/1979 - 31/08/1979,NBNSYS0000006838,Omocestus viridulus,O1615,316500,215500,OSI,1000,,Glencree,"Cotton, D.C.F.",,FALSE,FALSE,,,221,,"Cotton, D.C.F.",,,,,,Biological Records Centre,,,
2.40966E+16,,,01/08/1979,31/08/1979,DD,01/08/1979 - 31/08/1979,NBNSYS0000006842,Chorthippus brunneus,O1615,316500,215500,OSI,1000,,Glencree,"Cotton, D.C.F.",,FALSE,FALSE,,,221,,"Cotton, D.C.F.",,,,,,Biological Records Centre,,,
2.40966E+16,,,19/08/1980,19/08/1980,D,19/08/1980,NBNSYS0000006838,Omocestus viridulus,M4214,142500,214500,OSI,1000,,"Keamsella, Co. Galway.","Speight, M.C.D.",,FALSE,FALSE,,,215,,,,Grasshoppers and crickets of Ireland,,,,National Biodiversity Data Centre Ireland,,,
2.40966E+16,,,19/08/1980,19/08/1980,D,19/08/1980,NBNSYS0000006839,Myrmeleotettix maculatus,M4214,142500,214500,OSI,1000,,"Keamsella, Co. Galway.","Speight, M.C.D.",,FALSE,FALSE,,,215,,,,Grasshoppers and crickets of Ireland,,,,National Biodiversity Data Centre Ireland,,,
2.40966E+16,,,01/07/1975,31/07/1975,DD,01/07/1975 - 31/07/1975,NBNSYS0000006838,Omocestus viridulus,M11,115000,215000,OSI,10000,,Black Head,"Stubbs, A.E.",,FALSE,FALSE,,,209,Road verge,"Stubbs, A.E.",,,,,,Biological Records Centre,,,
2.41065E+16,,,25/09/2012,25/09/2012,D,25/09/2012,NHMSYS0001387317,Forficula auricularia,N380144,238050,214450,OSI,100,,Rosenallis Co laois,Sandra Keating,,FALSE,FALSE,,Laois,Laois (Queen's County),Buildings and artificial surfaces,,<10,Ballybeg on map does not exist,,,,,,,
2.40966E+16,,,17/07/1986,17/07/1986,D,17/07/1986,NBNSYS0000006825,Leptophyes punctatissima,O208160,320850,216050,OSI,100,,Powerscourt,"Anderson, R.",,FALSE,FALSE,,,220,,"Anderson, R.",,,,,,"Harding, P.T.",,,
2.40966E+16,,,17/07/1986,17/07/1986,D,17/07/1986,NBNSYS0000006825,Leptophyes punctatissima,O208160,320850,216050,OSI,100,,"Powerscourt, Co. Wicklow.","Anderson, R.",,FALSE,FALSE,,,220,,,,Grasshoppers and crickets of Ireland,,,,National Biodiversity Data Centre Ireland,,,
2.40966E+16,,,01/01/1963,31/12/1963,DD,01/01/1963 - 31/12/1963,NBNSYS0000006838,Omocestus viridulus,N61,265000,215000,OSI,10000,,Ballyshear Bog,,,FALSE,FALSE,,,219,,,,,,,,Biological Records Centre,,,
2.40966E+16,,,03/07/2006,24/07/2006,DD,03/07/2006 - 24/07/2006,NBNSYS0000006832,Tetrix subulata,N77361543,277367,215434,OSI,10,,Pollardstown Fen,Tom Gittings,,FALSE,FALSE,,Kildare,,,Tom Gittings,,,,,,,,Malaise trap,
1.01118E+17,,,21/07/2016,21/07/2016,D,21/07/2016,NBNSYS0000006838,Omocestus viridulus,N772154,277250,215450,OSI,100,,Pollardstown Fen,Brian Nelson,,FALSE,FALSE,,Kildare,Kildare,,Brian Nelson,present,,,adult,,Field record,,,
2.40966E+16,,,01/06/1978,30/06/1978,DD,01/06/1978 - 30/06/1978,NBNSYS0000006832,Tetrix subulata,N7715,277500,215500,OSI,1000,,,"Speight, M.C.D.",,FALSE,FALSE,,,219,,"Speight, M.C.D.",,,,,,Biological Records Centre,,,
2.40966E+16,,,20/06/1978,20/06/1978,D,20/06/1978,NBNSYS0000006832,Tetrix subulata,N7715,277500,215500,OSI,1000,,"Pollardstown, Co. Kildare.","Speight, M.C.D.",,FALSE,FALSE,,,219,,,,Grasshoppers and crickets of Ireland,,,,National Biodiversity Data Centre Ireland,,,
2.40966E+16,,,01/06/1978,30/06/1978,DD,01/06/1978 - 30/06/1978,NBNSYS0000006833,Tetrix undulata,N7715,277500,215500,OSI,1000,,,"Speight, M.C.D.",,FALSE,FALSE,,,219,,"Speight, M.C.D.",,,,,,Biological Records Centre,,,
2.40966E+16,,,20/06/1978,20/06/1978,D,20/06/1978,NBNSYS0000006833,Tetrix undulata,N7715,277500,215500,OSI,1000,,"Pollardstown, Co. Kildare.","Speight, M.C.D.",,FALSE,FALSE,,,219,,,,Grasshoppers and crickets of Ireland,,,,National Biodiversity Data Centre Ireland,,,
2.40966E+16,,,01/06/1978,30/06/1978,DD,01/06/1978 - 30/06/1978,NBNSYS0000006838,Omocestus viridulus,N7715,277500,215500,OSI,1000,,Newbridge Fen,"Speight, M.C.D.",,FALSE,FALSE,,,219,,"Speight, M.C.D.",,,,,,Biological Records Centre,,,
2.40966E+16,,,20/06/1978,20/06/1978,D,20/06/1978,NBNSYS0000006838,Omocestus viridulus,N7715,277500,215500,OSI,1000,,"Pollardstown, Co. Kildare.","Speight, M.C.D.",,FALSE,FALSE,,,219,,,,Grasshoppers and crickets of Ireland,,,,National Biodiversity Data Centre Ireland,,,
2.40966E+16,,,17/07/1986,17/07/1986,D,17/07/1986,NBNSYS0000006825,Leptophyes punctatissima,O2116,321500,216500,OSI,1000,,Powerscourt,"Anderson, R.",,FALSE,FALSE,,,220,,"Anderson, R.",,,,,,"Anderson, R.",,,
2.40966E+16,,,01/07/1979,31/07/1979,DD,01/07/1979 - 31/07/1979,NBNSYS0000006838,Omocestus viridulus,O1316,313500,216500,OSI,1000,,Lower Lough Bray,"Cotton, D.C.F.",,FALSE,FALSE,,,220,,"Cotton, D.C.F.",,,,,,Biological Records Centre,,,
2.40966E+16,,,23/05/1978,23/05/1978,D,23/05/1978,NHMSYS0001387317,Forficula auricularia,M4415,144500,215500,OSI,1000,,"Kilcolgen,nr","Good, J.A.",,FALSE,FALSE,,,215,,"Good, J.A.",,,,,,Biological Records Centre,,,
2.40966E+16,,,04/05/2002,04/05/2002,D,04/05/2002,NHMSYS0001387317,Forficula auricularia,O279170,327950,217050,OSI,100,,Bray Head,Roy Anderson,,FALSE,FALSE,,,,Rock: Mountain top,,abundant,Under stones; dry upland heath.,,,,,,,
2.41065E+16,,,20/08/2012,20/08/2012,D,20/08/2012,NHMSYS0001387418,Meconema thalassinum,O266174,326650,217450,OSI,100,,"Bray, Co Wicklow",Linda Lawlor / Jim Lawlor,,FALSE,FALSE,Images\24106532627023409.jpg,Wicklow,Wicklow,Scattered trees and parkland,,1,found at Bray tennis club,,,,,,,
2.40966E+16,,,01/07/1979,31/07/1979,DD,01/07/1979 - 31/07/1979,NBNSYS0000006838,Omocestus viridulus,O2817,328500,217500,OSI,1000,,Bray Head,"Higgins, D.G.F.",,FALSE,FALSE,,,220,,"Higgins, D.G.F.",,,,,,Biological Records Centre,,,
2.40966E+16,,,01/07/1979,31/07/1979,DD,01/07/1979 - 31/07/1979,NBNSYS0000006839,Myrmeleotettix maculatus,O2817,328500,217500,OSI,1000,,Bray Head,"Higgins, D.G.F.",,FALSE,FALSE,,,220,,"Higgins, D.G.F.",,,,,,Biological Records Centre,,,
2.40966E+16,,,01/08/1979,31/08/1979,DD,01/08/1979 - 31/08/1979,NBNSYS0000006838,Omocestus viridulus,O2217,322500,217500,OSI,1000,,Enniskerry,"Cotton, D.C.F.",,FALSE,FALSE,,,220,,"Cotton, D.C.F.",,,,,,Biological Records Centre,,,
2.40966E+16,,,15/09/1979,15/09/1979,D,15/09/1979,NBNSYS0000006825,Leptophyes punctatissima,O2117,321500,217500,OSI,1000,,"Knocksink Wood, Co. Wicklow.","Williams, M. de C.",,FALSE,FALSE,,,220,,,,Grasshoppers and crickets of Ireland,,,,National Biodiversity Data Centre Ireland,,,
2.40966E+16,,,01/08/1976,31/08/1976,DD,01/08/1976 - 31/08/1976,NBNSYS0000006825,Leptophyes punctatissima,O2117,321500,217500,OSI,1000,,Knocksink Wood,"Speight, M.C.D.",,FALSE,FALSE,,,220,"Woodland,deciduous","Speight, M.C.D.",,,,,,Biological Records Centre,,,
2.40966E+16,,,16/08/1976,16/08/1976,D,16/08/1976,NBNSYS0000006825,Leptophyes punctatissima,O2117,321500,217500,OSI,1000,,"Knocksink Wood, Co. Wicklow.","Speight, M.C.D.",,FALSE,FALSE,,,220,,,,Grasshoppers and crickets of Ireland,,,,National Biodiversity Data Centre Ireland,,,
2.40966E+16,,,01/09/1979,30/09/1979,DD,01/09/1979 - 30/09/1979,NBNSYS0000006825,Leptophyes punctatissima,O2117,321500,217500,OSI,1000,,Knocksink Wood,"Williams, M.d.C.",,FALSE,FALSE,,,220,"Woodland,deciduous","Williams, M.d.C.",,,,,,Biological Records Centre,,,
2.40966E+16,,,01/08/1976,31/08/1976,DD,01/08/1976 - 31/08/1976,NBNSYS0000006842,Chorthippus brunneus,O2117,321500,217500,OSI,1000,,,"Speight, M.C.D.",,FALSE,FALSE,,,220,,"Speight, M.C.D.",,,,,,Biological Records Centre,,,
2.40966E+16,,,16/08/1976,16/08/1976,D,16/08/1976,NBNSYS0000006842,Chorthippus brunneus,O2117,321500,217500,OSI,1000,,"Powerscourt Demesne, Co. Wicklow.","Speight, M.C.D.",,FALSE,FALSE,,,220,,,,Grasshoppers and crickets of Ireland,,,,National Biodiversity Data Centre Ireland,,,
2.40966E+16,,,01/03/1975,31/03/1975,DD,01/03/1975 - 31/03/1975,NBNSYS0000006833,Tetrix undulata,O2117,321500,217500,OSI,1000,,,"Speight, M.C.D.",,FALSE,FALSE,,,220,,"Speight, M.C.D.",,,,,,Biological Records Centre,,,
2.40966E+16,,,20/03/1975,20/03/1975,D,20/03/1975,NBNSYS0000006833,Tetrix undulata,O2117,321500,217500,OSI,1000,,"Powerscourt Demesne, Co. Wicklow.","Speight, M.C.D.",,FALSE,FALSE,,,220,,,,Grasshoppers and crickets of Ireland,,,,National Biodiversity Data Centre Ireland,,,
2.40966E+16,,,05/06/2004,26/06/2004,DD,05/06/2004 - 26/06/2004,NBNSYS0000006832,Tetrix subulata,N77301663,277304,216635,OSI,10,,Pollardstown Fen,Tom Gittings,,FALSE,FALSE,,Kildare,,,Tom Gittings,1 Males,,,,,,,Malaise trap,
2.40966E+16,,,10/06/1991,10/06/1991,D,10/06/1991,NBNSYS0000006842,Chorthippus brunneus,M4216,142500,216500,OSI,1000,,Tullaghnafrankagh Lough,"Arnold, H.; Eversham, B.; Green, S.G.",,FALSE,FALSE,,,215,,,,,,,,Biological Records Centre,,,
2.40966E+16,,,10/06/1991,10/06/1991,D,10/06/1991,NBNSYS0000006838,Omocestus viridulus,M4216,142500,216500,OSI,1000,,Tullaghnafrankagh Lough,"Arnold, H.; Eversham, B.; Green, S.G.",,FALSE,FALSE,,,215,,,,,,,,Biological Records Centre,,,
2.40966E+16,,,18/07/1982,18/07/1982,D,18/07/1982,NBNSYS0000006838,Omocestus viridulus,N977172,297750,217250,OSI,100,,Red Bog,"Murphy, D.",,FALSE,FALSE,,,219,,"O'Connor, J.P.",,,,,,"Harding, P.T.",,,
2.41065E+16,,,17/08/2012,17/08/2012,D,17/08/2012,NHMSYS0001387317,Forficula auricularia,M974164,197450,216450,OSI,100,,Banagher,Cameron Clotworthy,,FALSE,FALSE,,Galway,,Buildings and artificial surfaces,,<10,Found in greenhouse,,,,,,,
2.40966E+16,,,15/09/1983,15/09/1983,D,15/09/1983,NHMSYS0001387418,Meconema thalassinum,O2718,327500,218500,OSI,1000,,Bray,"Speight, M.C.D.",,FALSE,FALSE,,,220,,"Speight, M.C.D.",,,,,,"Haes, E.C.M.",,,
2.40966E+16,,,15/09/1983,15/09/1983,D,15/09/1983,NHMSYS0001387418,Meconema thalassinum,O2718,327500,218500,OSI,1000,,"Newcourt, Bray, Co. Wicklow.","Speight, M.C.D.",,FALSE,FALSE,,,220,,,,Grasshoppers and crickets of Ireland,,,,National Biodiversity Data Centre Ireland,,,
2.40966E+16,,,15/09/1983,15/09/1983,D,15/09/1983,NHMSYS0001387418,Meconema thalassinum,O2718,327500,218500,OSI,1000,,Bray,"Speight, M.C.D.",,FALSE,FALSE,,,220,,"Speight, M.C.D.",,,,,,"Harding, P.T.",,,
2.41065E+16,,,23/08/2012,23/08/2012,D,23/08/2012,NHMSYS0001387317,Forficula auricularia,O266191,326650,219150,OSI,100,,Bray,Stella Stenroos,,FALSE,FALSE,,Wicklow,Wicklow,,,1,"I took in the outdoor cat food bowls we keep in the garden, and as I rinsed them, there was an earwig. I saw another one on our kitchen floor, just a few days ago. (I have no idea which type they were, so I picked Common Earwig..)",,,,,,,
2.41065E+16,,,19/08/2012,19/08/2012,D,19/08/2012,NHMSYS0001387317,Forficula auricularia,N893183,289350,218350,OSI,100,,"Naas, Co. Kildare",Caitriona,,FALSE,FALSE,,Kildare,Kildare,Buildings and artificial surfaces,,<10,,,,,,,,
2.40966E+16,,,01/08/1979,31/08/1979,DD,01/08/1979 - 31/08/1979,NBNSYS0000006842,Chorthippus brunneus,O2619,326500,219500,OSI,1000,,"Bray,nr","Cotton, D.C.F.",,FALSE,FALSE,,,221,,"Cotton, D.C.F.",,,,,,Biological Records Centre,,,
2.40966E+16,,,01/07/1979,31/07/1979,DD,01/07/1979 - 31/07/1979,NBNSYS0000006838,Omocestus viridulus,O1719,317500,219500,OSI,1000,,Glencullen,"Cotton, D.C.F.",,FALSE,FALSE,,,220,,"Cotton, D.C.F.",,,,,,Biological Records Centre,,,
2.40966E+16,,,15/08/1989,15/08/1989,D,15/08/1989,NBNSYS0000006842,Chorthippus brunneus,M3518,135500,218500,OSI,1000,,Carrowmore,"Arnold, H.; Eversham, B.; Green, S.G.",,FALSE,FALSE,,,215,,,,,,,,Biological Records Centre,,,
2.40966E+16,,,17/05/1988,17/05/1988,D,17/05/1988,NHMSYS0001387317,Forficula auricularia,M3518,135500,218500,OSI,1000,,"Carrowmore,Galway Bay","Alexander, K.N.A.",,FALSE,FALSE,,,215,,"Alexander, K.N.A.",,,,,,"Alexander, K.N.A.",,,
2.40966E+16,,,17/05/1988,17/05/1988,D,17/05/1988,NHMSYS0001387317,Forficula auricularia,M3518,135500,218500,OSI,1000,,"Carrowmore, Galway Bay","Alexander, K.N.A.",,FALSE,FALSE,,,215,,"Archer, M.E.",,,,,,"Alexander, K.N.A.",,,
2.40966E+16,,,12/10/2013,12/10/2013,D,12/10/2013,NBNSYS0000006825,Leptophyes punctatissima,O264198,326450,219850,OSI,100,,Bray,John Brophy,,FALSE,FALSE,Images\24096605481210704.jpg,Dublin,Dublin,Buildings and artificial surfaces,,1,,,,,,,,
2.40966E+16,,,23/09/2001,23/09/2001,D,23/09/2001,NBNSYS0000006842,Chorthippus brunneus,N184188,218450,218850,OSI,100,,Lough Boora Parklands,Don Cotton & M. Cotton,,FALSE,FALSE,,,,,,2,,,,,,,,
2.40966E+16,,,23/09/2001,23/09/2001,D,23/09/2001,NBNSYS0000006832,Tetrix subulata,N184188,218450,218850,OSI,100,,Lough Boora Parklands,Don Cotton & M. Cotton,,FALSE,FALSE,,,,,,2,,,,,,,,
2.40966E+16,,,25/08/1989,25/08/1989,D,25/08/1989,NHMSYS0001387317,Forficula auricularia,O2620,326500,220500,OSI,1000,,Shanganagh Castle,"Arnold, H.; Eversham, B.; Green, S.G.",,FALSE,FALSE,,,221,,,,,,,,Biological Records Centre,,,
2.40966E+16,,,15/08/1989,15/08/1989,D,15/08/1989,NHMSYS0001387317,Forficula auricularia,M4119,141500,219500,OSI,1000,,Clarinbridge,"Arnold, H.; Eversham, B.; Green, S.G.",,FALSE,FALSE,,,215,,,,,,,,Biological Records Centre,,,
2.40966E+16,,,15/08/1989,15/08/1989,D,15/08/1989,NBNSYS0000006838,Omocestus viridulus,M4119,141500,219500,OSI,1000,,Clarinbridge,"Arnold, H.; Eversham, B.; Green, S.G.",,FALSE,FALSE,,,215,,,,,,,,Biological Records Centre,,,
2.40966E+16,,,01/09/1980,30/09/1980,DD,01/09/1980 - 30/09/1980,NBNSYS0000006838,Omocestus viridulus,N5419,254500,219500,OSI,1000,,"Cushina,Clonsast nr","Cotton, D.C.F.",,FALSE,FALSE,,,218,,"Cotton, D.C.F.",,,,,,Biological Records Centre,,,
2.41065E+16,,,26/07/2012,26/07/2012,D,26/07/2012,NBNSYS0000006842,Chorthippus brunneus,N274195,227450,219550,OSI,100,,Pallas Lake,"Eugenie Regan, Brian Nelson, Peter Sutton",,FALSE,FALSE,,Offaly,Offaly (King's County),,,,,,,,,,,
2.41065E+16,,,26/07/2012,26/07/2012,D,26/07/2012,NBNSYS0000006838,Omocestus viridulus,N274195,227450,219550,OSI,100,,Pallas Lake,"Eugenie Regan, Brian Nelson, Peter Sutton",,FALSE,FALSE,,Offaly,Offaly (King's County),,,,,,,,,,,
2.41065E+16,,,26/07/2012,26/07/2012,D,26/07/2012,NBNSYS0000006832,Tetrix subulata,N274195,227450,219550,OSI,100,,Pallas Lake,"Eugenie Regan, Brian Nelson, Peter Sutton",,FALSE,FALSE,,Offaly,Offaly (King's County),,,,,,,,,,,
9.94202E+16,,,15/08/2016,15/08/2016,D,15/08/2016,NHMSYS0001387317,Forficula auricularia,O075207,307550,220750,OSI,100,,Ballinascorney Upper,Brian Nelson,,FALSE,FALSE,,Dublin,Dublin,,Brian Nelson,,,,Adult,,,,Field record,
9.94202E+16,,,15/08/2016,15/08/2016,D,15/08/2016,NBNSYS0000006838,Omocestus viridulus,O075207,307550,220750,OSI,100,,Ballinascorney Upper,Brian Nelson,,FALSE,FALSE,,Dublin,Dublin,,Brian Nelson,,,,Adult,Orthoptera Atlas,,,Field record,
2.40966E+16,,,01/08/1975,31/08/1975,DD,01/08/1975 - 31/08/1975,NBNSYS0000006842,Chorthippus brunneus,N7620,276500,220500,OSI,1000,,Hill of Allen,"Higgins, D.G.F.",,FALSE,FALSE,,,219,,"Higgins, D.G.F.",,,,,,Biological Records Centre,,,
2.41065E+16,,,29/07/2012,29/07/2012,D,29/07/2012,NBNSYS0000006834,Stethophyma grossum,N01331999,201335,219995,OSI,10,,Reask,Helen Carty,,FALSE,FALSE,,Galway,South-east Galway,Raised bog,,1,Strip of intact high bank adjacent to Bord na Mona milled bog.,,,,,,,
2.40966E+16,,,17/07/1986,17/07/1986,D,17/07/1986,NBNSYS0000006825,Leptophyes punctatissima,O1621,316500,221500,OSI,1000,,Powerscourt,"Anderson, R.",,FALSE,FALSE,,,220,,"Anderson, R.",,,,,,"Anderson, R.",,,
2.40966E+16,,,01/07/1979,31/07/1979,DD,01/07/1979 - 31/07/1979,NBNSYS0000006838,Omocestus viridulus,O1421,314500,221500,OSI,1000,,"Crauagh Mountain,nr","Cotton, D.C.F.",,FALSE,FALSE,,,221,,"Cotton, D.C.F.",,,,,,Biological Records Centre,,,
2.40966E+16,,,15/08/1989,15/08/1989,D,15/08/1989,NBNSYS0000006838,Omocestus viridulus,M4020,140500,220500,OSI,1000,,"Clarin Bridge, W of","Arnold, H.; Eversham, B.; Green, S.G.",,FALSE,FALSE,,,215,,,,,,,,Biological Records Centre,,,
2.40966E+16,,,15/08/1989,15/08/1989,D,15/08/1989,NBNSYS0000006838,Omocestus viridulus,M4120,141500,220500,OSI,1000,,Clarinbridge,"Arnold, H.; Eversham, B.; Green, S.G.",,FALSE,FALSE,,,215,,,,,,,,Biological Records Centre,,,
2.40966E+16,,,06/09/2011,06/09/2011,D,06/09/2011,NHMSYS0001387317,Forficula auricularia,M065211,106550,221150,OSI,100,,Ballinteemore,Roy Anderson,,FALSE,FALSE,,,,Coastland: coastal grassland,,"isolated, cover small",Under diftwood.,,,,,,,
2.40966E+16,,,09/08/1983,09/08/1983,D,09/08/1983,NBNSYS0000006839,Myrmeleotettix maculatus,M5720,157500,220500,OSI,1000,,"Clonsast, Co. Offaly.","Speight, M.C.D.",,FALSE,FALSE,,,215,,,,Grasshoppers and crickets of Ireland; county should be South-east Galway,,,,National Biodiversity Data Centre Ireland,,,
2.41065E+16,,,31/05/2006,31/05/2006,D,31/05/2006,NHMSYS0001387317,Forficula auricularia,O097219,309750,221950,OSI,100,,Glenasmole,Eugenie Regan,,FALSE,FALSE,,Dublin,Dublin,,,,,,,,,,,
2.40966E+16,,,01/07/1979,31/07/1979,DD,01/07/1979 - 31/07/1979,NBNSYS0000006838,Omocestus viridulus,O2422,324500,222500,OSI,1000,,Loughlinstown,"Cotton, D.C.F.",,FALSE,FALSE,,,221,,"Cotton, D.C.F.",,,,,,Biological Records Centre,,,
2.40966E+16,,,15/08/1989,15/08/1989,D,15/08/1989,NHMSYS0001387317,Forficula auricularia,M5021,150500,221500,OSI,1000,,"Craughwell, N of","Arnold, H.; Eversham, B.; Green, S.G.",,FALSE,FALSE,,,215,,,,,,,,Biological Records Centre,,,
2.40966E+16,,,01/06/1979,30/06/1979,DD,01/06/1979 - 30/06/1979,NBNSYS0000006825,Leptophyes punctatissima,O2423,324500,223500,OSI,1000,,Loughlinstown Common,"Williams, M.d.C.",,FALSE,FALSE,,,221,Woodland ride/clearing,"Williams, M.d.C.",,,,,,Biological Records Centre,,,
2.40966E+16,,,10/06/1979,10/06/1979,D,10/06/1979,NBNSYS0000006825,Leptophyes punctatissima,O2423,324500,223500,OSI,1000,,"Loughlinstown Common, Co. Dublin.","Williams, M. de C.",,FALSE,FALSE,,,221,,,,Grasshoppers and crickets of Ireland,,,,National Biodiversity Data Centre Ireland,,,
2.40966E+16,,,01/08/1974,31/08/1974,DD,01/08/1974 - 31/08/1974,NBNSYS0000006825,Leptophyes punctatissima,O2423,324500,223500,OSI,1000,,Loughlinstown Common,"Williams, M.d.C.",,FALSE,FALSE,,,221,Woodland,"Williams, M.d.C.",,,,,,Biological Records Centre,,,
2.40966E+16,,,15/08/1974,15/08/1974,D,15/08/1974,NBNSYS0000006825,Leptophyes punctatissima,O2423,324500,223500,OSI,1000,,"Loughlinstown Common, Co. Dublin.","Williams, M. de C.",,FALSE,FALSE,,,221,,,,Grasshoppers and crickets of Ireland,,,,National Biodiversity Data Centre Ireland,,,
2.40966E+16,,,01/08/1980,31/08/1980,DD,01/08/1980 - 31/08/1980,NBNSYS0000006838,Omocestus viridulus,O1623,316500,223500,OSI,1000,,"Ticknock,Mountain","Cotton, D.C.F.",,FALSE,FALSE,,,221,,"Cotton, D.C.F.",,,,,,Biological Records Centre,,,
2.40966E+16,,,15/08/1989,15/08/1989,D,15/08/1989,NHMSYS0001387317,Forficula auricularia,M4922,149500,222500,OSI,1000,,"Rockfield House, S of","Arnold, H.; Eversham, B.; Green, S.G.",,FALSE,FALSE,,,215,,,,,,,,Biological Records Centre,,,
2.40966E+16,,,15/08/1989,15/08/1989,D,15/08/1989,NBNSYS0000006838,Omocestus viridulus,M4922,149500,222500,OSI,1000,,"Rockfield House, S of","Arnold, H.; Eversham, B.; Green, S.G.",,FALSE,FALSE,,,215,,,,,,,,Biological Records Centre,,,
2.40966E+16,,,01/08/1979,31/08/1979,DD,01/08/1979 - 31/08/1979,NBNSYS0000006838,Omocestus viridulus,O0723,307500,223500,OSI,1000,,Knockannave,"Cotton, D.C.F.",,FALSE,FALSE,,,221,,"Cotton, D.C.F.",,,,,,Biological Records Centre,,,
2.40966E+16,,,24/04/1984,24/04/1984,D,24/04/1984,NBNSYS0000006832,Tetrix subulata,N3122,231500,222500,OSI,1000,,"Mucklagh, Co. Offaly.","Speight, M.C.D.",,FALSE,FALSE,,,218,,,,Grasshoppers and crickets of Ireland,,,,National Biodiversity Data Centre Ireland,,,
2.40966E+16,,,07/08/2013,07/08/2013,D,07/08/2013,NBNSYS0000006838,Omocestus viridulus,N6123,261000,223000,OSI,1000,,"lane east of Community Centre, Clonbulloge",Tom Gittings,,FALSE,FALSE,,Offaly,,,Tom Gittings,,,,,Offaly Community Forum,,,Visual/hand-net/auditory,
2.40966E+16,,,07/08/2013,07/08/2013,D,07/08/2013,NBNSYS0000006838,Omocestus viridulus,N6023,260000,223000,OSI,1000,,"Figile River Walk, Clonbulloge",Tom Gittings,,FALSE,FALSE,,Offaly,,,Tom Gittings,,,,,Offaly Community Forum,,,Visual/hand-net/auditory,
2.40966E+16,,,01/06/1976,30/06/1976,DD,01/06/1976 - 30/06/1976,NBNSYS0000006832,Tetrix subulata,N5623,256500,223500,OSI,1000,,,"Speight, M.C.D.",,FALSE,FALSE,,,218,,"Speight, M.C.D.",,,,,,Biological Records Centre,,,
2.40966E+16,,,06/06/1976,06/06/1976,D,06/06/1976,NBNSYS0000006832,Tetrix subulata,N5623,256500,223500,OSI,1000,,"Clonavoe, Co. Offaly","Speight, M.C.D.",,FALSE,FALSE,,,218,,,,Grasshoppers and crickets of Ireland,,,,National Biodiversity Data Centre Ireland,,,
2.40966E+16,,,01/01/1964,31/12/1964,Y,1964,NBNSYS0000006838,Omocestus viridulus,O22,325000,225000,OSI,10000,,Killinny Head,Goodhue,,FALSE,FALSE,,,221,,Goodhue,,,,,,"Andrewes, C.H.",,,
2.40966E+16,,,01/01/1964,31/12/1964,Y,1964,NBNSYS0000006838,Omocestus viridulus,O22,325000,225000,OSI,10000,,Killiney Head,Goodhue,,FALSE,FALSE,,,221,,Goodhue,,,,,,Biological Records Centre,,,
2.40966E+16,,,01/01/1963,31/12/1963,DD,01/01/1963 - 31/12/1963,NBNSYS0000006838,Omocestus viridulus,O22,325000,225000,OSI,10000,,"Killiney,Head",,,FALSE,FALSE,,,221,,,,,,,,Biological Records Centre,,,
2.40966E+16,,,01/01/1920,31/12/1920,Y,1920,NBNSYS0000006842,Chorthippus brunneus,O22,325000,225000,OSI,10000,,Dalkey,,,FALSE,FALSE,,,221,,,,,,,,Biological Records Centre,,,
2.40966E+16,,,01/01/1964,31/12/1964,Y,1964,NBNSYS0000006842,Chorthippus brunneus,O22,325000,225000,OSI,10000,,Killiney Head,Goodhue,,FALSE,FALSE,,,221,,Goodhue,,,,,,Biological Records Centre,,,
2.40966E+16,,,01/01/1964,31/12/1964,Y,1964,NBNSYS0000006842,Chorthippus brunneus,O22,325000,225000,OSI,10000,,Killinny Head,Goodhue,,FALSE,FALSE,,,221,,Goodhue,,,,,,"Andrewes, C.H.",,,
2.40966E+16,,,01/01/1963,31/12/1963,DD,01/01/1963 - 31/12/1963,NBNSYS0000006842,Chorthippus brunneus,O22,325000,225000,OSI,10000,,Killiney Head,,,FALSE,FALSE,,,221,,,,,,,,Biological Records Centre,,,
2.40966E+16,,,17/08/1951,17/08/1951,D,17/08/1951,NBNSYS0000006842,Chorthippus brunneus,O22,325000,225000,OSI,10000,,Kiliney,,,FALSE,FALSE,,,221,,,,,,,,Biological Records Centre,,,
2.40966E+16,,,01/07/1979,31/07/1979,DD,01/07/1979 - 31/07/1979,NBNSYS0000006838,Omocestus viridulus,N9924,299500,224500,OSI,1000,,"Rathcoole,nr","Cotton, D.C.F.",,FALSE,FALSE,,,221,,"Cotton, D.C.F.",,,,,,Biological Records Centre,,,
2.40966E+16,,,01/08/1924,31/08/1924,DD,01/08/1924 - 31/08/1924,NBNSYS0000006825,Leptophyes punctatissima,O12,315000,225000,OSI,10000,,Glencullen,,,FALSE,FALSE,,,221,,,,,,,,Biological Records Centre,,,
2.40966E+16,,,02/08/1924,02/08/1924,D,02/08/1924,NBNSYS0000006825,Leptophyes punctatissima,O12,315000,225000,OSI,10000,,Glencullen,"Harding, P.T.",,FALSE,FALSE,,,221,,,,Grasshoppers and crickets of Ireland,,,,National Biodiversity Data Centre Ireland,,,
2.40966E+16,,,19/08/1951,19/08/1951,D,19/08/1951,NBNSYS0000006842,Chorthippus brunneus,O12,315000,225000,OSI,10000,,Tymon Castle,,,FALSE,FALSE,,,221,,,,,,,,Biological Records Centre,,,
2.40966E+16,,,01/01/1920,31/12/1920,Y,1920,NBNSYS0000006842,Chorthippus brunneus,O12,315000,225000,OSI,10000,,Three Rock Mountain,,,FALSE,FALSE,,,221,,,,,,,,Biological Records Centre,,,
2.40966E+16,,,01/08/1908,31/08/1908,DD,01/08/1908 - 31/08/1908,NHMSYS0001387317,Forficula auricularia,O12,315000,225000,OSI,10000,,Rathgar,,,FALSE,FALSE,,,221,,"O'Connor, J.P.",,,,,,"Harding, P.T.",,,
2.40966E+16,,,23/09/2001,23/09/2001,D,23/09/2001,NBNSYS0000006842,Chorthippus brunneus,N180238,218050,223850,OSI,100,,"Turraun, Lough Boora Parklands",Don Cotton,,FALSE,FALSE,,,,,,,,,,,,,,
2.40966E+16,,,23/09/2001,23/09/2001,D,23/09/2001,NBNSYS0000006838,Omocestus viridulus,N178238,217850,223850,OSI,100,,"Turraun, Lough Boora Parklands",Don Cotton,,FALSE,FALSE,,,,,,,,,,,,,,
2.40966E+16,,,27/09/2009,27/09/2009,D,27/09/2009,NHMSYS0001387317,Forficula auricularia,O2625,326500,225500,OSI,1000,,Killiney,Martin Cawley,,FALSE,FALSE,,,,sandy foreshore,,,,,,,,,,
2.40966E+16,,,16/08/2013,16/08/2013,D,16/08/2013,NBNSYS0000006838,Omocestus viridulus,N3424,234000,224000,OSI,1000,,"St Catherine's Church, Tullamore",Tom Gittings,,FALSE,FALSE,,Offaly,,,Tom Gittings,,,,,Offaly Community Forum,,,Visual/hand-net/auditory,
2.41065E+16,,,25/07/2012,25/07/2012,D,25/07/2012,NBNSYS0000006838,Omocestus viridulus,N327240,232750,224050,OSI,100,,Charleville wood,"Eugenie Regan, Brian Nelson, Peter Sutton",,FALSE,FALSE,,Offaly,Offaly (King's County),,,,,,,,,,,
2.40966E+16,,,01/01/1693,31/12/1940,DD,01/01/1693 - 31/12/1940,NBNSYS0000006834,Stethophyma grossum,M02,105000,225000,OSI,10000,,Inveran,"Moseley, M.E.",,FALSE,FALSE,,,216,,"Moseley, M.E.",,,,,,Biological Records Centre,,,
2.40966E+16,,,01/01/1929,31/12/1929,DD,01/01/1929 - 31/12/1929,NBNSYS0000006834,Stethophyma grossum,M02,105000,225000,OSI,10000,,Inveran,,,FALSE,FALSE,,,216,,,,,,,,Biological Records Centre,,,
2.40966E+16,,,26/08/1929,26/08/1929,D,26/08/1929,NBNSYS0000006834,Stethophyma grossum,M02,105000,225000,OSI,10000,,Inverin,"Moseley, M.E.",,FALSE,FALSE,,,216,,,,,,,,Biological Records Centre,,,
2.40966E+16,,,06/09/1929,06/09/1929,D,06/09/1929,NBNSYS0000006834,Stethophyma grossum,M02,105000,225000,OSI,10000,,Inverin,"Moseley, M.E.",,FALSE,FALSE,,,216,,,,,,,,Biological Records Centre,,,
2.40966E+16,,,01/01/1964,31/12/1964,Y,1964,NBNSYS0000006838,Omocestus viridulus,N92,295000,225000,OSI,10000,,Kill,Goodhue,,FALSE,FALSE,,,219,,Goodhue,,,,,,"Andrewes, C.H.",,,
2.40966E+16,,,01/01/1964,31/12/1964,Y,1964,NBNSYS0000006838,Omocestus viridulus,N92,295000,225000,OSI,10000,,Kill,Goodhue,,FALSE,FALSE,,,219,,Goodhue,,,,,,Biological Records Centre,,,
2.40966E+16,,,01/01/1963,31/12/1963,DD,01/01/1963 - 31/12/1963,NBNSYS0000006842,Chorthippus brunneus,N92,295000,225000,OSI,10000,,Kill,,,FALSE,FALSE,,,219,,,,,,,,Biological Records Centre,,,
2.40966E+16,,,01/01/1963,31/12/1963,DD,01/01/1963 - 31/12/1963,NBNSYS0000006838,Omocestus viridulus,N92,295000,225000,OSI,10000,,"Kill,quarry",,,FALSE,FALSE,,,219,,,,,,,,Biological Records Centre,,,
2.40966E+16,,,04/09/1984,04/09/1984,D,04/09/1984,NBNSYS0000006838,Omocestus viridulus,L8625,86500,225500,OSI,1000,,"Gorumna Island,Knock","Devriese, H.H.",,FALSE,FALSE,,,216,,"Devriese, H.H.",,,,,,Biological Records Centre,,,
2.40966E+16,,,01/09/1984,30/09/1984,DD,01/09/1984 - 30/09/1984,NBNSYS0000006838,Omocestus viridulus,L8625,86500,225500,OSI,1000,,"Gorumna Is,Knock","Devriese, H.H.",,FALSE,FALSE,,,216,,"Devriese, H.H.",,,,,,Biological Records Centre,,,
2.40966E+16,,,04/09/1984,04/09/1984,D,04/09/1984,NBNSYS0000006839,Myrmeleotettix maculatus,L8625,86500,225500,OSI,1000,,"Gorumna Island,Knock","Devriese, H.H.",,FALSE,FALSE,,,216,,"Devriese, H.H.",,,,,,Biological Records Centre,,,
2.40966E+16,,,01/09/1984,30/09/1984,DD,01/09/1984 - 30/09/1984,NBNSYS0000006839,Myrmeleotettix maculatus,L8625,86500,225500,OSI,1000,,"Gorumna Is,Knock","Devriese, H.H.",,FALSE,FALSE,,,216,,"Devriese, H.H.",,,,,,Biological Records Centre,,,
2.40966E+16,,,01/09/1984,30/09/1984,DD,01/09/1984 - 30/09/1984,NBNSYS0000006842,Chorthippus brunneus,L8625,86500,225500,OSI,1000,,"Gorumna Is,Knock","Devriese, H.H.",,FALSE,FALSE,,,216,,"Devriese, H.H.",,,,,,Biological Records Centre,,,
2.40966E+16,,,04/09/1984,04/09/1984,D,04/09/1984,NBNSYS0000006842,Chorthippus brunneus,L8625,86500,225500,OSI,1000,,"Gorumna Island,Knock","Devriese, H.H.",,FALSE,FALSE,,,216,,"Devriese, H.H.",,,,,,Biological Records Centre,,,
2.40966E+16,,,28/08/1981,28/08/1981,D,28/08/1981,NBNSYS0000006834,Stethophyma grossum,M12,115000,225000,OSI,10000,,"Spiddal,Knock nr","Chalmers-Hunt, J.M.",,FALSE,FALSE,,,216,,"Chalmers-Hunt, J.M.",,,,,,"Harding, P.T.",,,
2.41065E+16,,,15/08/2012,15/08/2012,D,15/08/2012,NBNSYS0000006842,Chorthippus brunneus,M250248,125050,224850,OSI,100,,"Ballymoneen, Galway City",Chris Peppiatt,,FALSE,FALSE,,Galway,West Galway,Dry-humid acid grassland,,<10,E125010 N224860 Number = 2,,,,,,,
2.40966E+16,,,01/07/1895,31/07/1895,DD,01/07/1895 - 31/07/1895,NHMSYS0001387317,Forficula auricularia,M22,125000,225000,OSI,10000,,Gentian Hill nr Salthill,"Carpenter, G.H.",,FALSE,FALSE,,,216,,"Carpenter, G.H.",,,,,,Biological Records Centre,,,
2.40966E+16,,,30/01/1985,30/01/1985,D,30/01/1985,NHMSYS0001387317,Forficula auricularia,M22,125000,225000,OSI,10000,,Seaweed Point,"Cawley, M.",,FALSE,FALSE,,,217,Unclassifiable habitat data given,"Cawley, M.",,,,,,"Cawley, M.",,,
2.40966E+16,,,01/07/1895,31/07/1895,DD,01/07/1895 - 31/07/1895,NBNSYS0000006838,Omocestus viridulus,M22,125000,225000,OSI,10000,,Gentian Hill nr Salthill,"Carpenter, G.H.",,FALSE,FALSE,,,216,,"Carpenter, G.H.",,,,,,Biological Records Centre,,,
2.40966E+16,,,01/01/1693,31/12/1940,DD,01/01/1693 - 31/12/1940,NBNSYS0000006832,Tetrix subulata,M22,125000,225000,OSI,10000,,Galway,"Pickles, M.E.",,FALSE,FALSE,,,216,,"Kevan, D.K.M.",,,,,,Biological Records Centre,,,
2.40966E+16,,,01/07/1895,31/07/1895,DD,01/07/1895 - 31/07/1895,NBNSYS0000006833,Tetrix undulata,M22,125000,225000,OSI,10000,,Gentian Hill nr Salthill,"Carpenter, G.H.",,FALSE,FALSE,,,216,,"Carpenter, G.H.",,,,,,Biological Records Centre,,,
2.40966E+16,,,06/09/2004,06/09/2004,D,06/09/2004,NHMSYS0001387317,Forficula auricularia,N72,275000,225000,OSI,10000,,"Bog of Allen Nature, Lullymore",Not documented,,FALSE,FALSE,,,,,,,,,,,,,,
2.41065E+16,,,30/07/2012,30/07/2012,D,30/07/2012,NHMSYS0001387317,Forficula auricularia,M274250,127450,225050,OSI,100,,"101, Friars Hill, Bishop O'Donnell Road, Galway City",Chris Peppiatt,,FALSE,FALSE,,Galway,West Galway,Built land,,1,In my kitchen. M/27390/24980,,,,,,,
2.41065E+16,,,08/08/2012,08/08/2012,D,08/08/2012,NHMSYS0001387317,Forficula auricularia,M274250,127450,225050,OSI,100,,"101, Friars Hill, Bishop O'Donnell Road, Galway City",Chris Peppiatt,,FALSE,FALSE,,Galway,West Galway,Built land,,1,In my kitchen. M/27390/24980,,,,,,,
2.41065E+16,,,27/07/2012,27/07/2012,D,27/07/2012,NBNSYS0000006838,Omocestus viridulus,N846254,284650,225450,OSI,100,,Landenstown,Karl Scanlon,,FALSE,FALSE,,Kildare,Kildare,,,,,,,,,,,
2.40966E+16,,,28/07/2012,28/07/2012,D,28/07/2012,NBNSYS0000006838,Omocestus viridulus,N846254,284650,225450,OSI,100,,Landenstown,Karl Scanlon,,FALSE,FALSE,,Kildare,Kildare,,,,,,,,,,,
2.40966E+16,,,17/07/1926,17/07/1926,D,17/07/1926,NHMSYS0001387317,Forficula auricularia,M52,155000,225000,OSI,10000,,"Athenry,nr","Phillips, R.A.",,FALSE,FALSE,,,217,,"O'Connor, J.P.",,,,,,"Harding, P.T.",,,
2.40966E+16,,,16/08/2013,16/08/2013,D,16/08/2013,NBNSYS0000006838,Omocestus viridulus,N3225,232000,225000,OSI,1000,,"Grand Canal from Lock 28 to Srah Castle, Tullamore",Tom Gittings,,FALSE,FALSE,,Offaly,,,Tom Gittings,,,,,Offaly Community Forum,,,Visual/hand-net/auditory,
2.40966E+16,,,21/08/2013,21/08/2013,D,21/08/2013,NBNSYS0000006838,Omocestus viridulus,N1225,212000,225000,OSI,1000,,"amenity woodland walk, Ballylin, Ferbane",Tom Gittings,,FALSE,FALSE,,Offaly,,,Tom Gittings,,,,,Offaly Community Forum,,,Visual/hand-net/auditory,
2.40966E+16,,,22/09/2013,22/09/2013,D,22/09/2013,NBNSYS0000006838,Omocestus viridulus,M338262,133850,226250,OSI,100,,Merlin Woods,Coln Stanley,,FALSE,FALSE,Images\24096605481210763.jpg,Galway,,,,1,,,,,,,,
2.40966E+16,,,07/07/2006,07/07/2006,D,07/07/2006,NBNSYS0000006839,Myrmeleotettix maculatus,N7126,271500,226500,OSI,1000,,Lullymore,"K.G.M. Bond, Don Cotton & Jean Dunleavy",,FALSE,FALSE,,,,,,,Frequent,,,,,,,
2.41065E+16,,,19/11/2012,19/11/2012,D,19/11/2012,NHMSYS0001387317,Forficula auricularia,M325266,132550,226650,OSI,100,,"Ballybane, Galway City",Ruth,,FALSE,FALSE,,Galway,,Buildings and artificial surfaces,,Nov-50,"I have dozens of earwigs around my house, some have come into the house. How do I get rid of them!?",,,,,,,
2.40966E+16,,,25/08/1989,25/08/1989,D,25/08/1989,NHMSYS0001387317,Forficula auricularia,O1928,319500,228500,OSI,1000,,Mountmerrion,"Arnold, H.; Eversham, B.; Green, S.G.",,FALSE,FALSE,,,221,,,,,,,,Biological Records Centre,,,
2.40966E+16,,,01/09/1977,30/09/1977,DD,01/09/1977 - 30/09/1977,NBNSYS0000006842,Chorthippus brunneus,N5727,257500,227500,OSI,1000,,Rathvilla,"Rands, D.G.",,FALSE,FALSE,,,218,,"Rands, D.G.",,,,,,Biological Records Centre,,,
2.41065E+16,,,29/08/2012,29/08/2012,D,29/08/2012,NBNSYS0000006838,Omocestus viridulus,L818286,81850,228650,OSI,100,,Ardmore Point,John Brophy,,FALSE,FALSE,Images\24106532627023435.jpg,Galway,West Galway,Dry calcareous and neutral grassland,,1,,,,,,,,
2.40966E+16,,,01/09/1977,30/09/1977,DD,01/09/1977 - 30/09/1977,NBNSYS0000006842,Chorthippus brunneus,N4927,249500,227500,OSI,1000,,"Daingean,E of","Rands, D.G.",,FALSE,FALSE,,,218,,"Rands, D.G.",,,,,,Biological Records Centre,,,
2.40966E+16,,,12/09/1986,12/09/1986,D,12/09/1986,NBNSYS0000006842,Chorthippus brunneus,M9927,199500,227500,OSI,1000,,"Clorhane, Co. Offaly.","Speight, M.C.D.",,FALSE,FALSE,,,218,,,,Grasshoppers and crickets of Ireland,,,,National Biodiversity Data Centre Ireland,,,
2.40966E+16,,,12/09/1986,12/09/1986,D,12/09/1986,NBNSYS0000006838,Omocestus viridulus,M9927,199500,227500,OSI,1000,,"Clorhane, Co. Offaly.","Speight, M.C.D.",,FALSE,FALSE,,,218,,,,Grasshoppers and crickets of Ireland,,,,National Biodiversity Data Centre Ireland,,,
2.40966E+16,,,04/07/1986,04/07/1986,D,04/07/1986,NBNSYS0000006833,Tetrix undulata,M9927,199500,227500,OSI,1000,,"Clorhane, Co. Offaly.","Speight, M.C.D.",,FALSE,FALSE,,,218,,,,Grasshoppers and crickets of Ireland,,,,National Biodiversity Data Centre Ireland,,,
2.48947E+16,,,31/08/2016,31/08/2016,D,31/08/2016,NBNSYS0000006842,Chorthippus brunneus,M292283,129250,228350,OSI,100,,Menlo,John Brophy,,FALSE,FALSE,Images\24894664796554984.jpg,Galway,North-east Galway,,,1,,,,,,,,
2.41065E+16,,,20/08/2012,20/08/2012,D,20/08/2012,NBNSYS0000006834,Stethophyma grossum,L975292,97550,229250,OSI,100,,Lettermuckoo,Chris Peppiatt,,FALSE,FALSE,,Galway,West Galway,Cutover bog,,1,"In very wet overgrown cutover bog pool-type ditch, on bogbean. E097490 N229210",,,,,,,
2.48947E+16,,,06/08/2016,06/08/2016,D,06/08/2016,NHMSYS0001387418,Meconema thalassinum,O154295,315450,229550,OSI,100,,"Dodder Park, Orwell Road, Dublin 6",Mark McDowell,,FALSE,FALSE,Images\24894664796554996.jpg,Dublin,Dublin,,,1,,,,,,,,
2.41065E+16,,,12/08/2012,12/08/2012,D,12/08/2012,NBNSYS0000006838,Omocestus viridulus,L807298,80750,229850,OSI,100,,Ardmore,Dermot Breen,,FALSE,FALSE,,Galway,West Galway,Dry meadows and grassy verges,,Nov-50,,,,,,,,
2.40966E+16,,,24/07/1982,24/07/1982,D,24/07/1982,NBNSYS0000006838,Omocestus viridulus,N809290,280950,229050,OSI,100,,Ballynafagh,"Murphy, D.",,FALSE,FALSE,,,219,,"O'Connor, J.P.",,,,,,"Harding, P.T.",,,
2.40966E+16,,,01/09/1984,30/09/1984,DD,01/09/1984 - 30/09/1984,NBNSYS0000006838,Omocestus viridulus,L9729,97500,229500,OSI,1000,,L Carrannla nr Cashla Bay,"Devriese, H.H.",,FALSE,FALSE,,,216,,"Devriese, H.H.",,,,,,Biological Records Centre,,,
2.40966E+16,,,01/09/1984,30/09/1984,DD,01/09/1984 - 30/09/1984,NBNSYS0000006839,Myrmeleotettix maculatus,L9729,97500,229500,OSI,1000,,L Carrannla nr Cashla Bay,"Devriese, H.H.",,FALSE,FALSE,,,216,,"Devriese, H.H.",,,,,,Biological Records Centre,,,
2.40966E+16,,,01/09/1984,30/09/1984,DD,01/09/1984 - 30/09/1984,NBNSYS0000006842,Chorthippus brunneus,L9729,97500,229500,OSI,1000,,L Carrannla nr Cashla Bay,"Devriese, H.H.",,FALSE,FALSE,,,216,,"Devriese, H.H.",,,,,,Biological Records Centre,,,
2.40966E+16,,,26/07/2001,26/07/2001,D,26/07/2001,NBNSYS0000006842,Chorthippus brunneus,O202304,320250,230450,OSI,100,,Booterstown,Martin Cawley,,FALSE,FALSE,,,,sandy foreshore,,,,,,,,,,
2.40966E+16,,,26/07/2001,26/07/2001,D,26/07/2001,NHMSYS0001387317,Forficula auricularia,O202304,320250,230450,OSI,100,,Booterstown,Martin Cawley,,FALSE,FALSE,,,,sandy foreshore,,,,,,,,,,
2.40966E+16,,,01/08/1979,31/08/1979,DD,01/08/1979 - 31/08/1979,NBNSYS0000006842,Chorthippus brunneus,O2030,320500,230500,OSI,1000,,Booterstown Marsh,"Cotton, D.C.F.",,FALSE,FALSE,,,221,,"Cotton, D.C.F.",,,,,,Biological Records Centre,,,
2.40966E+16,,,01/07/1979,31/07/1979,DD,01/07/1979 - 31/07/1979,NBNSYS0000006842,Chorthippus brunneus,O1830,318500,230500,OSI,1000,,Belfield,"Cotton, D.C.F.",,FALSE,FALSE,,,221,,"Cotton, D.C.F.",,,,,,Biological Records Centre,,,
2.40966E+16,,,04/07/1984,04/07/1984,D,04/07/1984,NBNSYS0000006839,Myrmeleotettix maculatus,N2429,224500,229500,OSI,1000,,"Clara Bog, Co. Offaly.","Speight, M.C.D.",,FALSE,FALSE,,,218,,,,Grasshoppers and crickets of Ireland,,,,National Biodiversity Data Centre Ireland,,,
2.40966E+16,,,04/07/1984,04/07/1984,D,04/07/1984,NBNSYS0000006838,Omocestus viridulus,N2429,224500,229500,OSI,1000,,"Clara Bog, Co. Offaly.","Speight, M.C.D.",,FALSE,FALSE,,,218,,,,Grasshoppers and crickets of Ireland,,,,National Biodiversity Data Centre Ireland,,,
2.48947E+16,,,15/08/2016,15/08/2016,D,15/08/2016,NBNSYS0000006838,Omocestus viridulus,M251300,125150,230050,OSI,100,,Pollagh,Martin Gammell,,FALSE,FALSE,,Galway,West Galway,,,,,,,,,,,
2.40966E+16,,,03/09/2011,03/09/2011,D,03/09/2011,NBNSYS0000006839,Myrmeleotettix maculatus,N249295,224950,229550,OSI,100,,Clara Bog at Derries,Don Cotton & Jean Dunleavy,,FALSE,FALSE,,,,,,1,,,,,,,,
2.40966E+16,,,03/09/2011,03/09/2011,D,03/09/2011,NBNSYS0000006838,Omocestus viridulus,N249295,224950,229550,OSI,100,,Clara Bog at Derries,Don Cotton & Jean Dunleavy,,FALSE,FALSE,,,,,,1,,,,,,,,
2.41065E+16,,,25/07/2012,25/07/2012,D,25/07/2012,NBNSYS0000006838,Omocestus viridulus,N246297,224650,229750,OSI,100,,Clara Bog,"Eugenie Regan, Brian Nelson, Peter Sutton",,FALSE,FALSE,,Offaly,Offaly (King's County),,,,,,,,,,,
2.41065E+16,,,25/07/2012,25/07/2012,D,25/07/2012,NBNSYS0000006842,Chorthippus brunneus,N246297,224650,229750,OSI,100,,Clara Bog,"Eugenie Regan, Brian Nelson, Peter Sutton",,FALSE,FALSE,,Offaly,Offaly (King's County),,,,,,,,,,,
2.41065E+16,,,26/07/2012,26/07/2012,D,26/07/2012,NBNSYS0000006839,Myrmeleotettix maculatus,N251303,225150,230350,OSI,100,,Clara Bog,"Eugenie Regan, Brian Nelson, Peter Sutton",,FALSE,FALSE,,Offaly,Offaly (King's County),,,,,,,,,,,
2.41065E+16,,,25/07/2012,25/07/2012,D,25/07/2012,NBNSYS0000006839,Myrmeleotettix maculatus,N249304,224950,230450,OSI,100,,Clara Bog,"Eugenie Regan, Stephen McCormack, Brian Nelson, Peter Sutton",,FALSE,FALSE,,Offaly,Offaly (King's County),,,,,,,,,,,
2.41065E+16,,,25/07/2012,25/07/2012,D,25/07/2012,NBNSYS0000006838,Omocestus viridulus,N249304,224950,230450,OSI,100,,Clara Bog,"Eugenie Regan, Stephen McCormack, Brian Nelson, Peter Sutton",,FALSE,FALSE,,Offaly,Offaly (King's County),,,,,,,,,,,
2.41065E+16,,,25/07/2012,25/07/2012,D,25/07/2012,NBNSYS0000006833,Tetrix undulata,N249304,224950,230450,OSI,100,,Clara Bog,"Eugenie Regan, Stephen McCormack, Brian Nelson, Peter Sutton",,FALSE,FALSE,,Offaly,Offaly (King's County),,,,,,,,,,,
2.40966E+16,,,01/09/1983,01/09/1983,D,01/09/1983,NBNSYS0000006839,Myrmeleotettix maculatus,N2530,225500,230500,OSI,1000,,Clara Bog,"Good, J.A.",,FALSE,FALSE,,,218,,"Good, J.A.",,,,,,"Harding, P.T.",,,
2.40966E+16,,,26/07/2012,26/07/2012,D,26/07/2012,NBNSYS0000006838,Omocestus viridulus,N247305,224750,230550,OSI,100,,Clara Bog,Roy Anderson,,FALSE,FALSE,,,,"Mire: lowland raised bog, mosaic",,frequent,On drier areas near the road.,,,,,,,
2.40966E+16,,,26/07/2012,26/07/2012,D,26/07/2012,NBNSYS0000006834,Stethophyma grossum,N247305,224750,230550,OSI,100,,Clara Bog,Roy Anderson,,FALSE,FALSE,,,,"Mire: lowland raised bog, mosaic",,1,In wet area of the bog.,,,,,,,
2.40966E+16,,,24/08/1983,24/08/1983,D,24/08/1983,NBNSYS0000006839,Myrmeleotettix maculatus,N0330,203500,230500,OSI,1000,,Mongan Bog,"Good, J.A.",,FALSE,FALSE,,,218,,"Good, J.A.",,,,,,"Harding, P.T.",,,
2.40966E+16,,,01/01/1983,31/12/1983,DD,01/01/1983 - 31/12/1983,NBNSYS0000006834,Stethophyma grossum,N0330,203500,230500,OSI,1000,,"Mongan Bog, Co. Offaly.","Speight, M.C.D.",,FALSE,FALSE,,,218,,,,Grasshoppers and crickets of Ireland,,,,National Biodiversity Data Centre Ireland,,,
2.40966E+16,,,25/09/1983,25/09/1983,D,25/09/1983,NBNSYS0000006834,Stethophyma grossum,N0330,203500,230500,OSI,1000,,Mongan Bog,"Good, J.A.",,FALSE,FALSE,,,218,,"Good, J.A.",,,,,,"Harding, P.T.",,,
2.40966E+16,,,01/01/1986,31/12/1986,DD,01/01/1986 - 31/12/1986,NBNSYS0000006834,Stethophyma grossum,N0330,203500,230500,OSI,1000,,Mongan Bog,"Good, J.A.",,FALSE,FALSE,,,218,,,,,,,,"Speight, M.C.D.",,,
2.40966E+16,,,25/09/1983,25/09/1983,D,25/09/1983,NBNSYS0000006834,Stethophyma grossum,N041308,204150,230850,OSI,100,,Mongan Bog,"Good, J.A.",,FALSE,FALSE,,,218,,"Good, J.A.",,,,,,"Harding, P.T.",,,
2.40966E+16,,,09/06/1991,09/06/1991,D,09/06/1991,NBNSYS0000006833,Tetrix undulata,M2331,123500,231500,OSI,1000,,Ballycuirke Lough,"Arnold, H.; Eversham, B.; Green, S.G.",,FALSE,FALSE,,,216,,,,,,,,Biological Records Centre,,,
2.40966E+16,,,09/06/1991,09/06/1991,D,09/06/1991,NBNSYS0000006838,Omocestus viridulus,M2331,123500,231500,OSI,1000,,Ballycuirke Lough,"Arnold, H.; Eversham, B.; Green, S.G.",,FALSE,FALSE,,,216,,,,,,,,Biological Records Centre,,,
2.41065E+16,,,31/05/2006,31/05/2006,D,31/05/2006,NHMSYS0001387317,Forficula auricularia,N251314,225150,231450,OSI,100,,Clara bog esker,Eugenie Regan,,FALSE,FALSE,,Offaly,Offaly (King's County),,,,,,,,,,,
2.40966E+16,,,17/08/2009,17/08/2009,D,17/08/2009,NBNSYS0000006842,Chorthippus brunneus,O2033,320000,233000,OSI,1000,,Irishtown Nature Park,Tom Gittings,,FALSE,FALSE,,Dublin,,,Tom Gittings,,,,,,,,Visual/hand-net/auditory,
2.41065E+16,,,12/08/2012,12/08/2012,D,12/08/2012,NBNSYS0000006834,Stethophyma grossum,L788330,78850,233050,OSI,100,,Carna,Dermot Breen,,FALSE,FALSE,,Galway,West Galway,Lowland blanket bog,,Nov-50,,,,,,,,
2.41065E+16,,,12/08/2012,12/08/2012,D,12/08/2012,NBNSYS0000006842,Chorthippus brunneus,L788330,78850,233050,OSI,100,,Carna,Dermot Breen,,FALSE,FALSE,,Galway,West Galway,Lowland blanket bog,,Nov-50,,,,,,,,
2.41065E+16,,,12/08/2012,12/08/2012,D,12/08/2012,NBNSYS0000006838,Omocestus viridulus,L788330,78850,233050,OSI,100,,Carna,Dermot Breen,,FALSE,FALSE,,Galway,West Galway,Lowland blanket bog,,Nov-50,,,,,,,,
2.41065E+16,,,12/08/2012,12/08/2012,D,12/08/2012,NBNSYS0000006839,Myrmeleotettix maculatus,L788330,78850,233050,OSI,100,,Carna,Dermot Breen,,FALSE,FALSE,,Galway,West Galway,Lowland blanket bog,,>50,,,,,,,,
2.41065E+16,,,14/12/2012,14/12/2012,D,14/12/2012,NHMSYS0001387418,Meconema thalassinum,O146329,314650,232950,OSI,100,,Dublin City,Kieran Doyle O'Brien,,FALSE,FALSE,,Dublin,Dublin,Buildings and artificial surfaces,,<10,First seen at this location in October 2008 and each late summer/autumn since.  Most recent sighting today of male on window pane while female first noticed yesterday (14/12/12) on different window remains in same position.  Surprised to see them so late in the year.,,,,,,,
2.40966E+16,,,01/06/2014,01/06/2014,D,01/06/2014,NHMSYS0001387418,Meconema thalassinum,O144329,314450,232950,OSI,100,,"Rutledge Terrace, Dublin 8",Kieran Doyle O'Brien,,FALSE,FALSE,Images\24096605481210720.jpg,Dublin,Dublin,Cultivated land,,<10,This cricket has been seen at this location each year since 2008. This is the first nymph noticed this season. Length excluding antennae about 5 mm.,,,,,,,
2.40966E+16,,,07/08/2013,07/08/2013,D,07/08/2013,NBNSYS0000006832,Tetrix subulata,N6332,263000,232000,OSI,1000,,"Grand Canal from Woodfield to study area boundary,field south of Woodfield and lane at bend in canal, Edenderry",Tom Gittings,,FALSE,FALSE,,Offaly,,,Tom Gittings,,,,,Offaly Community Forum,,,Visual/hand-net/auditory,
2.40966E+16,,,07/08/2013,07/08/2013,D,07/08/2013,NBNSYS0000006842,Chorthippus brunneus,N6232,262000,232000,OSI,1000,,"lane from eastern end of Edenderry Shopping Centre to southern end of Carrickhall Lane, Edenderry",Tom Gittings,,FALSE,FALSE,,Offaly,,,Tom Gittings,,,,,Offaly Community Forum,,,Visual/hand-net/auditory,
2.40966E+16,,,07/08/2013,07/08/2013,D,07/08/2013,NBNSYS0000006838,Omocestus viridulus,N6232,262000,232000,OSI,1000,,"lane from eastern end of Edenderry Shopping Centre to southern end of Carrickhall Lane, Edenderry",Tom Gittings,,FALSE,FALSE,,Offaly,,,Tom Gittings,,,,,Offaly Community Forum,,,Visual/hand-net/auditory,
2.40966E+16,,,23/07/2013,23/07/2013,D,23/07/2013,NBNSYS0000006834,Stethophyma grossum,M124324,112450,232450,OSI,100,,Boliska Oughter,Chris Peppiatt,,FALSE,FALSE,,Galway,West Galway,Lowland blanket bog,,Nov-50,18 seen in a small area. This species seems to be widespread in Connemara.,,,,,,,
2.40966E+16,,,29/10/2012,29/10/2012,D,29/10/2012,NHMSYS0001387418,Meconema thalassinum,O146330,314650,233050,OSI,100,,"17 Rutledge Terrace, Dublin 8",Kieran Doyle O'Brien,,FALSE,FALSE,Images\24096605481211553.jpg,Dublin,Dublin,Built land,,,Seen on windows and indoors at night on various dates during September/October since 2008. Date above is that of last sighting of a male.,,,,,,,
2.41065E+16,,,28/10/2012,28/10/2012,D,28/10/2012,NHMSYS0001387418,Meconema thalassinum,O146330,314650,233050,OSI,100,,"17 Rutledge Terrace, Dublin 8",Kieran Doyle O'Brien,,FALSE,FALSE,Images\24106532627023535.jpg,Dublin,Dublin,Built land,,,Meconema meridionale (southern oak bush-cricket)  Seen on windows and indoors at night on various dates during September/October since 2008. Date above is that of last sighting of a male.,,,,,,,
2.40966E+16,,,01/09/1979,30/09/1979,DD,01/09/1979 - 30/09/1979,NBNSYS0000006842,Chorthippus brunneus,O1933,319500,233500,OSI,1000,,Sandymount Strand,"Cotton, D.C.F.",,FALSE,FALSE,,,221,,"Cotton, D.C.F.",,,,,,Biological Records Centre,,,
2.41065E+16,,,08/09/2012,08/09/2012,D,08/09/2012,NHMSYS0001387317,Forficula auricularia,O044332,304450,233250,OSI,100,,lucan co dubin,brid brosnan,,FALSE,FALSE,,Dublin,Dublin,Buildings and artificial surfaces,,1,we have lots of earwigs in our garden,,,,,,,
2.41065E+16,,,25/08/2012,25/08/2012,D,25/08/2012,NHMSYS0001387317,Forficula auricularia,O044332,304450,233250,OSI,100,,lucan co dubin,brid brosnan,,FALSE,FALSE,,Dublin,Dublin,Ornamental/non-native shrub,,1,Found one when cutting back the hedge around our front garden (mostly hawthorn),,,,,,,
2.40966E+16,,,05/08/2014,05/08/2014,D,05/08/2014,NBNSYS0000006833,Tetrix undulata,N749329,274950,232950,OSI,100,,"Timahoe Bog, Timahoe West Townland",Brian Nelson,,FALSE,FALSE,,,Kildare,,Brian Nelson,,,,,,,,,
2.40966E+16,,,05/08/2014,05/08/2014,D,05/08/2014,NBNSYS0000006832,Tetrix subulata,N749329,274950,232950,OSI,100,,"Timahoe Bog, Timahoe West Townland",Brian Nelson,,FALSE,FALSE,,,Kildare,,Brian Nelson,,,,,,,,,
9.94202E+16,,,05/08/2014,05/08/2014,D,05/08/2014,NBNSYS0000006833,Tetrix undulata,N749329,274950,232950,OSI,100,,"Timahoe Bog, Timahoe West Townland",Brian Nelson,,FALSE,FALSE,,Kildare,Kildare,,Brian Nelson,,,,,Orthoptera Atlas,,,,
9.94202E+16,,,05/08/2014,05/08/2014,D,05/08/2014,NBNSYS0000006832,Tetrix subulata,N749329,274950,232950,OSI,100,,"Timahoe Bog, Timahoe West Townland",Brian Nelson,,FALSE,FALSE,,Kildare,Kildare,,Brian Nelson,,,,,Orthoptera Atlas,,,,
2.41065E+16,,,24/08/2012,24/08/2012,D,24/08/2012,NHMSYS0001387317,Forficula auricularia,O125337,312550,233750,OSI,100,,"Kilmainham, Dublin 8",Katey  Buchanan,,FALSE,FALSE,,Dublin,Dublin,,,Nov-50,,,,,,,,
9.94202E+16,,,29/07/2019,29/07/2019,D,29/07/2019,NBNSYS0000006833,Tetrix undulata,N749330,274950,233050,OSI,100,,"Timahoe Bog, Timahoe West Townland",Brian Nelson,,FALSE,FALSE,,Kildare,Kildare,,Brian Nelson,,,,adult,Orthoptera Atlas,,,,
9.94202E+16,,,29/07/2019,29/07/2019,D,29/07/2019,NBNSYS0000006838,Omocestus viridulus,N749330,274950,233050,OSI,100,,"Timahoe Bog, Timahoe West Townland",Brian Nelson,,FALSE,FALSE,,Kildare,Kildare,,Brian Nelson,,,,adult,Orthoptera Atlas,,,,
9.94202E+16,,,29/07/2019,29/07/2019,D,29/07/2019,NBNSYS0000006842,Chorthippus brunneus,N749330,274950,233050,OSI,100,,"Timahoe Bog, Timahoe West Townland",Brian Nelson,,FALSE,FALSE,,Kildare,Kildare,,Brian Nelson,,,,adult,Orthoptera Atlas,,,,
9.94202E+16,,,29/07/2019,29/07/2019,D,29/07/2019,NHMSYS0001387317,Forficula auricularia,N749330,274950,233050,OSI,100,,"Timahoe Bog, Timahoe West Townland",Brian Nelson,,FALSE,FALSE,,Kildare,Kildare,,Brian Nelson,,,,"adult, nymph",,,,,
2.40966E+16,,,10/05/2004,24/05/2004,DD,10/05/2004 - 24/05/2004,NBNSYS0000006832,Tetrix subulata,N31543275,231546,232758,OSI,10,,Ballybought,Tom Gittings,,FALSE,FALSE,,Offaly,,,Tom Gittings,1 Females,,,,BIOFOREST,,,Malaise trap,
2.40966E+16,,,01/01/1960,31/12/1999,DD,01/01/1960 - 31/12/1999,NBNSYS0000006842,Chorthippus brunneus,L63,65000,235000,OSI,10000,,Errisbeg,"Lansbury, I.",,FALSE,FALSE,,,216,,"Marshall, J.A.",,,,,,Biological Records Centre,,,
2.40966E+16,,,01/01/1693,31/12/1973,DD,01/01/1693 - 31/12/1973,NBNSYS0000006842,Chorthippus brunneus,L63,65000,235000,OSI,10000,,Errisbeg,,,FALSE,FALSE,,,216,,,,,,,,Biological Records Centre,,,
2.40966E+16,,,01/01/1960,31/12/1999,DD,01/01/1960 - 31/12/1999,NBNSYS0000006839,Myrmeleotettix maculatus,L63,65000,235000,OSI,10000,,Errisbeg,"Lansbury, I.",,FALSE,FALSE,,,216,,"Lansbury, I.",,,,,,Biological Records Centre,,,
2.40966E+16,,,01/01/1960,31/12/1999,DD,01/01/1960 - 31/12/1999,NBNSYS0000006838,Omocestus viridulus,L63,65000,235000,OSI,10000,,Errisbeg,"Lansbury, I.",,FALSE,FALSE,,,216,,"Lansbury, I.",,,,,,Biological Records Centre,,,
2.40966E+16,,,05/08/2014,05/08/2014,D,05/08/2014,NBNSYS0000006838,Omocestus viridulus,N746338,274650,233850,OSI,100,,"Timahoe Bog, Drehid Townland",Brian Nelson,,FALSE,FALSE,,,Kildare,,Brian Nelson,,,,,,,,,
2.40966E+16,,,05/08/2014,05/08/2014,D,05/08/2014,NBNSYS0000006839,Myrmeleotettix maculatus,N746338,274650,233850,OSI,100,,"Timahoe Bog, Drehid Townland",Brian Nelson,,FALSE,FALSE,,,Kildare,,Brian Nelson,,,,,,,,,
9.94202E+16,,,05/08/2014,05/08/2014,D,05/08/2014,NBNSYS0000006838,Omocestus viridulus,N746338,274650,233850,OSI,100,,"Timahoe Bog, Drehid Townland",Brian Nelson,,FALSE,FALSE,,Kildare,Kildare,,Brian Nelson,,,,,Orthoptera Atlas,,,,
9.94202E+16,,,05/08/2014,05/08/2014,D,05/08/2014,NBNSYS0000006839,Myrmeleotettix maculatus,N746338,274650,233850,OSI,100,,"Timahoe Bog, Drehid Townland",Brian Nelson,,FALSE,FALSE,,Kildare,Kildare,,Brian Nelson,,,,,Orthoptera Atlas,,,,
2.40966E+16,,,01/01/1920,31/12/1920,Y,1920,NBNSYS0000006838,Omocestus viridulus,O23,325000,235000,OSI,10000,,Howth,,,FALSE,FALSE,,,221,,,,,,,,Biological Records Centre,,,
2.40966E+16,,,01/06/1989,30/06/1989,DD,01/06/1989 - 30/06/1989,NBNSYS0000006838,Omocestus viridulus,O23,325000,235000,OSI,10000,,Ben of Howth,"Paul, J.",,FALSE,FALSE,,,221,,"Paul, J.",,,,,,"Paul, J.",,,
2.40966E+16,,,01/09/1972,30/09/1972,DD,01/09/1972 - 30/09/1972,NBNSYS0000006842,Chorthippus brunneus,O23,325000,235000,OSI,10000,,Howth,"Harding, P.T.",,FALSE,FALSE,,,221,"Coastal,cliff,grassy","Skelton, M.J.L.",,,,,,Biological Records Centre,,,
2.40966E+16,,,01/06/1989,30/06/1989,DD,01/06/1989 - 30/06/1989,NBNSYS0000006842,Chorthippus brunneus,O23,325000,235000,OSI,10000,,Ben of Howth,"Paul, J.",,FALSE,FALSE,,,221,,"Paul, J.",,,,,,"Paul, J.",,,
2.40966E+16,,,01/06/1989,30/06/1989,DD,01/06/1989 - 30/06/1989,NBNSYS0000006839,Myrmeleotettix maculatus,O23,325000,235000,OSI,10000,,Ben of Howth,"Paul, J.",,FALSE,FALSE,,,221,,"Paul, J.",,,,,,"Paul, J.",,,
2.40966E+16,,,01/01/1920,31/12/1920,Y,1920,NBNSYS0000006825,Leptophyes punctatissima,O23,325000,235000,OSI,10000,,Howth,,,FALSE,FALSE,,,221,,,,,,,,Biological Records Centre,,,
2.40966E+16,,,31/08/1894,31/08/1894,D,31/08/1894,NBNSYS0000006825,Leptophyes punctatissima,O23,325000,235000,OSI,10000,,Howth,,,FALSE,FALSE,,,221,,"O'Connor, J.P.",,,,,,"Harding, P.T.",,,
2.40966E+16,,,26/04/1924,26/04/1924,D,26/04/1924,NHMSYS0001387382,Labia minor,O23,325000,235000,OSI,10000,,"Dublin,St Anne's","Stelfox, A.W.",,FALSE,FALSE,,,221,,"Stelfox, A.W.",,,,,,"Harding, P.T.",,,
2.40966E+16,,,01/09/1924,30/09/1924,DD,01/09/1924 - 30/09/1924,NHMSYS0001387382,Labia minor,O13,315000,235000,OSI,10000,,Glasnevin,"Halbert, J.N.",,FALSE,FALSE,,,221,,"O'Connor, J.P.",,,,,,"Harding, P.T.",,,
2.40966E+16,,,01/08/1897,31/08/1897,DD,01/08/1897 - 31/08/1897,NHMSYS0001387382,Labia minor,O13,315000,235000,OSI,10000,,Santry,,,FALSE,FALSE,,,221,,"O'Connor, J.P.",,,,,,"Harding, P.T.",,,
2.40966E+16,,,01/08/1950,31/08/1950,DD,01/08/1950 - 31/08/1950,NHMSYS0001387415,Marava arachidis,O13,315000,235000,OSI,10000,,Dublin,"O'Mahony, E.",,FALSE,FALSE,,,221,,"O'Mahony, E.",,,,,,Biological Records Centre,,,UNKNOWN
2.40966E+16,,,01/10/1951,01/10/1951,D,01/10/1951,NBNSYS0000006825,Leptophyes punctatissima,O13,315000,235000,OSI,10000,,Dublin,"Harding, P.T.",,FALSE,FALSE,,,221,,,,Grasshoppers and crickets of Ireland,,,,National Biodiversity Data Centre Ireland,,,
2.40966E+16,,,21/02/1924,21/02/1924,D,21/02/1924,NHMSYS0001387317,Forficula auricularia,O13,315000,235000,OSI,10000,,Clontarf,"O'Mahony, J.",,FALSE,FALSE,,,221,,"O'Connor, J.P.",,,,,,"Harding, P.T.",,,
2.40966E+16,,,23/07/2013,23/07/2013,D,23/07/2013,NBNSYS0000006838,Omocestus viridulus,M113345,111350,234550,OSI,100,,Letter/Uggool,Chris Peppiatt,,FALSE,FALSE,,Galway,West Galway,Semi-natural grassland,,<10,2,,,,,,,
2.40966E+16,,,01/01/1920,31/12/1920,Y,1920,NBNSYS0000006838,Omocestus viridulus,O03,305000,235000,OSI,10000,,Chapelizod,,,FALSE,FALSE,,,221,,,,,,,,Biological Records Centre,,,
2.40966E+16,,,01/04/1975,30/04/1975,DD,01/04/1975 - 30/04/1975,NBNSYS0000006832,Tetrix subulata,O03,305000,235000,OSI,10000,,"Clondalkin,Grand Canal","Williams, M.d.C.",,FALSE,FALSE,,,221,,"Williams, M.d.C.",,,,,,Biological Records Centre,,,
2.40966E+16,,,01/05/1974,31/05/1974,DD,01/05/1974 - 31/05/1974,NBNSYS0000006833,Tetrix undulata,L7735,77500,235500,OSI,1000,,,"Speight, M.C.D.",,FALSE,FALSE,,,216,,"Speight, M.C.D.",,,,,,Biological Records Centre,,,
2.40966E+16,,,23/05/1974,23/05/1974,D,23/05/1974,NBNSYS0000006833,Tetrix undulata,L7735,77500,235500,OSI,1000,,"Lough Bola, Glinsk, Co. Galway.","Speight, M.C.D.",,FALSE,FALSE,,,216,,,,Grasshoppers and crickets of Ireland,,,,National Biodiversity Data Centre Ireland,,,
2.41065E+16,,,27/08/2012,27/08/2012,D,27/08/2012,NBNSYS0000006834,Stethophyma grossum,N118340,211850,234050,OSI,100,,"Ballynahowanwood, Ballinahown",Andrea Webb,,FALSE,FALSE,,Westmeath,Westmeath,Raised bog,,1,,,,,,,,
2.40966E+16,,,01/02/1975,28/02/1975,DD,01/02/1975 - 28/02/1975,NHMSYS0001387466,Tachycines asynamorus,O1235,312500,235500,OSI,1000,,Dublin Zoo,"Speight, M.C.D.",,FALSE,FALSE,,,221,"Buildings,farm","Speight, M.C.D.",,,,,,Biological Records Centre,,,UNKNOWN
2.40966E+16,,,01/01/1999,31/12/1999,Y,1999,NBNSYS0000006832,Tetrix subulata,M13,115000,235000,OSI,10000,,Ross,,,FALSE,FALSE,,,216,,"O'Connor, J.P.",,,,,,"Harding, P.T.",,,
2.40966E+16,,,21/05/2011,21/05/2011,D,21/05/2011,NHMSYS0001387317,Forficula auricularia,O087356,308750,235650,OSI,100,,Waterstown Park,Roy Anderson,,FALSE,FALSE,,,,"Cultivated farmland, mainly grass and hedge boundaries.",,several,Under large stone in hedgerow.,,,,,,,
2.40966E+16,,,21/05/2011,21/05/2011,D,21/05/2011,NBNSYS0000006838,Omocestus viridulus,O083356,308350,235650,OSI,100,,Waterstown Park,Roy Anderson,,FALSE,FALSE,,,,"Grassland: calcareous, lowland",,1,Ungrazed sward.,,,,,,,
2.40966E+16,,,24/06/1989,24/06/1989,D,24/06/1989,NBNSYS0000006834,Stethophyma grossum,N2634,226500,234500,OSI,1000,,,"Paul, J.",,FALSE,FALSE,,,218,,,,,,,,Biological Records Centre,,,
9.47987E+16,,,23/06/1989,23/06/1989,D,23/06/1989,NBNSYS0000006834,Stethophyma grossum,N2534,225500,234500,OSI,1000,,Woodfield Bog,John Paul,,FALSE,FALSE,,,Offaly,,John Paul,4,including one reared to adult,Voucher specimen,Larval,John Paul 2005. Unpublished field notes,Submitted directly to the Data Centre,,,
2.40966E+16,,,27/09/1984,27/09/1984,D,27/09/1984,NHMSYS0001387317,Forficula auricularia,N63,265000,235000,OSI,10000,,Edenderry,"Cawley, M.",,FALSE,FALSE,,,218,Unclassifiable habitat data given,"Cawley, M.",,,,,,"Cawley, M.",,,
2.40966E+16,,,01/09/1979,30/09/1979,DD,01/09/1979 - 30/09/1979,NBNSYS0000006825,Leptophyes punctatissima,O2836,328500,236500,OSI,1000,,"Howth,Broad Strand Cliffs","Harding, P.T.",,FALSE,FALSE,,,221,"Coastal,cliff,scrub","Anderson, R.",,,,,,Biological Records Centre,,,
2.40966E+16,,,01/09/1979,30/09/1979,DD,01/09/1979 - 30/09/1979,NBNSYS0000006825,Leptophyes punctatissima,O2836,328500,236500,OSI,1000,,"Howth,Broad Strand","Harding, P.T.",,FALSE,FALSE,,,221,"Coastal,cliff","Harding, P.T.",,,,,,Biological Records Centre,,,
2.40966E+16,,,10/09/1979,10/09/1979,D,10/09/1979,NBNSYS0000006825,Leptophyes punctatissima,O2836,328500,236500,OSI,1000,,"Howth, Co. Dublin.","Doogue, D.; Harding, P.T.",,FALSE,FALSE,,,221,,,,Grasshoppers and crickets of Ireland,,,,National Biodiversity Data Centre Ireland,,,
2.40966E+16,,,01/10/1976,31/10/1976,DD,01/10/1976 - 31/10/1976,NBNSYS0000006825,Leptophyes punctatissima,O2836,328500,236500,OSI,1000,,Howth,"Harding, P.T.",,FALSE,FALSE,,,221,"Buildings,domestic,inside","Cotton, D.C.F.",,,,,,Biological Records Centre,,,
2.40966E+16,,,13/10/1976,13/10/1976,D,13/10/1976,NBNSYS0000006825,Leptophyes punctatissima,O2836,328500,236500,OSI,1000,,"Howth, Co. Dublin.","Doogue, D.; Harding, P.T.; Higgins, D.",,FALSE,FALSE,,,221,,,,Grasshoppers and crickets of Ireland,,,,National Biodiversity Data Centre Ireland,,,
2.40966E+16,,,15/09/1979,15/09/1979,D,15/09/1979,NBNSYS0000006825,Leptophyes punctatissima,O2836,328500,236500,OSI,1000,,"Howth, Co. Dublin.","Anderson, R.; Doogue, D.; Harding, P.T.",,FALSE,FALSE,,,221,,,,Grasshoppers and crickets of Ireland,,,,National Biodiversity Data Centre Ireland,,,
2.40966E+16,,,22/05/1988,22/05/1988,D,22/05/1988,NBNSYS0000006833,Tetrix undulata,M2035,120500,235500,OSI,1000,,Rosslake,"Alexander, K.N.A.",,FALSE,FALSE,,,217,,"Alexander, K.N.A.",,,,,,"Alexander, K.N.A.",,,
2.41065E+16,,,27/08/2012,27/08/2012,D,27/08/2012,NBNSYS0000006842,Chorthippus brunneus,N068348,206850,234850,OSI,100,,"Ballynahowanwood, Ballinahown",Andrea Webb,,FALSE,FALSE,,Westmeath,Westmeath,Cutover bog,,<10,After bog railway crossing from main N62 road. On the margins of commercially cut bog,,,,,,,
2.40966E+16,,,01/06/1989,30/06/1989,DD,01/06/1989 - 30/06/1989,NBNSYS0000006839,Myrmeleotettix maculatus,N23,225000,235000,OSI,10000,,Woodfield Bog nr Clara,"Paul, J.",,FALSE,FALSE,,,218,"Grassland,non-calcareous or unspecified,wet meadow","Paul, J.",,,,,,"Paul, J.",,,NATIVE
2.40966E+16,,,01/01/1989,31/12/1989,DD,01/01/1989 - 31/12/1989,NBNSYS0000006833,Tetrix undulata,N23,225000,235000,OSI,10000,,"Woodfield,nr Clara","Paul, J.",,FALSE,FALSE,,,218,,"Paul, J.",,,,,,"Haes, E.C.M.",,,
2.40966E+16,,,01/06/1989,30/06/1989,DD,01/06/1989 - 30/06/1989,NBNSYS0000006833,Tetrix undulata,N23,225000,235000,OSI,10000,,Woodfield Bog nr Clara,"Paul, J.",,FALSE,FALSE,,,218,"Grassland,non-calcareous or unspecified,wet meadow","Paul, J.",,,,,,"Paul, J.",,,NATIVE
2.40966E+16,,,01/06/1989,30/06/1989,DD,01/06/1989 - 30/06/1989,NBNSYS0000006834,Stethophyma grossum,N23,225000,235000,OSI,10000,,Woodfield Bog nr Clara,"Paul, J.",,FALSE,FALSE,,,218,"Grassland,non-calcareous or unspecified,wet meadow","Paul, J.",,,,,,"Paul, J.",,,NATIVE
2.40966E+16,,,01/06/1989,30/06/1989,DD,01/06/1989 - 30/06/1989,NBNSYS0000006838,Omocestus viridulus,N23,225000,235000,OSI,10000,,Woodfield Bog nr Clara,"Paul, J.",,FALSE,FALSE,,,218,"Grassland,non-calcareous or unspecified,wet meadow","Paul, J.",,,,,,"Paul, J.",,,NATIVE
2.41065E+16,,,29/08/2012,29/08/2012,D,29/08/2012,NHMSYS0001387317,Forficula auricularia,O188365,318850,236550,OSI,100,,"Clontarf, Dublin 3",Zandra Ball,,FALSE,FALSE,,Dublin,Dublin,Flower beds and borders,,1,The earwig was in the brown bin in the back garden.  The bin contained miscellaneous garden rubbish.,,,,,,,
2.40966E+16,,,22/07/2013,22/07/2013,D,22/07/2013,NBNSYS0000006834,Stethophyma grossum,M146360,114650,236050,OSI,100,,Doon,Chris Peppiatt,,FALSE,FALSE,,Galway,West Galway,Lowland blanket bog,,1,,,,,,,,
2.40966E+16,,,09/07/2014,09/07/2014,D,09/07/2014,NBNSYS0000006838,Omocestus viridulus,O240370,324050,237050,OSI,100,,North Bull Island,Nigel Willits,,FALSE,FALSE,,Dublin,Dublin,Dune slacks,,Nov-50,,,,,,,,
2.40966E+16,,,01/08/1979,31/08/1979,DD,01/08/1979 - 31/08/1979,NBNSYS0000006838,Omocestus viridulus,N9936,299500,236500,OSI,1000,,Leixlip,"Cotton, D.C.F.",,FALSE,FALSE,,,219,,"Cotton, D.C.F.",,,,,,Biological Records Centre,,,
2.40966E+16,,,26/07/2012,26/07/2012,D,26/07/2012,NBNSYS0000006838,Omocestus viridulus,N266356,226650,235650,OSI,100,,Woodfield Bog,Roy Anderson,,FALSE,FALSE,,,,Mire: Cut over Bog,,several,In cutover area.,,,,,,,
2.40966E+16,,,26/07/2012,26/07/2012,D,26/07/2012,NBNSYS0000006834,Stethophyma grossum,N266356,226650,235650,OSI,100,,Woodfield Bog,Roy Anderson,,FALSE,FALSE,,,,Mire: Cut over Bog,,several,In cutover area.,,,,,,,
2.41065E+16,,,25/07/2012,25/07/2012,D,25/07/2012,NBNSYS0000006832,Tetrix subulata,N256356,225650,235650,OSI,100,,Woodfield Bog,"Eugenie Regan, Stephen McCormack, Brian Nelson",,FALSE,FALSE,,Offaly,Offaly (King's County),,,,,,,,,,,
2.41065E+16,,,25/07/2012,25/07/2012,D,25/07/2012,NBNSYS0000006838,Omocestus viridulus,N256356,225650,235650,OSI,100,,Woodfield Bog,"Eugenie Regan, Stephen McCormack, Brian Nelson",,FALSE,FALSE,,Offaly,Offaly (King's County),,,,,,,,,,,
2.41065E+16,,,25/07/2012,25/07/2012,D,25/07/2012,NBNSYS0000006842,Chorthippus brunneus,N256356,225650,235650,OSI,100,,Woodfield Bog,"Eugenie Regan, Stephen McCormack, Brian Nelson",,FALSE,FALSE,,Offaly,Offaly (King's County),,,,,,,,,,,
2.41065E+16,,,25/07/2012,25/07/2012,D,25/07/2012,NBNSYS0000006834,Stethophyma grossum,N256356,225650,235650,OSI,100,,Woodfield Bog,"Eugenie Regan, Stephen McCormack, Brian Nelson",,FALSE,FALSE,,Offaly,Offaly (King's County),,,,,,,,,,,
2.41065E+16,,,25/07/2012,25/07/2012,D,25/07/2012,NBNSYS0000006839,Myrmeleotettix maculatus,N256356,225650,235650,OSI,100,,Woodfield Bog,"Eugenie Regan, Stephen McCormack, Brian Nelson",,FALSE,FALSE,,Offaly,Offaly (King's County),,,,,,,,,,,
2.41065E+16,,,25/07/2012,25/07/2012,D,25/07/2012,NBNSYS0000006833,Tetrix undulata,N256356,225650,235650,OSI,100,,Woodfield Bog,"Eugenie Regan, Stephen McCormack, Brian Nelson",,FALSE,FALSE,,Offaly,Offaly (King's County),,,,,,,,,,,
2.41065E+16,,,25/07/2012,25/07/2012,D,25/07/2012,NBNSYS0000006832,Tetrix subulata,N256356,225650,235650,OSI,100,,Woodfield Bog,"Eugenie Regan, Brian Nelson, Peter Sutton",,FALSE,FALSE,,Offaly,Offaly (King's County),,,,,,,,,,,
9.47987E+16,,,24/06/1989,24/06/1989,D,24/06/1989,NBNSYS0000006842,Chorthippus brunneus,O2837,328500,237500,OSI,1000,,Howth,John Paul,,FALSE,FALSE,,,Dublin,,John Paul,1,,Voucher specimen,Adult,John Paul 2005. Unpublished field notes,Submitted directly to the Data Centre,,,
2.40966E+16,,,26/07/2012,26/07/2012,D,26/07/2012,NBNSYS0000006838,Omocestus viridulus,N265358,226550,235850,OSI,100,,Woodfield Bog,Roy Anderson,,FALSE,FALSE,,,,"Mire: lowland raised bog, mosaic",,several,"In moderately wet, lichen/bryophyte bog.",,,,,,,
2.40966E+16,,,01/07/1979,31/07/1979,DD,01/07/1979 - 31/07/1979,NBNSYS0000006842,Chorthippus brunneus,O2337,323500,237500,OSI,1000,,Bull Island,"Cotton, D.C.F.",,FALSE,FALSE,,,221,,"Cotton, D.C.F.",,,,,,Biological Records Centre,,,
2.40966E+16,,,16/08/2013,16/08/2013,D,16/08/2013,NBNSYS0000006838,Omocestus viridulus,N2236,222000,236000,OSI,1000,,"bank on Clara Road & in park, Tubber",Tom Gittings,,FALSE,FALSE,,Offaly,,,Tom Gittings,,,,,Offaly Community Forum,,,Visual/hand-net/auditory,
2.40966E+16,,,22/07/2013,22/07/2013,D,22/07/2013,NBNSYS0000006834,Stethophyma grossum,M145367,114550,236750,OSI,100,,Gortacarnaun,Chris Peppiatt,,FALSE,FALSE,,Galway,West Galway,Lowland blanket bog,,1|<10,,,,,,,,
2.41065E+16,,,07/08/2012,07/08/2012,D,07/08/2012,NBNSYS0000006838,Omocestus viridulus,N381362,238150,236250,OSI,100,,"Newtownlow, Tyrrellspass",Andrea Webb,,FALSE,FALSE,,Westmeath,Westmeath,Cutover bog,,<10,,,,,,,,
2.41065E+16,,,07/08/2012,07/08/2012,D,07/08/2012,NBNSYS0000006842,Chorthippus brunneus,N381362,238150,236250,OSI,100,,"Newtownlow, Tyrrellspass",Andrea Webb,,FALSE,FALSE,,Westmeath,Westmeath,Dry calcareous and neutral grassland,,<10,,,,,,,,
2.40966E+16,,,01/01/1992,31/01/1992,DD,01/01/1992 - 31/01/1992,NBNSYS0000006827,Acheta domesticus,O0937,309500,237500,OSI,1000,,Castleknock,"Lindsay, C.",,FALSE,FALSE,,,221,,"O'Connor, J.P.",,,,,,"Harding, P.T.",,,INTRODUCTION
2.40966E+16,,,01/07/1977,31/07/1977,DD,01/07/1977 - 31/07/1977,NBNSYS0000006838,Omocestus viridulus,O0537,305500,237500,OSI,1000,,Royal Canal nr Clonsilla,"Cotton, D.C.F.",,FALSE,FALSE,,,221,,"Cotton, D.C.F.",,,,,,Biological Records Centre,,,
2.40966E+16,,,01/01/1985,31/12/1985,DD,01/01/1985 - 31/12/1985,NBNSYS0000006834,Stethophyma grossum,N2636,226500,236500,OSI,1000,,Woodfield Bog,"Williams, M.d.C.",,FALSE,FALSE,,,218,,,,,,,,"Speight, M.C.D.",,,
2.40966E+16,,,29/07/1984,29/07/1984,D,29/07/1984,NBNSYS0000006834,Stethophyma grossum,N2636,226500,236500,OSI,1000,,Woodfield Bog,"Williams, M.d.C.",,FALSE,FALSE,,,218,,"Williams, M.d.C.",,,,,,"Harding, P.T.",,,
2.40966E+16,,,29/07/1984,29/07/1984,D,29/07/1984,NBNSYS0000006834,Stethophyma grossum,N2636,226500,236500,OSI,1000,,Woodfield Bog,"Williams, M.d.C.",,FALSE,FALSE,,,218,,"Williams, M.d.C.",,,,,,"Harding, P.T.",,,
2.40966E+16,,,29/07/1984,29/07/1984,D,29/07/1984,NBNSYS0000006834,Stethophyma grossum,N2636,226500,236500,OSI,1000,,"Woodfield Bog, Co. Offaly.","Williams, M. de C.",,FALSE,FALSE,,,218,,,,Grasshoppers and crickets of Ireland,,,,National Biodiversity Data Centre Ireland,,,
2.41065E+16,,,23/08/2012,23/08/2012,D,23/08/2012,NHMSYS0001387317,Forficula auricularia,O070376,307050,237650,OSI,100,,"Coolmine, Castleknock. Dublin 15",Gerry Gilligan,,FALSE,FALSE,,Dublin,Dublin,Flower beds and borders,,<10,After cutting three dahlia's in garden and bringing indoor to display - over the following hour 6 earwigs emerged and wandered across the sink area where the flowers were resting,,,,,,,
2.40966E+16,,,27/07/2013,27/07/2013,D,27/07/2013,NBNSYS0000006838,Omocestus viridulus,O076377,307650,237750,OSI,100,,"Royal Canal, Carpenterstown",John Brophy,,FALSE,FALSE,,Dublin,Dublin,Dry meadows and grassy verges,,<10,Two individuals on anthill,,,,,,,
2.48947E+16,,,15/08/2016,15/08/2016,D,15/08/2016,NBNSYS0000006838,Omocestus viridulus,M170373,117050,237350,OSI,100,,Ross Demesne,Martin Gammell,,FALSE,FALSE,,Galway,West Galway,,,,,,,,,,,
2.48947E+16,,,15/08/2016,15/08/2016,D,15/08/2016,NBNSYS0000006842,Chorthippus brunneus,M170373,117050,237350,OSI,100,,Ross Demesne,Martin Gammell,,FALSE,FALSE,,Galway,West Galway,,,,,,,,,,,
2.48947E+16,,,30/09/2016,30/09/2016,D,30/09/2016,NBNSYS0000006842,Chorthippus brunneus,N932375,293250,237550,OSI,100,,Maynooth University,Gail Maher,,FALSE,FALSE,,Kildare,Kildare,,,,,,,,,,,
2.40966E+16,,,01/08/1979,31/08/1979,DD,01/08/1979 - 31/08/1979,NBNSYS0000006838,Omocestus viridulus,O2838,328500,238500,OSI,1000,,"Howth,Ben of Howth","Cotton, D.C.F.",,FALSE,FALSE,,,221,,"Cotton, D.C.F.",,,,,,Biological Records Centre,,,
2.40966E+16,,,01/08/1979,31/08/1979,DD,01/08/1979 - 31/08/1979,NBNSYS0000006839,Myrmeleotettix maculatus,O2838,328500,238500,OSI,1000,,"Howth,Ben of Howth","Cotton, D.C.F.",,FALSE,FALSE,,,221,,"Cotton, D.C.F.",,,,,,Biological Records Centre,,,
2.41065E+16,,,10/09/2012,10/09/2012,D,10/09/2012,NHMSYS0001387317,Forficula auricularia,O183382,318350,238250,OSI,100,,Elm Mount Close,Kevin Delahunty,,FALSE,FALSE,,Dublin,Dublin,Buildings and artificial surfaces,,1,Lone earwig hidden under a brick.,,,,,,,
2.40966E+16,,,06/04/1982,06/04/1982,D,06/04/1982,NBNSYS0000006832,Tetrix subulata,M1737,117500,237500,OSI,1000,,"Doonakilla, Co. Galway.","Speight, M.C.D.",,FALSE,FALSE,,,216,,,,Grasshoppers and crickets of Ireland,,,,National Biodiversity Data Centre Ireland,,,
2.40966E+16,,,01/07/1972,31/07/1972,DD,01/07/1972 - 31/07/1972,NBNSYS0000006838,Omocestus viridulus,O2538,325500,238500,OSI,1000,,,"Speight, M.C.D.",,FALSE,FALSE,,,221,,"Speight, M.C.D.",,,,,,Biological Records Centre,,,
2.40966E+16,,,27/07/1972,27/07/1972,D,27/07/1972,NBNSYS0000006838,Omocestus viridulus,O2538,325500,238500,OSI,1000,,"Bull Island, Co. Dublin.","Speight, M.C.D.",,FALSE,FALSE,,,221,,,,Grasshoppers and crickets of Ireland,,,,National Biodiversity Data Centre Ireland,,,
2.40966E+16,,,01/03/1975,31/03/1975,DD,01/03/1975 - 31/03/1975,NBNSYS0000006832,Tetrix subulata,M2237,122500,237500,OSI,1000,,,"Speight, M.C.D.",,FALSE,FALSE,,,216,,"Speight, M.C.D.",,,,,,Biological Records Centre,,,
2.40966E+16,,,28/03/1975,28/03/1975,D,28/03/1975,NBNSYS0000006832,Tetrix subulata,M2237,122500,237500,OSI,1000,,"Gortachalla, Co. Galway.","Speight, M.C.D.",,FALSE,FALSE,,,216,,,,Grasshoppers and crickets of Ireland,,,,National Biodiversity Data Centre Ireland,,,
2.40966E+16,,,28/03/1975,28/03/1975,D,28/03/1975,NBNSYS0000006833,Tetrix undulata,M2237,122500,237500,OSI,1000,,"Ower East, Co. Galway.","Speight, M.C.D.",,FALSE,FALSE,,,216,,,,Grasshoppers and crickets of Ireland,,,,National Biodiversity Data Centre Ireland,,,
2.40966E+16,,,01/03/1975,31/03/1975,DD,01/03/1975 - 31/03/1975,NBNSYS0000006833,Tetrix undulata,M2237,122500,237500,OSI,1000,,,"Speight, M.C.D.",,FALSE,FALSE,,,216,,"Speight, M.C.D.",,,,,,Biological Records Centre,,,
2.40966E+16,,,20/07/1983,20/07/1983,D,20/07/1983,NBNSYS0000006839,Myrmeleotettix maculatus,N6737,267500,237500,OSI,1000,,Carbury Bog,"Good, J.A.",,FALSE,FALSE,,,219,,"Good, J.A.",,,,,,"Harding, P.T.",,,
2.41065E+16,,,23/08/2012,23/08/2012,D,23/08/2012,NHMSYS0001387317,Forficula auricularia,O082383,308250,238350,OSI,100,,blanchardstown,Andrea Mc Donagh,,FALSE,FALSE,,Dublin,Dublin,Flower beds and borders,,Nov-50,i see plenty at night time in my natural garden but only in the day time if i diturb something like a rock or so!,,,,,,,
2.48947E+16,,,04/09/2016,04/09/2016,D,04/09/2016,NBNSYS0000006838,Omocestus viridulus,M224378,122450,237850,OSI,100,,Ower,"Martin Gammell, Caitriona Carlin",,FALSE,FALSE,,Galway,West Galway,,,,,,,,,,,
2.40966E+16,,,01/08/1979,31/08/1979,DD,01/08/1979 - 31/08/1979,NBNSYS0000006838,Omocestus viridulus,O0438,304500,238500,OSI,1000,,Royal Canal nr Clonsilla,"Cotton, D.C.F.",,FALSE,FALSE,,,221,,"Cotton, D.C.F.",,,,,,Biological Records Centre,,,
2.40966E+16,,,01/01/1908,31/12/1908,DD,01/01/1908 - 31/12/1908,NBNSYS0000006825,Leptophyes punctatissima,O2839,328500,239500,OSI,1000,,"Howth, Co. Dublin.","Harding, P.T.",,FALSE,FALSE,,,221,,,,Grasshoppers and crickets of Ireland,,,,National Biodiversity Data Centre Ireland,,,
2.40966E+16,,,01/08/1908,01/08/1908,D,01/08/1908,NBNSYS0000006825,Leptophyes punctatissima,O2839,328500,239500,OSI,1000,,"Howth, Co. Dublin.","Pack-Beresford, D.R.",,FALSE,FALSE,,,221,,,,Grasshoppers and crickets of Ireland,,,,National Biodiversity Data Centre Ireland,,,
2.40966E+16,,,01/07/1977,31/07/1977,DD,01/07/1977 - 31/07/1977,NBNSYS0000006838,Omocestus viridulus,O2639,326500,239500,OSI,1000,,Howth,"Cotton, D.C.F.",,FALSE,FALSE,,,221,,"Cotton, D.C.F.",,,,,,Biological Records Centre,,,
2.40966E+16,,,01/07/1977,31/07/1977,DD,01/07/1977 - 31/07/1977,NBNSYS0000006842,Chorthippus brunneus,O2639,326500,239500,OSI,1000,,Sutton+Howth,"Cotton, D.C.F.",,FALSE,FALSE,,,221,,"Cotton, D.C.F.",,,,,,Biological Records Centre,,,
2.41065E+16,,,12/08/2012,12/08/2012,D,12/08/2012,NBNSYS0000006838,Omocestus viridulus,L683398,68350,239850,OSI,100,,Errisbeg West,Dermot Breen,,FALSE,FALSE,,Galway,West Galway,Lowland blanket bog,,<10,,,,,,,,
2.41065E+16,,,12/08/2012,12/08/2012,D,12/08/2012,NBNSYS0000006842,Chorthippus brunneus,L683398,68350,239850,OSI,100,,Errisbeg West,Dermot Breen,,FALSE,FALSE,,Galway,West Galway,Lowland blanket bog,,Nov-50,,,,,,,,
2.41065E+16,,,12/08/2012,12/08/2012,D,12/08/2012,NBNSYS0000006839,Myrmeleotettix maculatus,L683398,68350,239850,OSI,100,,Errisbeg West,Dermot Breen,,FALSE,FALSE,,Galway,West Galway,Lowland blanket bog,,>50,,,,,,,,
2.40966E+16,,,01/06/1980,30/06/1980,DD,01/06/1980 - 30/06/1980,NHMSYS0001387317,Forficula auricularia,O1639,316500,239500,OSI,1000,,"Santry,garden","Cotton, D.C.F.",,FALSE,FALSE,,,221,,"Cotton, D.C.F.",,,,,,Biological Records Centre,,,
2.40966E+16,,,21/06/1980,21/06/1980,D,21/06/1980,NHMSYS0001387317,Forficula auricularia,O1639,316500,239500,OSI,1000,,Santry,"Cotton, D.C.F.",,FALSE,FALSE,,,221,,,,,,,,Biological Records Centre,,,
2.41065E+16,,,31/05/2006,31/05/2006,D,31/05/2006,NHMSYS0001387317,Forficula auricularia,N346382,234650,238250,OSI,100,,Split Hills esker,Eugenie Regan,,FALSE,FALSE,,Westmeath,Westmeath,,,,,,,,,,,
2.41065E+16,,,31/05/2006,31/05/2006,D,31/05/2006,NBNSYS0000006842,Chorthippus brunneus,N346382,234650,238250,OSI,100,,Split Hills esker,Eugenie Regan,,FALSE,FALSE,,Westmeath,Westmeath,,,,,,,,,,,
2.40966E+16,,,14/04/2014,14/04/2014,D,14/04/2014,NBNSYS0000006833,Tetrix undulata,N346382,234650,238250,OSI,100,,"Teernacreeve, Kilbeggan",ine Fenner,,FALSE,FALSE,,Westmeath,Westmeath,,,,,,,,,,,
2.41065E+16,,,19/08/2012,19/08/2012,D,19/08/2012,NBNSYS0000006842,Chorthippus brunneus,N345383,234550,238350,OSI,100,,Split Hills esker,Andrew & ine Fenner,,FALSE,FALSE,,Westmeath,Westmeath,,,<10,,,,,,,,
2.40966E+16,,,15/08/1988,15/08/1988,D,15/08/1988,NBNSYS0000006842,Chorthippus brunneus,O0739,307500,239500,OSI,1000,,"Blanchardstown,nr","Cawley, M.",,FALSE,FALSE,,,221,Road verge,"Cawley, M.",,,,,,"Haes, E.C.M.",,,
2.40966E+16,,,15/08/1988,15/08/1988,D,15/08/1988,NBNSYS0000006838,Omocestus viridulus,O0739,307500,239500,OSI,1000,,"Blanchardstown,nr","Cawley, M.",,FALSE,FALSE,,,221,Road verge,"Cawley, M.",,,,,,"Haes, E.C.M.",,,
2.40966E+16,,,01/09/1977,30/09/1977,DD,01/09/1977 - 30/09/1977,NBNSYS0000006842,Chorthippus brunneus,N3938,239500,238500,OSI,1000,,"Tullamore,nr","Rands, D.G.",,FALSE,FALSE,,,218,,"Rands, D.G.",,,,,,Biological Records Centre,,,
2.40966E+16,,,01/07/1992,31/07/1992,DD,01/07/1992 - 31/07/1992,NBNSYS0000006839,Myrmeleotettix maculatus,L8540,85500,240500,OSI,1000,,Cashel,"Paul, J.",,FALSE,FALSE,,,216,,"Paul, J.",,,,,,Biological Records Centre,,,
9.47987E+16,,,27/07/1992,27/07/1992,D,27/07/1992,NBNSYS0000006839,Myrmeleotettix maculatus,L8540,85500,240500,OSI,1000,,Loughanillaun,John Paul,,FALSE,FALSE,,,West Galway,,John Paul,1,,Voucher specimen,Adult,John Paul 2005. Unpublished field notes,Submitted directly to the Data Centre,,,
2.40966E+16,,,01/08/1979,31/08/1979,DD,01/08/1979 - 31/08/1979,NBNSYS0000006838,Omocestus viridulus,O0740,307500,240500,OSI,1000,,"Mulhuddart,nr,R Tolka","Cotton, D.C.F.",,FALSE,FALSE,,,221,,"Cotton, D.C.F.",,,,,,Biological Records Centre,,,
2.40966E+16,,,01/08/1979,31/08/1979,DD,01/08/1979 - 31/08/1979,NBNSYS0000006842,Chorthippus brunneus,O0740,307500,240500,OSI,1000,,"Mulhuddart,nr","Cotton, D.C.F.",,FALSE,FALSE,,,221,,"Cotton, D.C.F.",,,,,,Biological Records Centre,,,
2.48947E+16,,,04/08/2016,04/08/2016,D,04/08/2016,NBNSYS0000006838,Omocestus viridulus,M209403,120950,240350,OSI,100,,Carrowmoreknock,"Martin Gammell, Caitriona Carlin",,FALSE,FALSE,,Galway,West Galway,,,,,,,,,,,
2.40966E+16,,,22/08/2008,22/08/2008,D,22/08/2008,NBNSYS0000006838,Omocestus viridulus,N8740,287500,240500,OSI,1000,,Kilcock,Martin Cawley,,FALSE,FALSE,,,,grassland,,,,,,,,,,
2.40966E+16,,,22/08/2008,22/08/2008,D,22/08/2008,NHMSYS0001387317,Forficula auricularia,N8740,287500,240500,OSI,1000,,Kilcock,Martin Cawley,,FALSE,FALSE,,,,grassland,,,,,,,,,,
2.40966E+16,,,08/07/2015,08/07/2015,D,08/07/2015,NBNSYS0000006838,Omocestus viridulus,N0340,203000,240000,OSI,1000,,Big Meadow,Tom Gittings,,FALSE,FALSE,,Westmeath,,,Tom Gittings,,,,,,,,Visual/hand-net/auditory,
2.40966E+16,,,19/05/2008,19/05/2008,D,19/05/2008,NHMSYS0001387317,Forficula auricularia,N766409,276650,240950,OSI,100,,Innfield,Martin Cawley,,FALSE,FALSE,,,,grassland,,,,,,,,,,
2.40966E+16,,,19/05/2008,19/05/2008,D,19/05/2008,NBNSYS0000006838,Omocestus viridulus,N766409,276650,240950,OSI,100,,Innfield,Martin Cawley,,FALSE,FALSE,,,,grassland,,,,,,,,,,
2.41065E+16,,,16/08/2012,16/08/2012,D,16/08/2012,NBNSYS0000006838,Omocestus viridulus,N103404,210350,240450,OSI,100,,"Tully, Athlone",Andrea Webb,,FALSE,FALSE,,Westmeath,Westmeath,Cutover bog,,<10,,,,,,,,
2.41065E+16,,,16/08/2012,16/08/2012,D,16/08/2012,NBNSYS0000006842,Chorthippus brunneus,N102404,210250,240450,OSI,100,,"Tully, Athlone",Andrea Webb,,FALSE,FALSE,,Westmeath,Westmeath,Dry meadows and grassy verges,,<10,Along disused railway line,,,,,,,
2.41065E+16,,,16/08/2012,16/08/2012,D,16/08/2012,NBNSYS0000006838,Omocestus viridulus,N102404,210250,240450,OSI,100,,"Tully, Athlone",Andrea Webb,,FALSE,FALSE,,Westmeath,Westmeath,Dry meadows and grassy verges,,<10,Along disused railway line,,,,,,,
2.41065E+16,,,10/08/2006,10/08/2006,D,10/08/2006,NBNSYS0000006838,Omocestus viridulus,M945404,194550,240450,OSI,100,,Castlesampson,Eugenie Regan,,FALSE,FALSE,,Roscommon,Roscommon,,,1,,,,,,,,
2.41065E+16,,,10/08/2006,10/08/2006,D,10/08/2006,NBNSYS0000006842,Chorthippus brunneus,M945404,194550,240450,OSI,100,,Castlesampson,Eugenie Regan,,FALSE,FALSE,,Roscommon,Roscommon,,,1,,,,,,,,
2.40966E+16,,,16/05/1978,16/05/1978,D,16/05/1978,NHMSYS0001387317,Forficula auricularia,N0740,207500,240500,OSI,1000,,"Fardrum,nr","Good, J.A.",,FALSE,FALSE,,,223,,"Good, J.A.",,,,,,Biological Records Centre,,,
2.41065E+16,,,16/08/2012,16/08/2012,D,16/08/2012,NBNSYS0000006834,Stethophyma grossum,N102405,210250,240550,OSI,100,,"Tully, Athlone",Andrea Webb,,FALSE,FALSE,,Westmeath,Westmeath,Raised bog,,<10,,,,,,,,
2.48947E+16,,,16/08/2016,16/08/2016,D,16/08/2016,NBNSYS0000006842,Chorthippus brunneus,M226413,122650,241350,OSI,100,,Cloonmore,Martin Gammell,,FALSE,FALSE,,Galway,West Galway,,,,,,,,,,,
2.41065E+16,,,29/07/2012,29/07/2012,D,29/07/2012,NBNSYS0000006839,Myrmeleotettix maculatus,L584429,58450,242950,OSI,100,,Aillebrack,Dermot Breen,,FALSE,FALSE,,Galway,West Galway,Machair,,>50,,,,,,,,
2.41065E+16,,,29/07/2012,29/07/2012,D,29/07/2012,NBNSYS0000006838,Omocestus viridulus,L584429,58450,242950,OSI,100,,Aillebrack,Dermot Breen,,FALSE,FALSE,,Galway,West Galway,Machair,,>50,,,,,,,,
2.40966E+16,,,17/06/2006,17/06/2006,D,17/06/2006,NBNSYS0000006842,Chorthippus brunneus,M2341,123500,241500,OSI,1000,,Lough Corrib west of Knockferry Pier,Don Cotton & Jean Dunleavy,,FALSE,FALSE,,,,,,,,,,,,,,
2.41065E+16,,,06/08/2012,06/08/2012,D,06/08/2012,NBNSYS0000006838,Omocestus viridulus,N496411,249650,241150,OSI,100,,Milltownpass townland Drumman,Andrea Webb,,FALSE,FALSE,,Westmeath,Westmeath,Cutover bog,,,"The exact location is on the side of the M6 (westerly direction), between the moonphases sculpture and the laybye",,,,,,,
2.41065E+16,,,06/08/2012,06/08/2012,D,06/08/2012,NBNSYS0000006839,Myrmeleotettix maculatus,N496411,249650,241150,OSI,100,,Milltownpass townland Drumman,Andrea Webb,,FALSE,FALSE,,Westmeath,Westmeath,Cutover bog,,1,"The exact location is on the side of the M6 (westerly direction), between the moonphases sculpture and the laybye",,,,,,,
2.41065E+16,,,06/08/2012,06/08/2012,D,06/08/2012,NBNSYS0000006842,Chorthippus brunneus,N496411,249650,241150,OSI,100,,Milltownpass townland Drumman,Andrea Webb,,FALSE,FALSE,,Westmeath,Westmeath,Cutover bog,,<10,"The exact location is on the side of the M6 (westerly direction), between the moonphases sculpture and the laybye",,,,,,,
2.48947E+16,,,08/08/2016,08/08/2016,D,08/08/2016,NBNSYS0000006838,Omocestus viridulus,M228416,122850,241650,OSI,100,,Cloonmore,Martin Gammell,,FALSE,FALSE,,Galway,West Galway,,,,,,,,,,,
2.48947E+16,,,03/09/2016,03/09/2016,D,03/09/2016,NBNSYS0000006838,Omocestus viridulus,M228416,122850,241650,OSI,100,,Cloonmore,"Martin Gammell, Caitriona Carlin",,FALSE,FALSE,,Galway,West Galway,,,,,,,,,,,
2.40966E+16,,,01/09/1977,30/09/1977,DD,01/09/1977 - 30/09/1977,NBNSYS0000006838,Omocestus viridulus,N3842,238500,242500,OSI,1000,,Newells Bridge,"Rands, D.G.",,FALSE,FALSE,,,223,,"Rands, D.G.",,,,,,Biological Records Centre,,,
2.40966E+16,,,30/11/2005,30/11/2005,D,30/11/2005,NHMSYS0001387317,Forficula auricularia,M0943,109500,243500,OSI,1000,,Claremount,Martin Cawley,,FALSE,FALSE,,,,blanket bog,,,,,,,,,,
2.40966E+16,,,05/07/2013,05/07/2013,D,05/07/2013,NBNSYS0000006842,Chorthippus brunneus,N286429,228650,242950,OSI,100,,"Old Railway platform, Streamstown, Co. Westmeath",ine Fenner,,FALSE,FALSE,,Westmeath,Westmeath,,,,,,,,,,,
2.41065E+16,,,24/08/2012,24/08/2012,D,24/08/2012,NBNSYS0000006838,Omocestus viridulus,N240433,224050,243350,OSI,100,,"Coolatore, Rosemount, Moate",Andrea Webb,,FALSE,FALSE,,Westmeath,Westmeath,Recolonising bare ground,,<10,On waste ground opposite the quarry,,,,,,,
2.41065E+16,,,24/08/2012,24/08/2012,D,24/08/2012,NBNSYS0000006842,Chorthippus brunneus,N240433,224050,243350,OSI,100,,"Coolatore, Rosemount, Moate",Andrea Webb,,FALSE,FALSE,,Westmeath,Westmeath,Recolonising bare ground,,<10,On waste ground opposite the quarry,,,,,,,
2.40966E+16,,,01/01/1693,31/12/1973,DD,01/01/1693 - 31/12/1973,NBNSYS0000006842,Chorthippus brunneus,L74,75000,245000,OSI,10000,,Letterdife,,,FALSE,FALSE,,,216,,,,,,,,Biological Records Centre,,,
2.40966E+16,,,16/08/1947,16/08/1947,D,16/08/1947,NBNSYS0000006834,Stethophyma grossum,L74,75000,245000,OSI,10000,,Roundstone,"Ruttledge, R.F.",,FALSE,FALSE,,,216,,"O'Connor, J.P.",,,,,,"Harding, P.T.",,,
2.40966E+16,,,01/07/1895,31/07/1895,DD,01/07/1895 - 31/07/1895,NBNSYS0000006834,Stethophyma grossum,L74,75000,245000,OSI,10000,,Benlettery,"Carpenter, G.H.",,FALSE,FALSE,,,216,,"Carpenter, G.H.",,,,,,Biological Records Centre,,,
2.40966E+16,,,01/01/1999,31/12/1999,Y,1999,NBNSYS0000006834,Stethophyma grossum,L74,75000,245000,OSI,10000,,Benlettery,"Whyn, B.",,FALSE,FALSE,,,216,,"Whyn, B.",,,,,,"Harding, P.T.",,,
2.40966E+16,,,01/01/1693,31/12/1896,DD,01/01/1693 - 31/12/1896,NBNSYS0000006833,Tetrix undulata,L74,75000,245000,OSI,10000,,Roundstone,,,FALSE,FALSE,,,216,,"O'Connor, J.P.",,,,,,"Harding, P.T.",,,
2.40966E+16,,,01/10/1893,31/10/1893,DD,01/10/1893 - 31/10/1893,NHMSYS0001387317,Forficula auricularia,O24,325000,245000,OSI,10000,,Portmarnock,,,FALSE,FALSE,,,221,,"O'Connor, J.P.",,,,,,"Harding, P.T.",,,
2.40966E+16,,,01/01/1920,31/12/1920,Y,1920,NBNSYS0000006842,Chorthippus brunneus,O24,325000,245000,OSI,10000,,Malahide,,,FALSE,FALSE,,,221,,,,,,,,Biological Records Centre,,,
2.40966E+16,,,04/09/1984,04/09/1984,D,04/09/1984,NBNSYS0000006842,Chorthippus brunneus,L9744,97500,244500,OSI,1000,,Lough Carrannla nr Cashla Bay,"Devriese, H.H.",,FALSE,FALSE,,,216,,"Devriese, H.H.",,,,,,Biological Records Centre,,,
2.40966E+16,,,04/09/1984,04/09/1984,D,04/09/1984,NBNSYS0000006838,Omocestus viridulus,L9744,97500,244500,OSI,1000,,Lough Carrannla nr Cashla Bay,"Devriese, H.H.",,FALSE,FALSE,,,216,,"Devriese, H.H.",,,,,,Biological Records Centre,,,
2.40966E+16,,,04/09/1984,04/09/1984,D,04/09/1984,NBNSYS0000006839,Myrmeleotettix maculatus,L9744,97500,244500,OSI,1000,,Lough Carrannla nr Cashla Bay,"Devriese, H.H.",,FALSE,FALSE,,,216,,"Devriese, H.H.",,,,,,Biological Records Centre,,,
2.40966E+16,,,14/08/1989,14/08/1989,D,14/08/1989,NBNSYS0000006842,Chorthippus brunneus,N0743,207500,243500,OSI,1000,,"Ballykeeran, N of","Arnold, H.; Eversham, B.; Green, S.G.",,FALSE,FALSE,,,223,,,,,,,,Biological Records Centre,,,
2.40966E+16,,,14/08/1989,14/08/1989,D,14/08/1989,NHMSYS0001387317,Forficula auricularia,N0743,207500,243500,OSI,1000,,"Ballykeeran, N of","Arnold, H.; Eversham, B.; Green, S.G.",,FALSE,FALSE,,,223,,,,,,,,Biological Records Centre,,,
2.40966E+16,,,01/07/1895,31/07/1895,DD,01/07/1895 - 31/07/1895,NHMSYS0001387317,Forficula auricularia,L84,85000,245000,OSI,10000,,Recess,"Carpenter, G.H.",,FALSE,FALSE,,,216,,"Carpenter, G.H.",,,,,,Biological Records Centre,,,
2.40966E+16,,,01/07/1895,31/07/1895,DD,01/07/1895 - 31/07/1895,NBNSYS0000006842,Chorthippus brunneus,L84,85000,245000,OSI,10000,,Recess,"Carpenter, G.H.",,FALSE,FALSE,,,216,,"Carpenter, G.H.",,,,,,Biological Records Centre,,,
2.40966E+16,,,01/07/1895,31/07/1895,DD,01/07/1895 - 31/07/1895,NBNSYS0000006838,Omocestus viridulus,L84,85000,245000,OSI,10000,,Recess,"Carpenter, G.H.",,FALSE,FALSE,,,216,,"Carpenter, G.H.",,,,,,Biological Records Centre,,,
2.40966E+16,,,01/01/1929,31/12/1929,DD,01/01/1929 - 31/12/1929,NBNSYS0000006834,Stethophyma grossum,L84,85000,245000,OSI,10000,,Cashel Bay,,,FALSE,FALSE,,,216,,,,,,,,Biological Records Centre,,,
2.40966E+16,,,20/07/1975,20/07/1975,D,20/07/1975,NBNSYS0000006834,Stethophyma grossum,L84,85000,245000,OSI,10000,,"Connemara,nr Derryclare Lough","Speight, M.C.D.",,FALSE,FALSE,,,216,,"Marshall, J.A.",,,,,,Biological Records Centre,,,
2.40966E+16,,,01/01/1920,31/12/1920,Y,1920,NBNSYS0000006833,Tetrix undulata,L84,85000,245000,OSI,10000,,Recess,,,FALSE,FALSE,,,216,,,,,,,,Biological Records Centre,,,
2.40966E+16,,,01/07/1895,31/07/1895,DD,01/07/1895 - 31/07/1895,NBNSYS0000006834,Stethophyma grossum,L84,85000,245000,OSI,10000,,Recess,"Carpenter, G.H.",,FALSE,FALSE,,,216,,"Carpenter, G.H.",,,,,,Biological Records Centre,,,
2.40966E+16,,,19/09/1929,19/09/1929,D,19/09/1929,NBNSYS0000006834,Stethophyma grossum,L84,85000,245000,OSI,10000,,"Cashel Bay,Connemara","Moseley, M.E.",,FALSE,FALSE,,,216,,,,,,,,Biological Records Centre,,,
2.40966E+16,,,01/01/1693,31/12/1940,DD,01/01/1693 - 31/12/1940,NBNSYS0000006834,Stethophyma grossum,L84,85000,245000,OSI,10000,,"Connemara,Cashel Bay","Moseley, M.E.",,FALSE,FALSE,,,216,,"Moseley, M.E.",,,,,,Biological Records Centre,,,
2.40966E+16,,,01/07/1992,31/07/1992,DD,01/07/1992 - 31/07/1992,NBNSYS0000006838,Omocestus viridulus,L7145,71500,245500,OSI,1000,,Toombeola Roundstone,"Paul, J.",,FALSE,FALSE,,,216,,"Paul, J.",,,,,,Biological Records Centre,,,
2.40966E+16,,,27/07/1992,27/07/1992,D,27/07/1992,NBNSYS0000006838,Omocestus viridulus,L7145,71500,245500,OSI,1000,,Toombeola,"Paul, J.",,FALSE,FALSE,,,216,bog,"Paul, J.",,,,,,"Paul, J.",,,
2.40966E+16,,,01/07/1992,31/07/1992,DD,01/07/1992 - 31/07/1992,NBNSYS0000006834,Stethophyma grossum,L7145,71500,245500,OSI,1000,,Toombeola Roundstone,"Paul, J.",,FALSE,FALSE,,,216,,"Paul, J.",,,,,,Biological Records Centre,,,
2.40966E+16,,,01/07/1992,31/07/1992,DD,01/07/1992 - 31/07/1992,NBNSYS0000006839,Myrmeleotettix maculatus,L7145,71500,245500,OSI,1000,,Tombeola Roundstone,"Paul, J.",,FALSE,FALSE,,,216,,"Paul, J.",,,,,,Biological Records Centre,,,
9.47987E+16,,,27/07/1992,27/07/1992,D,27/07/1992,NBNSYS0000006839,Myrmeleotettix maculatus,L7145,71500,245500,OSI,1000,,Toombeola,John Paul,,FALSE,FALSE,,,West Galway,,John Paul,2,,Voucher specimen,Adult,John Paul 2005. Unpublished field notes,Submitted directly to the Data Centre,,,
9.47987E+16,,,27/07/1992,27/07/1992,D,27/07/1992,NBNSYS0000006834,Stethophyma grossum,L7145,71500,245500,OSI,1000,,Toombeola,John Paul,,FALSE,FALSE,,,West Galway,,John Paul,1,,Voucher specimen,Not recorded,John Paul 2005. Unpublished field notes,Submitted directly to the Data Centre,,,
9.47987E+16,,,27/07/1992,27/07/1992,D,27/07/1992,NBNSYS0000006838,Omocestus viridulus,L7145,71500,245500,OSI,1000,,Toombeola,John Paul,,FALSE,FALSE,,,West Galway,,John Paul,1,,Voucher specimen,Adult,John Paul 2005. Unpublished field notes,Submitted directly to the Data Centre,,,
2.40966E+16,,,01/01/1960,31/12/1999,DD,01/01/1960 - 31/12/1999,NBNSYS0000006838,Omocestus viridulus,L94,95000,245000,OSI,10000,,"Maam Cross,nr","Lansbury, I.",,FALSE,FALSE,,,216,,"Lansbury, I.",,,,,,Biological Records Centre,,,
2.40966E+16,,,20/07/2013,20/07/2013,D,20/07/2013,NBNSYS0000006834,Stethophyma grossum,L977449,97750,244950,OSI,100,,Ardderrynagleragh,Chris Peppiatt,,FALSE,FALSE,,Galway,West Galway,Lowland blanket bog,,<10,3,,,,,,,
2.40966E+16,,,20/07/2013,20/07/2013,D,20/07/2013,NBNSYS0000006833,Tetrix undulata,L977449,97750,244950,OSI,100,,Ardderrynagleragh,Chris Peppiatt,,FALSE,FALSE,,Galway,West Galway,Lowland blanket bog,,<10,1,,,,,,,
2.40966E+16,,,20/07/2013,20/07/2013,D,20/07/2013,NBNSYS0000006839,Myrmeleotettix maculatus,L977449,97750,244950,OSI,100,,Ardderrynagleragh,Chris Peppiatt,,FALSE,FALSE,,Galway,West Galway,Lowland blanket bog,,<10,1,,,,,,,
2.40966E+16,,,01/07/1895,31/07/1895,DD,01/07/1895 - 31/07/1895,NBNSYS0000006838,Omocestus viridulus,M14,115000,245000,OSI,10000,,Oughterard,"Carpenter, G.H.",,FALSE,FALSE,,,216,,"Carpenter, G.H.",,,,,,Biological Records Centre,,,
2.40966E+16,,,01/07/1895,31/07/1895,DD,01/07/1895 - 31/07/1895,NBNSYS0000006842,Chorthippus brunneus,M14,115000,245000,OSI,10000,,Oughterard,"Carpenter, G.H.",,FALSE,FALSE,,,216,,"Carpenter, G.H.",,,,,,Biological Records Centre,,,
2.40966E+16,,,01/07/1895,31/07/1895,DD,01/07/1895 - 31/07/1895,NHMSYS0001387317,Forficula auricularia,M14,115000,245000,OSI,10000,,Oughterard,"Carpenter, G.H.",,FALSE,FALSE,,,216,,"Carpenter, G.H.",,,,,,Biological Records Centre,,,
2.40966E+16,,,01/01/1920,31/12/1920,Y,1920,NBNSYS0000006834,Stethophyma grossum,M14,115000,245000,OSI,10000,,Oughterard,,,FALSE,FALSE,,,216,,,,,,,,Biological Records Centre,,,
2.40966E+16,,,01/07/1895,31/07/1895,DD,01/07/1895 - 31/07/1895,NBNSYS0000006833,Tetrix undulata,M14,115000,245000,OSI,10000,,Oughterard,"Carpenter, G.H.",,FALSE,FALSE,,,216,,"Carpenter, G.H.",,,,,,Biological Records Centre,,,
2.40966E+16,,,01/07/1895,31/07/1895,DD,01/07/1895 - 31/07/1895,NBNSYS0000006834,Stethophyma grossum,M14,115000,245000,OSI,10000,,Oughterard,"Carpenter, G.H.",,FALSE,FALSE,,,216,,"Carpenter, G.H.",,,,,,Biological Records Centre,,,
2.40966E+16,,,01/09/1979,30/09/1979,DD,01/09/1979 - 30/09/1979,NBNSYS0000006842,Chorthippus brunneus,N3944,239500,244500,OSI,1000,,Lough Ennell,"Cotton, D.C.F.",,FALSE,FALSE,,,223,,"Cotton, D.C.F.",,,,,,Biological Records Centre,,,
2.40966E+16,,,01/09/1979,30/09/1979,DD,01/09/1979 - 30/09/1979,NBNSYS0000006838,Omocestus viridulus,N3944,239500,244500,OSI,1000,,Lough Ennell,"Cotton, D.C.F.",,FALSE,FALSE,,,223,,"Cotton, D.C.F.",,,,,,Biological Records Centre,,,
2.40966E+16,,,01/09/1977,30/09/1977,DD,01/09/1977 - 30/09/1977,NBNSYS0000006838,Omocestus viridulus,N1044,210500,244500,OSI,1000,,Twylake,"Rands, D.G.",,FALSE,FALSE,,,223,,"Rands, D.G.",,,,,,Biological Records Centre,,,
2.41065E+16,,,31/05/2006,31/05/2006,D,31/05/2006,NHMSYS0001387317,Forficula auricularia,N049445,204950,244550,OSI,100,,Lough Coosan,Eugenie Regan,,FALSE,FALSE,,Westmeath,Westmeath,,,,,,,,,,,
2.40966E+16,,,01/08/1975,31/08/1975,DD,01/08/1975 - 31/08/1975,NBNSYS0000006842,Chorthippus brunneus,O2346,323500,246500,OSI,1000,,Malahide Island,"Higgins, D.G.F.",,FALSE,FALSE,,,221,,"Higgins, D.G.F.",,,,,,Biological Records Centre,,,
2.41065E+16,,,13/08/2012,13/08/2012,D,13/08/2012,NBNSYS0000006842,Chorthippus brunneus,L707467,70750,246750,OSI,100,,Derrycunlagh,Dermot Breen,,FALSE,FALSE,,Galway,West Galway,Lowland blanket bog,,Nov-50,,,,,,,,
2.40966E+16,,,22/03/1958,22/03/1958,D,22/03/1958,NHMSYS0001387317,Forficula auricularia,N04,205000,245000,OSI,10000,,Lough Ree,"Ward, P.H.",,FALSE,FALSE,,,225,,"Ward, P.H.",,,,,,Biological Records Centre,,,
2.41065E+16,,,29/07/2012,29/07/2012,D,29/07/2012,NBNSYS0000006834,Stethophyma grossum,L703468,70350,246850,OSI,100,,Roundstone Bog,Dermot Breen,,FALSE,FALSE,,Galway,West Galway,Lowland blanket bog,,Nov-50,,,,,,,,
2.41065E+16,,,13/08/2012,13/08/2012,D,13/08/2012,NBNSYS0000006834,Stethophyma grossum,N095451,209550,245150,OSI,100,,"Waterstown, Glasson",Andrea Webb,,FALSE,FALSE,,Westmeath,Westmeath,Raised bog,,<10,,,,,,,,
2.41065E+16,,,29/07/2012,29/07/2012,D,29/07/2012,NBNSYS0000006838,Omocestus viridulus,L703469,70350,246950,OSI,100,,Roundstone Bog,Dermot Breen,,FALSE,FALSE,,Galway,West Galway,Lowland blanket bog,,Nov-50,,,,,,,,
2.41065E+16,,,29/07/2012,29/07/2012,D,29/07/2012,NBNSYS0000006839,Myrmeleotettix maculatus,L703469,70350,246950,OSI,100,,Roundstone Bog,Dermot Breen,,FALSE,FALSE,,Galway,West Galway,Lowland blanket bog,,Nov-50,,,,,,,,
2.41065E+16,,,29/07/2012,29/07/2012,D,29/07/2012,NBNSYS0000006834,Stethophyma grossum,L698470,69850,247050,OSI,100,,Roundstone Bog,Dermot Breen,,FALSE,FALSE,,Galway,West Galway,Lowland blanket bog,,Nov-50,,,,,,,,
2.41065E+16,,,29/07/2012,29/07/2012,D,29/07/2012,NBNSYS0000006838,Omocestus viridulus,L698470,69850,247050,OSI,100,,Roundstone Bog,Dermot Breen,,FALSE,FALSE,,Galway,West Galway,Lowland blanket bog,,Nov-50,,,,,,,,
2.41065E+16,,,29/07/2012,29/07/2012,D,29/07/2012,NBNSYS0000006842,Chorthippus brunneus,L698470,69850,247050,OSI,100,,Roundstone Bog,Dermot Breen,,FALSE,FALSE,,Galway,West Galway,Lowland blanket bog,,<10,,,,,,,,
2.41065E+16,,,29/07/2012,29/07/2012,D,29/07/2012,NBNSYS0000006839,Myrmeleotettix maculatus,L698470,69850,247050,OSI,100,,Roundstone Bog,Dermot Breen,,FALSE,FALSE,,Galway,West Galway,Lowland blanket bog,,Nov-50,,,,,,,,
2.41065E+16,,,29/07/2012,29/07/2012,D,29/07/2012,NBNSYS0000006833,Tetrix undulata,L698470,69850,247050,OSI,100,,Roundstone Bog,Dermot Breen,,FALSE,FALSE,,Galway,West Galway,Lowland blanket bog,,1,,,,,,,,
2.41065E+16,,,13/08/2012,13/08/2012,D,13/08/2012,NBNSYS0000006838,Omocestus viridulus,N099453,209950,245350,OSI,100,,"Waterstown, Glasson",Andrea Webb,,FALSE,FALSE,,Westmeath,Westmeath,Cutover bog,,<10,,,,,,,,
2.40966E+16,,,01/07/1977,31/07/1977,DD,01/07/1977 - 31/07/1977,NBNSYS0000006838,Omocestus viridulus,O1947,319500,247500,OSI,1000,,Malahide Estuary,"Cotton, D.C.F.",,FALSE,FALSE,,,221,,"Cotton, D.C.F.",,,,,,Biological Records Centre,,,
2.40966E+16,,,19/06/1976,19/06/1976,D,19/06/1976,NBNSYS0000006832,Tetrix subulata,N0446,204500,246500,OSI,1000,,"Creaghduff, Co. Westmeath.","Speight, M.C.D.",,FALSE,FALSE,,,223,,,,Grasshoppers and crickets of Ireland,,,,National Biodiversity Data Centre Ireland,,,
2.40966E+16,,,01/06/1976,30/06/1976,DD,01/06/1976 - 30/06/1976,NBNSYS0000006832,Tetrix subulata,N0446,204500,246500,OSI,1000,,,"Speight, M.C.D.",,FALSE,FALSE,,,223,,"Speight, M.C.D.",,,,,,Biological Records Centre,,,
2.41065E+16,,,07/08/2012,07/08/2012,D,07/08/2012,NBNSYS0000006834,Stethophyma grossum,L874479,87450,247950,OSI,100,,Caher,Dermot Breen,,FALSE,FALSE,,Galway,West Galway,Lowland blanket bog,,Nov-50,,,,,,,,
2.40966E+16,,,01/07/1977,31/07/1977,DD,01/07/1977 - 31/07/1977,NBNSYS0000006838,Omocestus viridulus,O2048,320500,248500,OSI,1000,,Seafield,"Cotton, D.C.F.",,FALSE,FALSE,,,221,,"Cotton, D.C.F.",,,,,,Biological Records Centre,,,
2.40966E+16,,,01/09/1977,30/09/1977,DD,01/09/1977 - 30/09/1977,NBNSYS0000006838,Omocestus viridulus,N2847,228500,247500,OSI,1000,,Killare,"Rands, D.G.",,FALSE,FALSE,,,223,,"Rands, D.G.",,,,,,Biological Records Centre,,,
2.40966E+16,,,01/01/1960,31/12/1999,DD,01/01/1960 - 31/12/1999,NBNSYS0000006838,Omocestus viridulus,L767490,76750,249050,OSI,100,,"Ballynahinch,ft of Benlettery","Okely, Dr E.",,FALSE,FALSE,,,216,,"Marshall, J.A.",,,,,,Biological Records Centre,,,
2.40966E+16,,,01/09/1984,30/09/1984,DD,01/09/1984 - 30/09/1984,NBNSYS0000006838,Omocestus viridulus,L6649,66500,249500,OSI,1000,,"Owenglin River,Valley,nr Clifden","Devriese, H.H.",,FALSE,FALSE,,,216,,"Devriese, H.H.",,,,,,Biological Records Centre,,,
2.48947E+16,,,22/08/2016,22/08/2016,D,22/08/2016,NBNSYS0000006838,Omocestus viridulus,M028486,102850,248650,OSI,100,,Curraun More,"Martin Gammell, Caitriona Carlin",,FALSE,FALSE,,Galway,West Galway,,,,,,,,,,,
2.40966E+16,,,20/05/1988,20/05/1988,D,20/05/1988,NHMSYS0001387317,Forficula auricularia,L8249,82500,249500,OSI,1000,,Derryclare Wood,"Alexander, K.N.A.",,FALSE,FALSE,,,216,,"Alexander, K.N.A.",,,,,,"Alexander, K.N.A.",,,
2.40966E+16,,,20/05/1988,20/05/1988,D,20/05/1988,NHMSYS0001387317,Forficula auricularia,L8249,82500,249500,OSI,1000,,Derryclare Wood,"Alexander, K.N.A.",,FALSE,FALSE,,,216,,,,,,,,"Alexander, K.N.A.",,,
2.40966E+16,,,01/07/1978,31/07/1978,DD,01/07/1978 - 31/07/1978,NBNSYS0000006834,Stethophyma grossum,L8349,83500,249500,OSI,1000,,Derryclare Wood,"Williams, M.d.C.",,FALSE,FALSE,,,216,,"Williams, M.d.C.",,,,,,Biological Records Centre,,,
2.40966E+16,,,01/07/1975,31/07/1975,DD,01/07/1975 - 31/07/1975,NBNSYS0000006834,Stethophyma grossum,L8349,83500,249500,OSI,1000,,Lough Inagh,"Speight, M.C.D.",,FALSE,FALSE,,,216,,"Speight, M.C.D.",,,,,,Biological Records Centre,,,
2.40966E+16,,,24/05/1974,24/05/1974,D,24/05/1974,NBNSYS0000006833,Tetrix undulata,L8349,83500,249500,OSI,1000,,"Derryclare, Co. Galway.","Speight, M.C.D.",,FALSE,FALSE,,,216,,,,Grasshoppers and crickets of Ireland,,,,National Biodiversity Data Centre Ireland,,,
2.40966E+16,,,01/05/1974,31/05/1974,DD,01/05/1974 - 31/05/1974,NBNSYS0000006833,Tetrix undulata,L8349,83500,249500,OSI,1000,,,"Speight, M.C.D.",,FALSE,FALSE,,,216,,"Speight, M.C.D.",,,,,,Biological Records Centre,,,
2.40966E+16,,,20/07/1975,20/07/1975,D,20/07/1975,NBNSYS0000006834,Stethophyma grossum,L8349,83500,249500,OSI,1000,,"Derryclare, Co. Galway.","Speight, M.C.D.",,FALSE,FALSE,,,216,,,,Grasshoppers and crickets of Ireland,,,,National Biodiversity Data Centre Ireland,,,
2.41065E+16,,,08/08/2012,08/08/2012,D,08/08/2012,NBNSYS0000006838,Omocestus viridulus,N397484,239750,248450,OSI,100,,Ladestown. Lough Ennell,Andrea Webb,,FALSE,FALSE,,Westmeath,Westmeath,Wet grassland,,<10,"Enter carpark, turn to the right, drive down to the end of road. Main area of survey here.",,,,,,,
2.40966E+16,,,01/07/1979,31/07/1979,DD,01/07/1979 - 31/07/1979,NBNSYS0000006838,Omocestus viridulus,O2050,320500,250500,OSI,1000,,Donabate,"Cotton, D.C.F.",,FALSE,FALSE,,,221,,"Cotton, D.C.F.",,,,,,Biological Records Centre,,,
2.41065E+16,,,07/08/2012,07/08/2012,D,07/08/2012,NBNSYS0000006834,Stethophyma grossum,L847505,84750,250550,OSI,100,,Cloonnacartan,Dermot Breen,,FALSE,FALSE,,Galway,West Galway,Lowland blanket bog,,Nov-50,,,,,,,,
2.41065E+16,,,07/08/2012,07/08/2012,D,07/08/2012,NBNSYS0000006838,Omocestus viridulus,L847505,84750,250550,OSI,100,,Cloonnacartan,Dermot Breen,,FALSE,FALSE,,Galway,West Galway,Lowland blanket bog,,Nov-50,,,,,,,,
2.40966E+16,,,01/09/1977,30/09/1977,DD,01/09/1977 - 30/09/1977,NBNSYS0000006838,Omocestus viridulus,N1949,219500,249500,OSI,1000,,Crush Bridge,"Rands, D.G.",,FALSE,FALSE,,,223,,"Rands, D.G.",,,,,,Biological Records Centre,,,
2.40966E+16,,,13/08/1989,13/08/1989,D,13/08/1989,NHMSYS0001387317,Forficula auricularia,N1149,211500,249500,OSI,1000,,"Loughmakeegan, S of","Arnold, H.; Eversham, B.; Green, S.G.",,FALSE,FALSE,,,223,,,,,,,,Biological Records Centre,,,
2.40966E+16,,,13/08/1989,13/08/1989,D,13/08/1989,NBNSYS0000006838,Omocestus viridulus,N1149,211500,249500,OSI,1000,,"Loughmakeegan, S of","Arnold, H.; Eversham, B.; Green, S.G.",,FALSE,FALSE,,,223,,,,,,,,Biological Records Centre,,,
2.40966E+16,,,14/08/1989,14/08/1989,D,14/08/1989,NHMSYS0001387317,Forficula auricularia,N0649,206500,249500,OSI,1000,,"Portlick Castle, 1m E of","Arnold, H.; Eversham, B.; Green, S.G.",,FALSE,FALSE,,,223,,,,,,,,Biological Records Centre,,,
2.40966E+16,,,01/06/1976,30/06/1976,DD,01/06/1976 - 30/06/1976,NBNSYS0000006832,Tetrix subulata,M9949,199500,249500,OSI,1000,,,"Speight, M.C.D.",,FALSE,FALSE,,,225,,"Speight, M.C.D.",,,,,,Biological Records Centre,,,
2.40966E+16,,,20/06/1976,20/06/1976,D,20/06/1976,NBNSYS0000006832,Tetrix subulata,M9949,199500,249500,OSI,1000,,"Carrowmurragh, Co. Roscommon.","Speight, M.C.D.",,FALSE,FALSE,,,225,,,,Grasshoppers and crickets of Ireland,,,,National Biodiversity Data Centre Ireland,,,
2.40966E+16,,,01/07/1979,31/07/1979,DD,01/07/1979 - 31/07/1979,NBNSYS0000006838,Omocestus viridulus,O1951,319500,251500,OSI,1000,,Daws Bridge,"Cotton, D.C.F.",,FALSE,FALSE,,,221,,"Cotton, D.C.F.",,,,,,Biological Records Centre,,,
1.01118E+17,,,08/07/2023,08/07/2023,D,08/07/2023,NBNSYS0000006833,Tetrix undulata,M67735034,167735,250345,OSI,10,,Carrownagapul Bog,Brian Nelson,,FALSE,FALSE,,Galway,North-east Galway,raised bog,Brian Nelson,Present,,,adult,,Examined specimen,,Field record,
2.40966E+16,,,14/08/1989,14/08/1989,D,14/08/1989,NBNSYS0000006833,Tetrix undulata,M9850,198500,250500,OSI,1000,,"Carnagh, W of","Arnold, H.; Eversham, B.; Green, S.G.",,FALSE,FALSE,,,225,,,,,,,,Biological Records Centre,,,
2.40966E+16,,,14/08/1989,14/08/1989,D,14/08/1989,NBNSYS0000006838,Omocestus viridulus,M9850,198500,250500,OSI,1000,,"Carnagh, W of","Arnold, H.; Eversham, B.; Green, S.G.",,FALSE,FALSE,,,225,,,,,,,,Biological Records Centre,,,
2.40966E+16,,,14/08/1989,14/08/1989,D,14/08/1989,NBNSYS0000006842,Chorthippus brunneus,M9850,198500,250500,OSI,1000,,"Carnagh, W of","Arnold, H.; Eversham, B.; Green, S.G.",,FALSE,FALSE,,,225,,,,,,,,Biological Records Centre,,,
2.40966E+16,,,01/09/1984,30/09/1984,DD,01/09/1984 - 30/09/1984,NBNSYS0000006838,Omocestus viridulus,L6852,68500,252500,OSI,1000,,"Clifden,nr Shanakeever L","Devriese, H.H.",,FALSE,FALSE,,,216,,"Devriese, H.H.",,,,,,Biological Records Centre,,,
2.40966E+16,,,05/09/1984,05/09/1984,D,05/09/1984,NBNSYS0000006839,Myrmeleotettix maculatus,L6852,68500,252500,OSI,1000,,Shanakeever L,"Devriese, H.H.",,FALSE,FALSE,,,216,,"Devriese, H.H.",,,,,,Biological Records Centre,,,
2.40966E+16,,,01/09/1984,30/09/1984,DD,01/09/1984 - 30/09/1984,NBNSYS0000006839,Myrmeleotettix maculatus,L6852,68500,252500,OSI,1000,,"Clifden,nr Shanakeever L","Devriese, H.H.",,FALSE,FALSE,,,216,,"Devriese, H.H.",,,,,,Biological Records Centre,,,
2.40966E+16,,,01/08/1975,31/08/1975,DD,01/08/1975 - 31/08/1975,NBNSYS0000006838,Omocestus viridulus,O2452,324500,252500,OSI,1000,,Portrane,"Higgins, D.G.F.",,FALSE,FALSE,,,221,,"Higgins, D.G.F.",,,,,,Biological Records Centre,,,
2.40966E+16,,,01/08/1975,31/08/1975,DD,01/08/1975 - 31/08/1975,NBNSYS0000006842,Chorthippus brunneus,O2452,324500,252500,OSI,1000,,Portrane,"Higgins, D.G.F.",,FALSE,FALSE,,,221,,"Higgins, D.G.F.",,,,,,Biological Records Centre,,,
2.40966E+16,,,01/09/1984,30/09/1984,DD,01/09/1984 - 30/09/1984,NBNSYS0000006838,Omocestus viridulus,L8352,83500,252500,OSI,1000,,Knocknahillion nr L Inagh,"Devriese, H.H.",,FALSE,FALSE,,,216,,"Devriese, H.H.",,,,,,Biological Records Centre,,,
2.41065E+16,,,26/07/2012,26/07/2012,D,26/07/2012,NHMSYS0001387317,Forficula auricularia,L963523,96350,252350,OSI,100,,Tiernakill North,Carole Reynolds,,FALSE,FALSE,,Galway,West Galway,,,Nov-50,"Not sure of habitat type as I have a nest of them living in my post box, which is made of metal! Everytime I collect the post a bunch of them scurry around the bottom.",,,,,,,
2.41065E+16,,,29/07/2012,29/07/2012,D,29/07/2012,NBNSYS0000006838,Omocestus viridulus,N466515,246650,251550,OSI,100,,"Garden at The Meadows, Marlinstown",Lesley Whiteside,,FALSE,FALSE,,Westmeath,Westmeath,Semi-natural grassland,,1,,,,,,,,
2.40966E+16,,,01/07/1977,31/07/1977,DD,01/07/1977 - 31/07/1977,NBNSYS0000006838,Omocestus viridulus,O2553,325500,253500,OSI,1000,,Rush,"Cotton, D.C.F.",,FALSE,FALSE,,,221,,"Cotton, D.C.F.",,,,,,Biological Records Centre,,,
2.41065E+16,,,19/08/2012,19/08/2012,D,19/08/2012,NHMSYS0001387317,Forficula auricularia,N449524,244950,252450,OSI,100,,Ardmore Road Mullingar,Mel O'Hara,,FALSE,FALSE,,Westmeath,Westmeath,Horticultural land,,Nov-50,Love my cabbages - Hispi in particular,,,,,,,
2.40966E+16,,,14/08/1989,14/08/1989,D,14/08/1989,NHMSYS0001387317,Forficula auricularia,M9552,195500,252500,OSI,1000,,"Carragan, E of","Arnold, H.; Eversham, B.; Green, S.G.",,FALSE,FALSE,,,225,,,,,,,,Biological Records Centre,,,
2.41065E+16,,,19/08/2012,19/08/2012,D,19/08/2012,NHMSYS0001387317,Forficula auricularia,N109527,210950,252750,OSI,100,,Doonis Cross,Chris Martin,,FALSE,FALSE,Images\24106532627023300.jpg,Westmeath,Westmeath,Flower beds and borders,,>50,"Almost every flower has an earwig present when checked with a torch  tonight, the Oxeye daisies have several earwigs on each.",,,,,,,
2.40966E+16,,,01/01/1999,31/12/1999,Y,1999,NHMSYS0001387317,Forficula auricularia,O35,335000,255000,OSI,10000,,Lambay Island,,,FALSE,FALSE,,,221,,"O'Connor, J.P.",,,,,,"Harding, P.T.",,,
2.40966E+16,,,01/01/1960,31/12/1999,DD,01/01/1960 - 31/12/1999,NBNSYS0000006838,Omocestus viridulus,L75,75000,255000,OSI,10000,,"Connemara,Kylemore Lough","Crosskey, M.A.; Crosskey, R.W.",,FALSE,FALSE,,,216,,"Crosskey, M.A.; Crosskey, R.W.",,,,,,Biological Records Centre,,,
2.40966E+16,,,07/10/1921,07/10/1921,D,07/10/1921,NHMSYS0001387382,Labia minor,O25,325000,255000,OSI,10000,,Rush,"O'Mahony, E.",,FALSE,FALSE,,,221,,"O'Connor, J.P.",,,,,,"Harding, P.T.",,,
2.41065E+16,,,13/08/2012,13/08/2012,D,13/08/2012,NBNSYS0000006838,Omocestus viridulus,N48205370,248205,253705,OSI,10,,Wooddown Bog,Trona Finnen,,FALSE,FALSE,,Westmeath,Westmeath,Cutover bog,,<10,,,,,,,,
2.41065E+16,,,13/08/2012,13/08/2012,D,13/08/2012,NBNSYS0000006842,Chorthippus brunneus,N48205370,248205,253705,OSI,10,,Wooddown Bog,Trona Finnen,,FALSE,FALSE,,Westmeath,Westmeath,Cutover bog,,<10,,,,,,,,
2.40966E+16,,,14/08/1989,14/08/1989,D,14/08/1989,NBNSYS0000006838,Omocestus viridulus,N0653,206500,253500,OSI,1000,,Muckanagh,"Arnold, H.; Eversham, B.; Green, S.G.",,FALSE,FALSE,,,224,,,,,,,,Biological Records Centre,,,
2.40966E+16,,,01/04/2014,01/04/2014,D,01/04/2014,NBNSYS0000006832,Tetrix subulata,N091536,209150,253650,OSI,100,,Doonis Bog,Chris Martin,,FALSE,FALSE,Images\24096605481210904.jpg,Westmeath,Westmeath,Bogs,,1,,,,,,,,
2.40966E+16,,,30/03/2014,30/03/2014,D,30/03/2014,NBNSYS0000006838,Omocestus viridulus,N091536,209150,253650,OSI,100,,Doonis Cross,Chris Martin,,FALSE,FALSE,,Westmeath,Westmeath,Bogs,,1,"1 probable common green Juvenile, approximately 4mm in size.",,,,,,,
2.41065E+16,,,19/08/2012,19/08/2012,D,19/08/2012,NBNSYS0000006834,Stethophyma grossum,L641556,64150,255650,OSI,100,,Shinnanagh,Dermot Breen,,FALSE,FALSE,,Galway,West Galway,Cutover bog,,<10,,,,,,,,
2.40966E+16,,,30/05/2013,30/05/2013,D,30/05/2013,NBNSYS0000006838,Omocestus viridulus,N093537,209350,253750,OSI,100,,"Doonis, Tang,",ine Fenner,,FALSE,FALSE,,Westmeath,Westmeath,,,,,,,,,,,
2.40966E+16,,,21/07/2013,21/07/2013,D,21/07/2013,NBNSYS0000006842,Chorthippus brunneus,N092538,209250,253850,OSI,100,,"Doonis, Tang, Co. Wesmeath",ine Fenner,,FALSE,FALSE,,Westmeath,Westmeath,,,,IWT Longford/Westmeath outing -,,,,,,,
2.40966E+16,,,22/04/2015,22/04/2015,D,22/04/2015,NBNSYS0000006833,Tetrix undulata,N091538,209150,253850,OSI,100,,Doonis Bog,Chris Martin,,FALSE,FALSE,,Westmeath,Westmeath,Bogs,<10,,3 seen today caught in sweep net,,,,,,,
2.40966E+16,,,01/08/1972,31/08/1972,DD,01/08/1972 - 31/08/1972,NBNSYS0000006839,Myrmeleotettix maculatus,N6454,264500,254500,OSI,1000,,,"Speight, M.C.D.",,FALSE,FALSE,,,223,,"Speight, M.C.D.",,,,,,Biological Records Centre,,,
2.40966E+16,,,20/08/1972,20/08/1972,D,20/08/1972,NBNSYS0000006839,Myrmeleotettix maculatus,N6454,264500,254500,OSI,1000,,"Robinstown, Co. Westmeath.","Speight, M.C.D.",,FALSE,FALSE,,,223,,,,Grasshoppers and crickets of Ireland,,,,National Biodiversity Data Centre Ireland,,,
2.40966E+16,,,14/08/1989,14/08/1989,D,14/08/1989,NHMSYS0001387317,Forficula auricularia,M9654,196500,254500,OSI,1000,,"Lecarrow, N of","Arnold, H.; Eversham, B.; Green, S.G.",,FALSE,FALSE,,,225,,,,,,,,Biological Records Centre,,,
2.40966E+16,,,01/01/1940,31/12/1999,DD,01/01/1940 - 31/12/1999,NBNSYS0000006842,Chorthippus brunneus,M95,195000,255000,OSI,10000,,"Lough Ree,The Ragwort Field","Ward, P.H.",,FALSE,FALSE,,,225,,"Marshall, J.A.",,,,,,Biological Records Centre,,,
2.40966E+16,,,01/01/1940,31/12/1999,DD,01/01/1940 - 31/12/1999,NBNSYS0000006838,Omocestus viridulus,M95,195000,255000,OSI,10000,,"Lough Ree,The Ragwort Field","Ward, P.H.",,FALSE,FALSE,,,225,,"Ward, P.H.",,,,,,Biological Records Centre,,,
2.40966E+16,,,01/01/1940,31/12/1999,DD,01/01/1940 - 31/12/1999,NBNSYS0000006838,Omocestus viridulus,M95,195000,255000,OSI,10000,,"Lough Ree,Carnagh Bay","Ward, P.H.",,FALSE,FALSE,,,225,,"Ward, P.H.",,,,,,Biological Records Centre,,,
2.40966E+16,,,17/05/1990,17/05/1990,D,17/05/1990,NBNSYS0000006832,Tetrix subulata,N4755,247500,255500,OSI,1000,,"Lough Sheeven Fen, Co. Westmeath.","Speight, M.C.D.",,FALSE,FALSE,,,223,,,,Grasshoppers and crickets of Ireland,,,,National Biodiversity Data Centre Ireland,,,
2.40966E+16,,,20/06/1976,20/06/1976,D,20/06/1976,NBNSYS0000006832,Tetrix subulata,N0055,200500,255500,OSI,1000,,"Rinnagan, Co. Roscommon.","Speight, M.C.D.",,FALSE,FALSE,,,225,,,,Grasshoppers and crickets of Ireland,,,,National Biodiversity Data Centre Ireland,,,
2.40966E+16,,,01/06/1976,30/06/1976,DD,01/06/1976 - 30/06/1976,NBNSYS0000006832,Tetrix subulata,N0055,200500,255500,OSI,1000,,,"Speight, M.C.D.",,FALSE,FALSE,,,225,,"Speight, M.C.D.",,,,,,Biological Records Centre,,,
2.40966E+16,,,12/05/2010,12/05/2010,D,12/05/2010,NHMSYS0001387317,Forficula auricularia,N0055,200500,255500,OSI,1000,,St John's Wood NNR,Keith N. A. Alexander,,FALSE,FALSE,,,,,,,,,,,,,,
2.40966E+16,,,06/08/2010,06/08/2010,D,06/08/2010,NHMSYS0001387317,Forficula auricularia,N0055,200500,255500,OSI,1000,,St John's Wood NNR,Keith N. A. Alexander,,FALSE,FALSE,,,,,,,,,,,,,,
2.40966E+16,,,13/05/2010,13/05/2010,D,13/05/2010,NHMSYS0001387317,Forficula auricularia,N0055,200500,255500,OSI,1000,,St John's Wood NNR,Keith N. A. Alexander,,FALSE,FALSE,,,,,,,,,,,,,,
2.40966E+16,,,08/10/2010,08/10/2010,D,08/10/2010,NHMSYS0001387317,Forficula auricularia,N0055,200500,255500,OSI,1000,,St John's Wood NNR,Keith N. A. Alexander,,FALSE,FALSE,,,,,,,,,,,,,,
2.40966E+16,,,04/07/2013,04/07/2013,D,04/07/2013,NBNSYS0000006838,Omocestus viridulus,N114563,211450,256350,OSI,100,,"Gurteen, Ballymahon, Co. Longford",ine Fenner,,FALSE,FALSE,,Longford,Longford,Cutover bog,,<10,,,,,,,,
2.40966E+16,,,15/04/2014,15/04/2014,D,15/04/2014,NBNSYS0000006832,Tetrix subulata,N114564,211450,256450,OSI,100,,"Gurteen, Ballymahon",ine Fenner,,FALSE,FALSE,Images\24096605481210902.jpg,Longford,Longford,,,1,,,,,,,,
2.40966E+16,,,23/09/2013,23/09/2013,D,23/09/2013,NBNSYS0000006839,Myrmeleotettix maculatus,N113564,211350,256450,OSI,100,,"Gurteen, Ballymahon",ine Fenner,,FALSE,FALSE,,Longford,Longford,,,<10,,,,,,,,
2.40966E+16,,,20/08/2013,20/08/2013,D,20/08/2013,NBNSYS0000006839,Myrmeleotettix maculatus,N113564,211350,256450,OSI,100,,"Gurteen, Ballymahon",ine Fenner,,FALSE,FALSE,Images\24096605481210726.jpg,Longford,Longford,Cutover bog,,<10,,,,,,,,
2.40966E+16,,,13/08/1989,13/08/1989,D,13/08/1989,NBNSYS0000006838,Omocestus viridulus,N1656,216500,256500,OSI,1000,,"Ballymahon, N of","Arnold, H.; Eversham, B.; Green, S.G.",,FALSE,FALSE,,,224,,,,,,,,Biological Records Centre,,,
2.40966E+16,,,10/05/2010,10/05/2010,D,10/05/2010,NHMSYS0001387317,Forficula auricularia,M9956,199500,256500,OSI,1000,,St John's Wood NNR,Keith N. A. Alexander,,FALSE,FALSE,,,,,,,,,,,,,,
2.40966E+16,,,06/10/2010,06/10/2010,D,06/10/2010,NHMSYS0001387317,Forficula auricularia,M9956,199500,256500,OSI,1000,,St John's Wood NNR,Keith N. A. Alexander,,FALSE,FALSE,,,,,,,,,,,,,,
2.40966E+16,,,10/05/2010,10/05/2010,D,10/05/2010,NHMSYS0001387317,Forficula auricularia,N0056,200500,256500,OSI,1000,,St John's Wood NNR,Keith N. A. Alexander,,FALSE,FALSE,,,,,,,,,,,,,,
2.40966E+16,,,22/06/1982,22/06/1982,D,22/06/1982,NBNSYS0000006842,Chorthippus brunneus,M1057,110500,257500,OSI,1000,,"Rosshill, Co. Galway.","Speight, M.C.D.",,FALSE,FALSE,,,216,,,,Grasshoppers and crickets of Ireland,,,,National Biodiversity Data Centre Ireland,,,
2.40966E+16,,,08/04/1982,08/04/1982,D,08/04/1982,NBNSYS0000006832,Tetrix subulata,M1057,110500,257500,OSI,1000,,"Rosshill, Co. Galway.","Speight, M.C.D.",,FALSE,FALSE,,,216,,,,Grasshoppers and crickets of Ireland,,,,National Biodiversity Data Centre Ireland,,,
2.40966E+16,,,01/04/1973,30/04/1973,DD,01/04/1973 - 30/04/1973,NBNSYS0000006833,Tetrix undulata,M1157,111500,257500,OSI,1000,,,"Speight, M.C.D.",,FALSE,FALSE,,,226,,"Speight, M.C.D.",,,,,,Biological Records Centre,,,
2.40966E+16,,,24/04/1973,24/04/1973,D,24/04/1973,NBNSYS0000006833,Tetrix undulata,M1157,111500,257500,OSI,1000,,"Ballykine Lower, Co. Mayo.","Speight, M.C.D.",,FALSE,FALSE,,,226,,,,Grasshoppers and crickets of Ireland,,,,National Biodiversity Data Centre Ireland,,,
2.41065E+16,,,15/08/2012,15/08/2012,D,15/08/2012,NBNSYS0000006838,Omocestus viridulus,N56105700,256105,257005,OSI,10,,Ballyowen,Trona Finnen,,FALSE,FALSE,,Westmeath,Westmeath,Dry calcareous and neutral grassland,,<10,,,,,,,,
2.40966E+16,,,01/09/1984,30/09/1984,DD,01/09/1984 - 30/09/1984,NBNSYS0000006838,Omocestus viridulus,L7258,72500,258500,OSI,1000,,"Letterfrack,Connemara Nat Pk","Devriese, H.H.",,FALSE,FALSE,,,216,,"Devriese, H.H.",,,,,,Biological Records Centre,,,
2.40966E+16,,,13/08/1989,13/08/1989,D,13/08/1989,NHMSYS0001387317,Forficula auricularia,N4857,248500,257500,OSI,1000,,Crazy Corner,"Arnold, H.; Eversham, B.; Green, S.G.",,FALSE,FALSE,,,223,,,,,,,,Biological Records Centre,,,
2.41065E+16,,,07/08/2012,07/08/2012,D,07/08/2012,NBNSYS0000006834,Stethophyma grossum,L707593,70750,259350,OSI,100,,Dawros More,Dermot Breen,,FALSE,FALSE,,Galway,West Galway,Lowland blanket bog,,>50,,,,,,,,
2.41065E+16,,,07/08/2012,07/08/2012,D,07/08/2012,NBNSYS0000006838,Omocestus viridulus,L707593,70750,259350,OSI,100,,Dawros More,Dermot Breen,,FALSE,FALSE,,Galway,West Galway,Lowland blanket bog,,Nov-50,,,,,,,,
2.41065E+16,,,07/08/2012,07/08/2012,D,07/08/2012,NBNSYS0000006839,Myrmeleotettix maculatus,L707593,70750,259350,OSI,100,,Dawros More,Dermot Breen,,FALSE,FALSE,,Galway,West Galway,Lowland blanket bog,,Nov-50,,,,,,,,
2.40966E+16,,,17/05/2011,17/05/2011,D,17/05/2011,NBNSYS0000006833,Tetrix undulata,M122585,112250,258550,OSI,100,,"SE shore of Lough Mask, Co Mayo.",Not documented,,FALSE,FALSE,,,,,,,http://www.ispot.org.uk/node/248551,,,,,,,
2.40966E+16,,,16/03/2006,16/03/2006,D,16/03/2006,NHMSYS0001387317,Forficula auricularia,O2559,325500,259500,OSI,1000,,Skerries,Martin Cawley,,FALSE,FALSE,,,,graveyard,,,,,,,,,,
2.41065E+16,,,08/08/2012,08/08/2012,D,08/08/2012,NBNSYS0000006838,Omocestus viridulus,N39205810,239205,258105,OSI,10,,Portloman,Trona Finnen,,FALSE,FALSE,,Westmeath,Westmeath,Improved agricultural grassland,,<10,,,,,,,,
2.40966E+16,,,01/08/1979,31/08/1979,DD,01/08/1979 - 31/08/1979,NBNSYS0000006842,Chorthippus brunneus,O1859,318500,259500,OSI,1000,,"Balrothery,nr","Cotton, D.C.F.",,FALSE,FALSE,,,221,,"Cotton, D.C.F.",,,,,,Biological Records Centre,,,
2.40966E+16,,,01/08/1979,31/08/1979,DD,01/08/1979 - 31/08/1979,NBNSYS0000006838,Omocestus viridulus,O1859,318500,259500,OSI,1000,,Balrothery,"Cotton, D.C.F.",,FALSE,FALSE,,,221,,"Cotton, D.C.F.",,,,,,Biological Records Centre,,,
2.41065E+16,,,07/08/2012,07/08/2012,D,07/08/2012,NBNSYS0000006834,Stethophyma grossum,L705601,70550,260150,OSI,100,,Dawros More,Dermot Breen,,FALSE,FALSE,,Galway,West Galway,Lowland blanket bog,,Nov-50,,,,,,,,
2.41065E+16,,,18/08/2012,18/08/2012,D,18/08/2012,NBNSYS0000006839,Myrmeleotettix maculatus,N63705900,263705,259005,OSI,10,,Clonleame,Trona Finnen,,FALSE,FALSE,,Westmeath,Westmeath,Cutover bog,,<10,,,,,,,,
2.41065E+16,,,18/08/2012,18/08/2012,D,18/08/2012,NBNSYS0000006842,Chorthippus brunneus,N63705900,263705,259005,OSI,10,,Clonleame,Trona Finnen,,FALSE,FALSE,,Westmeath,Westmeath,Cutover bog,,<10,,,,,,,,
2.40966E+16,,,16/02/2006,16/02/2006,D,16/02/2006,NHMSYS0001387317,Forficula auricularia,O2560,325500,260500,OSI,1000,,Skerries,Martin Cawley,,FALSE,FALSE,,,,waste ground,,,,,,,,,,
2.41065E+16,,,09/08/2012,09/08/2012,D,09/08/2012,NBNSYS0000006838,Omocestus viridulus,N25705920,225705,259205,OSI,10,,Ballynacarrow,Trona Finnen,,FALSE,FALSE,,Westmeath,Westmeath,Dry calcareous and neutral grassland,,<10,,,,,,,,
2.40966E+16,,,25/08/2007,25/08/2007,D,25/08/2007,NHMSYS0001387317,Forficula auricularia,O256609,325650,260950,OSI,100,,"Skerries, Dublin",Roy Anderson,,FALSE,FALSE,,,,Coastland: fore dunes,,frequent,Under vegetation on fore dunes.,,,,,,,
2.40966E+16,,,13/08/1989,13/08/1989,D,13/08/1989,NBNSYS0000006838,Omocestus viridulus,N3059,230500,259500,OSI,1000,,Ballynacarrigy,"Arnold, H.; Eversham, B.; Green, S.G.",,FALSE,FALSE,,,223,,,,,,,,Biological Records Centre,,,
2.40966E+16,,,13/08/1989,13/08/1989,D,13/08/1989,NBNSYS0000006838,Omocestus viridulus,N2859,228500,259500,OSI,1000,,Emper Lodge,"Arnold, H.; Eversham, B.; Green, S.G.",,FALSE,FALSE,,,223,,,,,,,,Biological Records Centre,,,
2.40966E+16,,,13/08/1989,13/08/1989,D,13/08/1989,NHMSYS0001387317,Forficula auricularia,N2859,228500,259500,OSI,1000,,Emper Lodge,"Arnold, H.; Eversham, B.; Green, S.G.",,FALSE,FALSE,,,223,,,,,,,,Biological Records Centre,,,
2.40966E+16,,,13/08/1989,13/08/1989,D,13/08/1989,NHMSYS0001387317,Forficula auricularia,N1859,218500,259500,OSI,1000,,"Taghshinney, S of","Arnold, H.; Eversham, B.; Green, S.G.",,FALSE,FALSE,,,224,,,,,,,,Biological Records Centre,,,
2.41065E+16,,,18/08/2012,18/08/2012,D,18/08/2012,NBNSYS0000006838,Omocestus viridulus,N64706020,264705,260205,OSI,10,,Lisclogher,Trona Finnen,,FALSE,FALSE,,Westmeath,Westmeath,Cutover bog,,<10,,,,,,,,
2.41065E+16,,,18/08/2012,18/08/2012,D,18/08/2012,NBNSYS0000006842,Chorthippus brunneus,N64706020,264705,260205,OSI,10,,Lisclogher,Trona Finnen,,FALSE,FALSE,,Westmeath,Westmeath,Cutover bog,,<10,,,,,,,,
2.41065E+16,,,18/08/2012,18/08/2012,D,18/08/2012,NBNSYS0000006839,Myrmeleotettix maculatus,N64706020,264705,260205,OSI,10,,Lisclogher,Trona Finnen,,FALSE,FALSE,,Westmeath,Westmeath,Cutover bog,,<10,,,,,,,,
2.40966E+16,,,01/08/1979,31/08/1979,DD,01/08/1979 - 31/08/1979,NBNSYS0000006838,Omocestus viridulus,O1961,319500,261500,OSI,1000,,Knock Lake nr Balrothery,"Cotton, D.C.F.",,FALSE,FALSE,,,221,,"Cotton, D.C.F.",,,,,,Biological Records Centre,,,
2.40966E+16,,,01/07/1977,31/07/1977,DD,01/07/1977 - 31/07/1977,NBNSYS0000006838,Omocestus viridulus,N4160,241500,260500,OSI,1000,,"Ballynafid,nr","Cotton, D.C.F.",,FALSE,FALSE,,,223,,"Cotton, D.C.F.",,,,,,Biological Records Centre,,,
2.40966E+16,,,13/08/1989,13/08/1989,D,13/08/1989,NBNSYS0000006842,Chorthippus brunneus,N4160,241500,260500,OSI,1000,,"Ballynafid, lake shore","Arnold, H.; Eversham, B.; Green, S.G.",,FALSE,FALSE,,,223,,,,,,,,Biological Records Centre,,,
2.40966E+16,,,13/08/1989,13/08/1989,D,13/08/1989,NBNSYS0000006838,Omocestus viridulus,N4160,241500,260500,OSI,1000,,"Ballynafid, lake shore","Arnold, H.; Eversham, B.; Green, S.G.",,FALSE,FALSE,,,223,,,,,,,,Biological Records Centre,,,
2.40966E+16,,,13/08/1989,13/08/1989,D,13/08/1989,NBNSYS0000006832,Tetrix subulata,N4160,241500,260500,OSI,1000,,"Ballynafid, lake shore","Arnold, H.; Eversham, B.; Green, S.G.",,FALSE,FALSE,,,223,,,,,,,,Biological Records Centre,,,
2.40966E+16,,,13/08/1989,13/08/1989,D,13/08/1989,NBNSYS0000006838,Omocestus viridulus,N2860,228500,260500,OSI,1000,,Ballynacarrow Bridge,"Arnold, H.; Eversham, B.; Green, S.G.",,FALSE,FALSE,,,224,,,,,,,,Biological Records Centre,,,
2.40966E+16,,,13/08/1989,13/08/1989,D,13/08/1989,NHMSYS0001387317,Forficula auricularia,N2860,228500,260500,OSI,1000,,Ballynacarrow Bridge,"Arnold, H.; Eversham, B.; Green, S.G.",,FALSE,FALSE,,,224,,,,,,,,Biological Records Centre,,,
2.40966E+16,,,13/08/1989,13/08/1989,D,13/08/1989,NHMSYS0001387317,Forficula auricularia,N1860,218500,260500,OSI,1000,,Taghshinney,"Arnold, H.; Eversham, B.; Green, S.G.",,FALSE,FALSE,,,224,,,,,,,,Biological Records Centre,,,
2.41065E+16,,,16/08/2012,16/08/2012,D,16/08/2012,NBNSYS0000006838,Omocestus viridulus,N35806120,235805,261205,OSI,10,,Lough Iron,Trona Finnen,,FALSE,FALSE,,Westmeath,Westmeath,Wet grassland,,<10,,,,,,,,
2.40966E+16,,,13/08/1989,13/08/1989,D,13/08/1989,NHMSYS0001387317,Forficula auricularia,N3961,239500,261500,OSI,1000,,"Bunbrosna, S of","Arnold, H.; Eversham, B.; Green, S.G.",,FALSE,FALSE,,,223,,,,,,,,Biological Records Centre,,,
2.40966E+16,,,13/08/1989,13/08/1989,D,13/08/1989,NBNSYS0000006838,Omocestus viridulus,N3961,239500,261500,OSI,1000,,"Bunbrosna, S of","Arnold, H.; Eversham, B.; Green, S.G.",,FALSE,FALSE,,,223,,,,,,,,Biological Records Centre,,,
2.40966E+16,,,14/08/1989,14/08/1989,D,14/08/1989,NHMSYS0001387317,Forficula auricularia,N0961,209500,261500,OSI,1000,,"Derryad, SE of","Arnold, H.; Eversham, B.; Green, S.G.",,FALSE,FALSE,,,224,,,,,,,,Biological Records Centre,,,
2.40966E+16,,,01/08/1974,31/08/1974,DD,01/08/1974 - 31/08/1974,NBNSYS0000006832,Tetrix subulata,N8962,289500,262500,OSI,1000,,,"Speight, M.C.D.",,FALSE,FALSE,,,222,,"Speight, M.C.D.",,,,,,Biological Records Centre,,,
2.40966E+16,,,05/08/1974,05/08/1974,D,05/08/1974,NBNSYS0000006832,Tetrix subulata,N8962,289500,262500,OSI,1000,,"Ardsallagh, Co. Meath.","Speight, M.C.D.",,FALSE,FALSE,,,222,,,,Grasshoppers and crickets of Ireland,,,,National Biodiversity Data Centre Ireland,,,
9.47987E+16,,,11/06/2011,11/06/2011,D,11/06/2011,NBNSYS0000006832,Tetrix subulata,N104619,210450,261950,OSI,100,,"Corlea, Kenagh, Co. Longford",ine Fenner,,FALSE,FALSE,,Longford,Longford,Bogs,Not Specified,1,,,,,,,,
2.40966E+16,,,11/06/2011,11/06/2011,D,11/06/2011,NBNSYS0000006832,Tetrix subulata,N104619,210450,261950,OSI,100,,"Corlea, Kenagh, Co. Longford",ine Fenner,,FALSE,FALSE,,,,,,,Biodiversity Records of Ireland - General,,,,,,,
2.40966E+16,,,16/05/2008,16/05/2008,D,16/05/2008,NBNSYS0000006838,Omocestus viridulus,N467624,246750,262450,OSI,100,,Crookedwood,Martin Cawley,,FALSE,FALSE,,,,grassland,,,,,,,,,,
2.40966E+16,,,16/05/2008,16/05/2008,D,16/05/2008,NHMSYS0001387317,Forficula auricularia,N467624,246750,262450,OSI,100,,Crookedwood,Martin Cawley,,FALSE,FALSE,,,,grassland,,,,,,,,,,
2.40966E+16,,,16/05/1985,16/05/1985,D,16/05/1985,NBNSYS0000006832,Tetrix subulata,N4562,245500,262500,OSI,1000,,"Martinstown, Co. Westmeath.","Speight, M.C.D.",,FALSE,FALSE,,,223,,,,Grasshoppers and crickets of Ireland,,,,National Biodiversity Data Centre Ireland,,,
2.40966E+16,,,15/07/2000,15/07/2000,D,15/07/2000,NBNSYS0000006839,Myrmeleotettix maculatus,N103624,210350,262450,OSI,100,,Derryad Bog near Keenagh,"Don Cotton, F. Devery, S. Howard & M. Sullivan",,FALSE,FALSE,,,,,,1,,,,,,,,
2.40966E+16,,,26/07/2013,26/07/2013,D,26/07/2013,NBNSYS0000006842,Chorthippus brunneus,N082624,208250,262450,OSI,100,,"Corlea, Kenagh, Co. Longford",ine Fenner,,FALSE,FALSE,,Longford,Longford,Wet grassland,,<10,,,,,,,,
2.48947E+16,,,27/06/2016,27/06/2016,D,27/06/2016,NBNSYS0000006838,Omocestus viridulus,N082624,208250,262450,OSI,100,,"Corlea, Kenagh",ine Fenner,,FALSE,FALSE,,Longford,Longford,,,,,,,,,,,
2.40966E+16,,,16/05/1978,16/05/1978,D,16/05/1978,NHMSYS0001387317,Forficula auricularia,M7962,179500,262500,OSI,1000,,"Castlecoote,nr","Good, J.A.",,FALSE,FALSE,,,225,,"Good, J.A.",,,,,,Biological Records Centre,,,
2.40966E+16,,,19/05/1990,19/05/1990,D,19/05/1990,NBNSYS0000006833,Tetrix undulata,N0862,208500,262500,OSI,1000,,"Corlea, Longford.","Speight, M.C.D.",,FALSE,FALSE,,,224,,,,Grasshoppers and crickets of Ireland,,,,National Biodiversity Data Centre Ireland,,,
2.40966E+16,,,14/08/1989,14/08/1989,D,14/08/1989,NBNSYS0000006839,Myrmeleotettix maculatus,N0762,207500,262500,OSI,1000,,"Corlea, S of","Arnold, H.; Eversham, B.; Green, S.G.",,FALSE,FALSE,,,224,,,,,,,,Biological Records Centre,,,
2.40966E+16,,,01/01/1999,31/12/1999,Y,1999,NBNSYS0000006833,Tetrix undulata,L56,55000,265000,OSI,10000,,Inishbofin,Dillon,,FALSE,FALSE,,,216,,"O'Connor, J.P.",,,,,,"Harding, P.T.",,,
2.48947E+16,,,19/08/2016,19/08/2016,D,19/08/2016,NBNSYS0000006842,Chorthippus brunneus,N342629,234250,262950,OSI,100,,River Inny,Denise Rogan,,FALSE,FALSE,,Westmeath,Westmeath,,,<10,identification verified by Brian Nelson.,,,,,,,
2.40966E+16,,,13/08/1989,13/08/1989,D,13/08/1989,NBNSYS0000006838,Omocestus viridulus,N3163,231500,263500,OSI,1000,,Ballycorkey Bridge,"Arnold, H.; Eversham, B.; Green, S.G.",,FALSE,FALSE,,,223,,,,,,,,Biological Records Centre,,,
2.40966E+16,,,12/12/2012,12/12/2012,D,12/12/2012,NHMSYS0001387317,Forficula auricularia,M9063,190500,263500,OSI,1000,,Carrowroe,Martin Cawley,,FALSE,FALSE,,,,mixed woodland,,,,,,,,,,
2.40966E+16,,,14/08/1989,14/08/1989,D,14/08/1989,NBNSYS0000006839,Myrmeleotettix maculatus,M9363,193500,263500,OSI,1000,,"Cloonlarge, W of","Arnold, H.; Eversham, B.; Green, S.G.",,FALSE,FALSE,,,225,,,,,,,,Biological Records Centre,,,
2.40966E+16,,,14/08/1989,14/08/1989,D,14/08/1989,NBNSYS0000006838,Omocestus viridulus,M9363,193500,263500,OSI,1000,,"Cloonlarge, W of","Arnold, H.; Eversham, B.; Green, S.G.",,FALSE,FALSE,,,225,,,,,,,,Biological Records Centre,,,
2.41065E+16,,,25/08/2012,25/08/2012,D,25/08/2012,NBNSYS0000006839,Myrmeleotettix maculatus,N54606390,254605,263905,OSI,10,,"Ballymacahill, Drumcree",Trona Finnen,,FALSE,FALSE,,Westmeath,Westmeath,Cutover bog,,<10,,,,,,,,
2.41065E+16,,,25/08/2012,25/08/2012,D,25/08/2012,NBNSYS0000006838,Omocestus viridulus,N54606390,254605,263905,OSI,10,,"Ballymacahill, Drumcree",Trona Finnen,,FALSE,FALSE,,Westmeath,Westmeath,Cutover bog,,<10,,,,,,,,
2.40966E+16,,,01/01/1693,31/12/1940,DD,01/01/1693 - 31/12/1940,NBNSYS0000006839,Myrmeleotettix maculatus,L86,85000,265000,OSI,10000,,"Connemara,Leenaun","Moseley, M.E.",,FALSE,FALSE,,,216,,"Moseley, M.E.",,,,,,Biological Records Centre,,,
2.40966E+16,,,30/08/1930,30/08/1930,D,30/08/1930,NBNSYS0000006839,Myrmeleotettix maculatus,L86,85000,265000,OSI,10000,,Leenane,"Moseley, M.E.",,FALSE,FALSE,,,216,,,,,,,,Biological Records Centre,,,
2.40966E+16,,,01/01/1693,31/12/1940,DD,01/01/1693 - 31/12/1940,NBNSYS0000006834,Stethophyma grossum,L86,85000,265000,OSI,10000,,"Connemara,Leenaun","Moseley, M.E.",,FALSE,FALSE,,,216,,"Moseley, M.E.",,,,,,Biological Records Centre,,,
2.40966E+16,,,30/08/1930,30/08/1930,D,30/08/1930,NBNSYS0000006834,Stethophyma grossum,L86,85000,265000,OSI,10000,,"Leenane,Connemara","Moseley, M.E.",,FALSE,FALSE,,,216,,,,,,,,Biological Records Centre,,,
2.41065E+16,,,25/08/2012,25/08/2012,D,25/08/2012,NBNSYS0000006838,Omocestus viridulus,N555641,255550,264150,OSI,100,,"Mullaghcroy, Drumcree",Trona Finnen,,FALSE,FALSE,,Westmeath,Westmeath,Cutover bog,,<10,,,,,,,,
2.41065E+16,,,25/08/2012,25/08/2012,D,25/08/2012,NBNSYS0000006839,Myrmeleotettix maculatus,N555641,255550,264150,OSI,100,,"Mullaghcroy, Drumcree",Trona Finnen,,FALSE,FALSE,,Westmeath,Westmeath,Cutover bog,,<10,,,,,,,,
2.41065E+16,,,12/08/2012,12/08/2012,D,12/08/2012,NHMSYS0001387317,Forficula auricularia,L842654,84250,265450,OSI,100,,Delphi,Jon Kearney,,FALSE,FALSE,,Mayo,West Mayo,Riparian woodland,,1,,,,,,,,
2.40966E+16,,,01/06/2013,01/06/2013,D,01/06/2013,NBNSYS0000006832,Tetrix subulata,N074640,207450,264050,OSI,100,,ISPCA Centre Derryglogher,"Tilla Schulte Ostermann, Chris Martin, Andrew & ine Fenner",,FALSE,FALSE,,Longford,Longford,,,,IWT longford/Westmeath Mini Bioblitz,,,,,,,
2.40966E+16,,,01/01/1955,31/12/1955,Y,1955,NBNSYS0000006842,Chorthippus brunneus,M16,115000,265000,OSI,10000,,Ballinrobe,,,FALSE,FALSE,,,226,,,,,,,,Biological Records Centre,,,
2.40966E+16,,,01/04/1977,30/04/1977,DD,01/04/1977 - 30/04/1977,NBNSYS0000006832,Tetrix subulata,N9965,299500,265500,OSI,1000,,,"Speight, M.C.D.",,FALSE,FALSE,,,222,,"Speight, M.C.D.",,,,,,Biological Records Centre,,,
2.40966E+16,,,09/04/1977,09/04/1977,D,09/04/1977,NBNSYS0000006832,Tetrix subulata,N9965,299500,265500,OSI,1000,,"Burtonstown, Co. Meath.","Speight, M.C.D.",,FALSE,FALSE,,,222,,,,Grasshoppers and crickets of Ireland,,,,National Biodiversity Data Centre Ireland,,,
2.40966E+16,,,01/01/1693,31/12/1901,DD,01/01/1693 - 31/12/1901,NBNSYS0000006833,Tetrix undulata,N46,245000,265000,OSI,10000,,Derravaragh,,,FALSE,FALSE,,,223,,"O'Connor, J.P.",,,,,,"Harding, P.T.",,,
2.41065E+16,,,08/08/2012,08/08/2012,D,08/08/2012,NBNSYS0000006838,Omocestus viridulus,N40406630,240405,266305,OSI,10,,Lough Derravaragh,Trona Finnen,,FALSE,FALSE,,Westmeath,Westmeath,Wet grassland,,<10,,,,,,,,
2.41065E+16,,,08/08/2012,08/08/2012,D,08/08/2012,NBNSYS0000006842,Chorthippus brunneus,N40406630,240405,266305,OSI,10,,Lough Derravaragh,Trona Finnen,,FALSE,FALSE,,Westmeath,Westmeath,Wet grassland,,<10,,,,,,,,
2.41065E+16,,,13/08/2012,13/08/2012,D,13/08/2012,NBNSYS0000006842,Chorthippus brunneus,M150670,115050,267050,OSI,100,,Aghinish,Eoin Mc Greal,,FALSE,FALSE,,Mayo,East Mayo,Dry calcareous and neutral grassland,,Nov-50,,,,,,,,
2.40966E+16,,,01/06/1980,30/06/1980,DD,01/06/1980 - 30/06/1980,NBNSYS0000006832,Tetrix subulata,N4066,240500,266500,OSI,1000,,L Derravaragh,"Cotton, D.C.F.",,FALSE,FALSE,,,223,,"Cotton, D.C.F.",,,,,,Biological Records Centre,,,
2.40966E+16,,,01/06/1980,30/06/1980,DD,01/06/1980 - 30/06/1980,NBNSYS0000006833,Tetrix undulata,N4066,240500,266500,OSI,1000,,L Derravaragh,"Cotton, D.C.F.",,FALSE,FALSE,,,223,,"Cotton, D.C.F.",,,,,,Biological Records Centre,,,
2.41065E+16,,,13/08/2012,13/08/2012,D,13/08/2012,NBNSYS0000006842,Chorthippus brunneus,N55906670,255905,266705,OSI,10,,Cooleighter,Trona Finnen,,FALSE,FALSE,,Westmeath,Westmeath,Dry calcareous and neutral grassland,,<10,,,,,,,,
2.40966E+16,,,15/07/2003,15/07/2003,D,15/07/2003,NBNSYS0000006838,Omocestus viridulus,N2966,229500,266500,OSI,1000,,Glen Lough near Rathowen,"Don Cotton, M. Cotton, N. Harmey & S. Moles",,FALSE,FALSE,,,,,,,Several heard and one checked.,,,,,,,
2.41065E+16,,,08/08/2012,08/08/2012,D,08/08/2012,NBNSYS0000006842,Chorthippus brunneus,N38906665,238905,266655,OSI,10,,Soho,Trona Finnen,,FALSE,FALSE,,Westmeath,Westmeath,Wet grassland,,<10,,,,,,,,
2.41065E+16,,,13/08/2012,13/08/2012,D,13/08/2012,NBNSYS0000006838,Omocestus viridulus,N55606690,255605,266905,OSI,10,,Cooleighter,Trona Finnen,,FALSE,FALSE,,Westmeath,Westmeath,Wet grassland,,Nov-50,,,,,,,,
2.41065E+16,,,04/08/2012,04/08/2012,D,04/08/2012,NBNSYS0000006838,Omocestus viridulus,M151673,115150,267350,OSI,100,,Aghinish,Eoin Mc Greal,,FALSE,FALSE,,Mayo,East Mayo,Dry calcareous and neutral grassland,,<10,,,,,,,,
2.41065E+16,,,08/08/2012,08/08/2012,D,08/08/2012,NBNSYS0000006842,Chorthippus brunneus,N38806680,238805,266805,OSI,10,,Soho,Trona Finnen,,FALSE,FALSE,,Westmeath,Westmeath,Buildings and artificial surfaces,,1,,,,,,,,
2.40966E+16,,,01/08/1974,31/08/1974,DD,01/08/1974 - 31/08/1974,NBNSYS0000006842,Chorthippus brunneus,N8967,289500,267500,OSI,1000,,,"Speight, M.C.D.",,FALSE,FALSE,,,222,,"Speight, M.C.D.",,,,,,Biological Records Centre,,,
2.40966E+16,,,05/08/1974,05/08/1974,D,05/08/1974,NBNSYS0000006842,Chorthippus brunneus,N8967,289500,267500,OSI,1000,,"Bailis, Co. Meath.","Speight, M.C.D.",,FALSE,FALSE,,,222,,,,Grasshoppers and crickets of Ireland,,,,National Biodiversity Data Centre Ireland,,,
2.41065E+16,,,16/09/2012,16/09/2012,D,16/09/2012,NHMSYS0001387317,Forficula auricularia,M153677,115350,267750,OSI,100,,Aghinish,Eoin Mc Greal,,FALSE,FALSE,,Mayo,East Mayo,Built land,,>50,,,,,,,,
2.40966E+16,,,27/07/2013,27/07/2013,D,27/07/2013,NBNSYS0000006838,Omocestus viridulus,M497674,149750,267450,OSI,100,,Cloonkeen,Chris Peppiatt,,FALSE,FALSE,,Galway,North-east Galway,Recolonising bare ground,,1,1,,,,,,,
2.40966E+16,,,18/05/1990,18/05/1990,D,18/05/1990,NBNSYS0000006832,Tetrix subulata,N3667,236500,267500,OSI,1000,,"Garriskill Bog, Co. Westmeath.","Speight, M.C.D.",,FALSE,FALSE,,,223,,,,Grasshoppers and crickets of Ireland,,,,National Biodiversity Data Centre Ireland,,,
2.40966E+16,,,14/08/1989,14/08/1989,D,14/08/1989,NBNSYS0000006832,Tetrix subulata,M9467,194500,267500,OSI,1000,,"Coolshaghtena, W of","Arnold, H.; Eversham, B.; Green, S.G.",,FALSE,FALSE,,,225,,,,,,,,Biological Records Centre,,,
2.40966E+16,,,14/08/1989,14/08/1989,D,14/08/1989,NBNSYS0000006838,Omocestus viridulus,M9467,194500,267500,OSI,1000,,"Coolshaghtena, W of","Arnold, H.; Eversham, B.; Green, S.G.",,FALSE,FALSE,,,225,,,,,,,,Biological Records Centre,,,
2.40966E+16,,,14/08/1989,14/08/1989,D,14/08/1989,NHMSYS0001387317,Forficula auricularia,M9467,194500,267500,OSI,1000,,"Coolshaghtena, W of","Arnold, H.; Eversham, B.; Green, S.G.",,FALSE,FALSE,,,225,,,,,,,,Biological Records Centre,,,
2.41065E+16,,,03/09/2012,03/09/2012,D,03/09/2012,NBNSYS0000006838,Omocestus viridulus,L921687,92150,268750,OSI,100,,Barnaderg,Eoin Mc Greal,,FALSE,FALSE,,Mayo,West Mayo,Dry-humid acid grassland,,<10,,,,,,,,
2.41065E+16,,,21/06/2006,21/06/2006,D,21/06/2006,NBNSYS0000006838,Omocestus viridulus,L966689,96650,268950,OSI,100,,Erriff,Kevin Murphy,,FALSE,FALSE,Images\24106532627023539.jpg,Mayo,West Mayo,,,<10,,,,,,,,
2.40966E+16,,,01/09/1979,30/09/1979,DD,01/09/1979 - 30/09/1979,NBNSYS0000006838,Omocestus viridulus,N3968,239500,268500,OSI,1000,,Lough Derravaragh,"Cotton, D.C.F.",,FALSE,FALSE,,,223,,"Cotton, D.C.F.",,,,,,Biological Records Centre,,,
2.41065E+16,,,08/09/2009,08/09/2009,D,08/09/2009,NBNSYS0000006839,Myrmeleotettix maculatus,M161691,116150,269150,OSI,100,,Partry,Kevin Murphy,,FALSE,FALSE,Images\24106532627023540.jpg,Mayo,West Mayo,,,<10,,,,,,,,
2.41065E+16,,,09/08/2012,09/08/2012,D,09/08/2012,NBNSYS0000006838,Omocestus viridulus,N006686,200650,268650,OSI,100,,"Commons North, Lanesborough",Sue Moles,,FALSE,FALSE,,Longford,Longford,Limestone/marl lakes,,<10,"The habitat is a disused limestone quarry which floods due to its proximity to lough Ree, It has Calcarous vegetation with mini wet flush areas.",,,,,,,
2.41065E+16,,,09/08/2012,09/08/2012,D,09/08/2012,NBNSYS0000006842,Chorthippus brunneus,N006686,200650,268650,OSI,100,,"Commons North, Lanesborough",Sue Moles,,FALSE,FALSE,,Longford,Longford,Limestone/marl lakes,,<10,"The habitat is a disused limestone quarry which floods due to its proximity to lough Ree, It has Calcarous vegetation with mini wet flush areas.",,,,,,,
2.40966E+16,,,23/07/2000,23/07/2000,D,23/07/2000,NBNSYS0000006838,Omocestus viridulus,M1669,116500,269500,OSI,1000,,"Partry House, Lough Carra",Don Cotton,,FALSE,FALSE,,,,,,,Frequent.,,,,,,,
2.40966E+16,,,28/07/2006,28/07/2006,D,28/07/2006,NBNSYS0000006838,Omocestus viridulus,M1669,116500,269500,OSI,1000,,"Partry House, Lough Carra",Don Cotton,,FALSE,FALSE,,,,,,10,,,,,,,,
2.40966E+16,,,23/07/2000,23/07/2000,D,23/07/2000,NBNSYS0000006839,Myrmeleotettix maculatus,M1669,116500,269500,OSI,1000,,"Partry House, Lough Carra",Don Cotton,,FALSE,FALSE,,,,,,,Occasional.,,,,,,,
2.41065E+16,,,13/08/2012,13/08/2012,D,13/08/2012,NBNSYS0000006838,Omocestus viridulus,N49606940,249605,269405,OSI,10,,Lough Lene,Trona Finnen,,FALSE,FALSE,,Westmeath,Westmeath,Wet grassland,,<10,,,,,,,,
2.40966E+16,,,21/07/1982,21/07/1982,D,21/07/1982,NBNSYS0000006832,Tetrix subulata,N4969,249500,269500,OSI,1000,,"Loughpark, Co. Westmeath.","Speight, M.C.D.",,FALSE,FALSE,,,223,,,,Grasshoppers and crickets of Ireland,,,,National Biodiversity Data Centre Ireland,,,
2.48947E+16,,,24/08/2016,24/08/2016,D,24/08/2016,NBNSYS0000006838,Omocestus viridulus,N510704,251050,270450,OSI,100,,Fore,"Martin Gammell, Caitriona Carlin",,FALSE,FALSE,,Westmeath,Westmeath,,,,,,,,,,,
9.94202E+16,,,18/09/2014,18/09/2014,D,18/09/2014,NBNSYS0000006842,Chorthippus brunneus,M202724,120250,272450,OSI,100,,Lough Carra at Carrowkilleen,Brian Nelson,,FALSE,FALSE,,Mayo,East Mayo,,Brian Nelson,,,,,Orthoptera Atlas,,,,
9.94202E+16,,,18/09/2014,18/09/2014,D,18/09/2014,NBNSYS0000006833,Tetrix undulata,M202724,120250,272450,OSI,100,,Lough Carra at Carrowkilleen,Brian Nelson,,FALSE,FALSE,,Mayo,East Mayo,,Brian Nelson,,,,,Orthoptera Atlas,,,,
9.94202E+16,,,18/09/2014,18/09/2014,D,18/09/2014,NBNSYS0000006832,Tetrix subulata,M202724,120250,272450,OSI,100,,Lough Carra at Carrowkilleen,Brian Nelson,,FALSE,FALSE,,Mayo,East Mayo,,Brian Nelson,,,,,Orthoptera Atlas,,,,
9.94202E+16,,,18/09/2014,18/09/2014,D,18/09/2014,NHMSYS0001387317,Forficula auricularia,M202724,120250,272450,OSI,100,,Lough Carra at Carrowkilleen,Brian Nelson,,FALSE,FALSE,,Mayo,East Mayo,,Brian Nelson,,,,,,,,,
2.40966E+16,,,18/09/2014,18/09/2014,D,18/09/2014,NBNSYS0000006842,Chorthippus brunneus,M202724,120250,272450,OSI,100,,Lough Carra at Carrowkilleen,Brian Nelson,,FALSE,FALSE,,,Mayo,,Brian Nelson,,,,,,,,,
2.40966E+16,,,18/09/2014,18/09/2014,D,18/09/2014,NBNSYS0000006833,Tetrix undulata,M202724,120250,272450,OSI,100,,Lough Carra at Carrowkilleen,Brian Nelson,,FALSE,FALSE,,,Mayo,,Brian Nelson,,,,,,,,,
2.40966E+16,,,18/09/2014,18/09/2014,D,18/09/2014,NBNSYS0000006832,Tetrix subulata,M202724,120250,272450,OSI,100,,Lough Carra at Carrowkilleen,Brian Nelson,,FALSE,FALSE,,,Mayo,,Brian Nelson,,,,,,,,,
2.41065E+16,,,27/08/2012,27/08/2012,D,27/08/2012,NHMSYS0001387317,Forficula auricularia,N734725,273450,272550,OSI,100,,"Tobarultan, Balrath, Kells",Kevin Segrave,,FALSE,FALSE,,Meath,Meath,Buildings and artificial surfaces,,Nov-50,"Repeated earwig ""rescues"" required from kitchen, living room and en suites. First (rarely) spotted when house completed (2005), but this year almost a common event all around the house upstairs and down. Found emerging from near a window cill, making a dash accross a wooden floor and in occupation of a half-pan of bread in kitchen. Also spotted on concrete outdoors near from door. House on site of older sammler farmhouse building, gravel house suround and some adjacent untouched overgrwioth of some years standing. By the way, having no knowledge of earwig species, requiring that such be ID'd surely has the potential to skew the record? I guessed the Common as suggested by Micheal Viney in the IT.",,,,,,,
2.41065E+16,,,25/08/2012,25/08/2012,D,25/08/2012,NBNSYS0000006838,Omocestus viridulus,N540730,254050,273050,OSI,100,,"Grennan, Oldcastle",Trona Finnen,,FALSE,FALSE,,Westmeath,Westmeath,Semi-natural grassland,,<10,,,,,,,,
9.94202E+16,,,08/08/2011,08/08/2011,D,08/08/2011,NBNSYS0000006833,Tetrix undulata,M1673,116500,273500,OSI,1000,,Lough Carra north of Ballovey graveyard,Brian Nelson,,FALSE,FALSE,,Mayo,East Mayo,,Brian Nelson,hand search,,,,Three lakes survey,,,"Grazed, short grassland on stony shore of calcareous lake",
9.94202E+16,,,08/08/2011,08/08/2011,D,08/08/2011,NBNSYS0000006838,Omocestus viridulus,M166736,116650,273650,OSI,100,,"Lough Carra, shore at Ballovey graveyard",Brian Nelson,,FALSE,FALSE,,Mayo,East Mayo,,Brian Nelson,field record,Three lakes survey,,,Orthoptera Atlas,,,"Grazed, short grassland on stony shore of calcareous lake",
2.41065E+16,,,04/09/2012,04/09/2012,D,04/09/2012,NBNSYS0000006839,Myrmeleotettix maculatus,M128737,112850,273750,OSI,100,,Furnace,Eoin Mc Greal,,FALSE,FALSE,,Mayo,East Mayo,Cutover bog,,<10,,,,,,,,
2.41065E+16,,,04/09/2012,04/09/2012,D,04/09/2012,NBNSYS0000006834,Stethophyma grossum,M128737,112850,273750,OSI,100,,Furnace,Eoin Mc Greal,,FALSE,FALSE,,Mayo,East Mayo,Cutover bog,,<10,,,,,,,,
2.40966E+16,,,04/09/2013,04/09/2013,D,04/09/2013,NBNSYS0000006838,Omocestus viridulus,N116732,211650,273250,OSI,100,,Royal Canal south of Longford at Cartronageeragh,Brian Nelson,,FALSE,FALSE,,,Longford,,Brian Nelson,,,,,,,,,
9.94202E+16,,,04/09/2013,04/09/2013,D,04/09/2013,NBNSYS0000006838,Omocestus viridulus,N116732,211650,273250,OSI,100,,Royal Canal south of Longford at Cartronageeragh,Brian Nelson,,FALSE,FALSE,,Longford,Longford,,Brian Nelson,,,,,Orthoptera Atlas,,,,
9.94202E+16,,,04/09/2013,04/09/2013,D,04/09/2013,NHMSYS0001387317,Forficula auricularia,N116732,211650,273250,OSI,100,,Royal Canal south of Longford at Cartronageeragh,Brian Nelson,,FALSE,FALSE,,Longford,Longford,,Brian Nelson,,,,,,,,,
2.40966E+16,,,10/09/1941,10/09/1941,D,10/09/1941,NBNSYS0000006834,Stethophyma grossum,L97,95000,275000,OSI,10000,,"Tawnyard Lough,N of","Stelfox, A.W.",,FALSE,FALSE,,,227,,"Stelfox, A.W.",,,,,,"Harding, P.T.",,,
2.40966E+16,,,01/01/1920,31/12/1920,Y,1920,NBNSYS0000006838,Omocestus viridulus,O07,305000,275000,OSI,10000,,Drogheda,,,FALSE,FALSE,,,222,,,,,,,,Biological Records Centre,,,
2.40966E+16,,,01/06/1973,30/06/1973,DD,01/06/1973 - 30/06/1973,NBNSYS0000006842,Chorthippus brunneus,O07,305000,275000,OSI,10000,,Townley Hall,"Skelton, M.J.L.",,FALSE,FALSE,,,231,,"Skelton, M.J.L.",,,,,,Biological Records Centre,,,
2.40966E+16,,,06/10/1892,06/10/1892,D,06/10/1892,NHMSYS0001387317,Forficula auricularia,O07,305000,275000,OSI,10000,,Drogheda,,,FALSE,FALSE,,,222,,"O'Connor, J.P.",,,,,,"Harding, P.T.",,,
2.40966E+16,,,01/01/1964,31/12/1964,Y,1964,NBNSYS0000006842,Chorthippus brunneus,N97,295000,275000,OSI,10000,,Slane,Goodhue,,FALSE,FALSE,,,222,,Goodhue,,,,,,Biological Records Centre,,,
2.40966E+16,,,01/01/1964,31/12/1964,Y,1964,NBNSYS0000006842,Chorthippus brunneus,N97,295000,275000,OSI,10000,,Slane,Goodhue,,FALSE,FALSE,,,222,,Goodhue,,,,,,"Andrewes, C.H.",,,
2.40966E+16,,,01/01/1963,31/12/1963,DD,01/01/1963 - 31/12/1963,NBNSYS0000006842,Chorthippus brunneus,N97,295000,275000,OSI,10000,,Slane,,,FALSE,FALSE,,,222,,,,,,,,Biological Records Centre,,,
2.40966E+16,,,01/01/1964,31/12/1964,Y,1964,NBNSYS0000006839,Myrmeleotettix maculatus,N97,295000,275000,OSI,10000,,Slane,Goodhue,,FALSE,FALSE,,,222,,Goodhue,,,,,,Biological Records Centre,,,
2.40966E+16,,,01/01/1963,31/12/1963,DD,01/01/1963 - 31/12/1963,NBNSYS0000006839,Myrmeleotettix maculatus,N97,295000,275000,OSI,10000,,Slane,,,FALSE,FALSE,,,222,,,,,,,,Biological Records Centre,,,
2.40966E+16,,,01/01/1964,31/12/1964,Y,1964,NBNSYS0000006838,Omocestus viridulus,N97,295000,275000,OSI,10000,,Slane,Goodhue,,FALSE,FALSE,,,222,,Goodhue,,,,,,"Andrewes, C.H.",,,
2.40966E+16,,,01/01/1964,31/12/1964,Y,1964,NBNSYS0000006838,Omocestus viridulus,N97,295000,275000,OSI,10000,,Slane,Goodhue,,FALSE,FALSE,,,222,,Goodhue,,,,,,Biological Records Centre,,,
2.40966E+16,,,01/09/1979,30/09/1979,DD,01/09/1979 - 30/09/1979,NBNSYS0000006842,Chorthippus brunneus,O1175,311500,275500,OSI,1000,,Boyne Estuary,"Cotton, D.C.F.",,FALSE,FALSE,,,222,,"Cotton, D.C.F.",,,,,,Biological Records Centre,,,
2.40966E+16,,,01/07/1976,31/07/1976,DD,01/07/1976 - 31/07/1976,NBNSYS0000006842,Chorthippus brunneus,M17,115000,275000,OSI,10000,,Lough Carra,"Higgins, D.G.F.",,FALSE,FALSE,,,226,,"Higgins, D.G.F.",,,,,,Biological Records Centre,,,
2.40966E+16,,,01/07/1977,31/07/1977,DD,01/07/1977 - 31/07/1977,NBNSYS0000006838,Omocestus viridulus,M17,115000,275000,OSI,10000,,Lough Carra,"Higgins, D.G.F.",,FALSE,FALSE,,,226,,"Higgins, D.G.F.",,,,,,Biological Records Centre,,,
2.40966E+16,,,09/09/2001,09/09/2001,D,09/09/2001,NBNSYS0000006842,Chorthippus brunneus,M17,115000,275000,OSI,10000,,Lough Carra near Partry,Don Cotton,,FALSE,FALSE,,,,,,,,,,,,,,
2.40966E+16,,,09/09/2001,09/09/2001,D,09/09/2001,NBNSYS0000006838,Omocestus viridulus,M17,115000,275000,OSI,10000,,Lough Carra near Partry,Don Cotton,,FALSE,FALSE,,,,,,,,,,,,,,
2.41065E+16,,,25/08/2012,25/08/2012,D,25/08/2012,NBNSYS0000006842,Chorthippus brunneus,N536746,253650,274650,OSI,100,,"Grenan, Oldcastle",Trona Finnen,,FALSE,FALSE,,Westmeath,Westmeath,Dry calcareous and neutral grassland,,<10,,,,,,,,
2.40966E+16,,,28/06/2003,28/06/2003,D,28/06/2003,NBNSYS0000006833,Tetrix undulata,M1675,116500,275500,OSI,1000,,"Doon Wood, Lough Carra",Don Cotton,,FALSE,FALSE,,,,,,1,,,,,,,,
2.40966E+16,,,31/12/2005,31/12/2005,D,31/12/2005,NHMSYS0001387317,Forficula auricularia,N7575,275500,275500,OSI,1000,,Kells,Martin Cawley,,FALSE,FALSE,,,,conifer plantation,,,,,,,,,,
2.40966E+16,,,01/09/1979,30/09/1979,DD,01/09/1979 - 30/09/1979,NBNSYS0000006842,Chorthippus brunneus,O1276,312500,276500,OSI,1000,,Boyne Estuary,"Cotton, D.C.F.",,FALSE,FALSE,,,231,,"Cotton, D.C.F.",,,,,,Biological Records Centre,,,
2.41065E+16,,,08/08/2012,08/08/2012,D,08/08/2012,NBNSYS0000006838,Omocestus viridulus,N40197557,240195,275575,OSI,10,,Doon,Trona Finnen,,FALSE,FALSE,,Westmeath,Westmeath,Wet grassland,,1,,,,,,,,
2.41065E+16,,,25/08/2012,25/08/2012,D,25/08/2012,NHMSYS0001387317,Forficula auricularia,M340761,134050,276150,OSI,100,,"Claremont, Claremorris",T J Fleming,,FALSE,FALSE,,Mayo,East Mayo,Flower beds and borders,,Nov-50,I found up to 30 earwigs inside  the dried core of a delphinium stalk while tidying up the garden.  Several strays have also made it into the house (constructed  in 2006).  Earwigs are generally plentiful in the area.,,,,,,,
2.40966E+16,,,01/05/1975,31/05/1975,DD,01/05/1975 - 31/05/1975,NBNSYS0000006832,Tetrix subulata,M1876,118500,276500,OSI,1000,,,"Speight, M.C.D.",,FALSE,FALSE,,,226,,"Speight, M.C.D.",,,,,,Biological Records Centre,,,
2.40966E+16,,,09/05/1975,09/05/1975,D,09/05/1975,NBNSYS0000006832,Tetrix subulata,M1876,118500,276500,OSI,1000,,"Castlecarra, Co. Mayo.","Speight, M.C.D.",,FALSE,FALSE,,,226,,,,Grasshoppers and crickets of Ireland,,,,National Biodiversity Data Centre Ireland,,,
2.40966E+16,,,01/05/1975,31/05/1975,DD,01/05/1975 - 31/05/1975,NBNSYS0000006833,Tetrix undulata,M1876,118500,276500,OSI,1000,,,"Speight, M.C.D.",,FALSE,FALSE,,,226,,"Speight, M.C.D.",,,,,,Biological Records Centre,,,
2.40966E+16,,,08/05/1975,08/05/1975,D,08/05/1975,NBNSYS0000006833,Tetrix undulata,M1876,118500,276500,OSI,1000,,"Castlecarra, Co. Mayo.","Speight, M.C.D.",,FALSE,FALSE,,,226,,,,Grasshoppers and crickets of Ireland,,,,National Biodiversity Data Centre Ireland,,,
2.40966E+16,,,10/06/2011,01/07/2011,DD,10/06/2011 - 01/07/2011,NBNSYS0000006838,Omocestus viridulus,L79647805,79645,278057,OSI,10,,Formoyle,Tom Gittings,,FALSE,FALSE,,Mayo,,,Tom Gittings,,,,,BIOPLAN,,,Malaise trap,
2.41065E+16,,,05/08/2012,05/08/2012,D,05/08/2012,NBNSYS0000006838,Omocestus viridulus,M167773,116750,277350,OSI,100,,Castlebourke,Eoin Mc Greal,,FALSE,FALSE,,Mayo,East Mayo,Semi-natural grassland,,<10,,,,,,,,
9.94202E+16,,,09/08/2011,09/08/2011,D,09/08/2011,NBNSYS0000006832,Tetrix subulata,M167773,116750,277350,OSI,100,,Lough Carra at Castleburke,Brian Nelson,,FALSE,FALSE,,Mayo,East Mayo,,Brian Nelson,Swept,,,,Three lakes survey,,,"mosaic of calcareous grassland, scrub and fen",
2.40966E+16,,,01/07/2011,07/07/2011,DD,01/07/2011 - 07/07/2011,NBNSYS0000006838,Omocestus viridulus,L79837819,79831,278197,OSI,10,,Formoyle,Tom Gittings,,FALSE,FALSE,,Mayo,,,Tom Gittings,,,,,BIOPLAN,,,Malaise trap,
2.40966E+16,,,27/04/2002,27/04/2002,D,27/04/2002,NHMSYS0001387317,Forficula auricularia,M7377,173500,277500,OSI,1000,,Bohag,Martin Cawley,,FALSE,FALSE,,,,grassland,,,,,,,,,,
2.41065E+16,,,21/08/2012,21/08/2012,D,21/08/2012,NBNSYS0000006838,Omocestus viridulus,N42807810,242805,278105,OSI,10,,Castletown,Trona Finnen,,FALSE,FALSE,,Westmeath,Westmeath,Cutover bog,,<10,,,,,,,,
2.41065E+16,,,21/08/2012,21/08/2012,D,21/08/2012,NBNSYS0000006839,Myrmeleotettix maculatus,N42807810,242805,278105,OSI,10,,Castletown,Trona Finnen,,FALSE,FALSE,,Westmeath,Westmeath,Cutover bog,,<10,,,,,,,,
2.41065E+16,,,06/08/2012,06/08/2012,D,06/08/2012,NBNSYS0000006838,Omocestus viridulus,L817796,81750,279650,OSI,100,,Srahrevagh,Eoin Mc Greal,,FALSE,FALSE,,Mayo,West Mayo,Cutover bog,,<10,,,,,,,,
2.41065E+16,,,06/08/2012,06/08/2012,D,06/08/2012,NBNSYS0000006839,Myrmeleotettix maculatus,L817796,81750,279650,OSI,100,,Srahrevagh,Eoin Mc Greal,,FALSE,FALSE,,Mayo,West Mayo,Cutover bog,,Nov-50,,,,,,,,
2.40966E+16,,,06/05/2012,06/05/2012,D,06/05/2012,NHMSYS0001387317,Forficula auricularia,M4979,149500,279500,OSI,1000,,Ballyhaunis,Martin Cawley,,FALSE,FALSE,,,,graveyard,,,,,,,,,,
9.94202E+16,,,09/09/2011,09/09/2011,D,09/09/2011,NBNSYS0000006833,Tetrix undulata,M640798,164050,279850,OSI,100,,Cloonchambers Bog SAC,Brian Nelson,,FALSE,FALSE,,Roscommon,Roscommon,,Brian Nelson,,,,,,,,Bog edge under birch on bare peat,
2.40966E+16,,,23/08/1978,23/08/1978,D,23/08/1978,NHMSYS0001387317,Forficula auricularia,O1481,314500,281500,OSI,1000,,Termonfeckin,"Good, J.A.",,FALSE,FALSE,,,231,,"Good, J.A.",,,,,,Biological Records Centre,,,
2.41065E+16,,,12/08/2012,12/08/2012,D,12/08/2012,NBNSYS0000006838,Omocestus viridulus,M063811,106350,281150,OSI,100,,Toberooaun,Eoin Mc Greal,,FALSE,FALSE,,Mayo,West Mayo,Semi-natural grassland,,<10,,,,,,,,
9.94202E+16,,,21/05/2010,21/05/2010,D,21/05/2010,NBNSYS0000006832,Tetrix subulata,N395809,239550,280950,OSI,100,,Lough Kinale,Brian Nelson,,FALSE,FALSE,,Westmeath,Westmeath,,Brian Nelson,,,,,,,,,
2.40966E+16,,,28/06/2002,28/06/2002,D,28/06/2002,NHMSYS0001387317,Forficula auricularia,L832826,83250,282650,OSI,100,,"Old Head Wood, NE of Louisburgh",Roy Anderson,,FALSE,FALSE,,,,Coastland: fore dunes,,frequent,Under litter; upper shore.,,,,,,,
2.40966E+16,,,27/04/2002,27/04/2002,D,27/04/2002,NHMSYS0001387317,Forficula auricularia,M6881,168500,281500,OSI,1000,,Moor,Martin Cawley,,FALSE,FALSE,,,,ruins,,,,,,,,,,
2.41065E+16,,,21/09/2009,21/09/2009,D,21/09/2009,NHMSYS0001387317,Forficula auricularia,L980831,98050,283150,OSI,100,,Westport,Kevin Murphy,,FALSE,FALSE,Images\24106532627023538.jpg,Mayo,West Mayo,Flower beds and borders,,,,,,,,,,
2.40966E+16,,,07/05/2002,07/05/2002,D,07/05/2002,NHMSYS0001387317,Forficula auricularia,L649841,64950,284150,OSI,100,,Kinttevdilla,Martin Cawley,,FALSE,FALSE,,,,coastal heathland,,,,,,,,,,
2.40966E+16,,,16/07/1978,16/07/1978,D,16/07/1978,NBNSYS0000006832,Tetrix subulata,N0882,208500,282500,OSI,1000,,"Lough Forbes, Clooneen, Co. Longford.","Speight, M.C.D.",,FALSE,FALSE,,,224,,,,Grasshoppers and crickets of Ireland,,,,National Biodiversity Data Centre Ireland,,,
2.40966E+16,,,01/07/1978,31/07/1978,DD,01/07/1978 - 31/07/1978,NBNSYS0000006832,Tetrix subulata,N0882,208500,282500,OSI,1000,,,"Speight, M.C.D.",,FALSE,FALSE,,,224,,"Speight, M.C.D.",,,,,,Biological Records Centre,,,
2.40966E+16,,,01/01/1693,31/12/1955,DD,01/01/1693 - 31/12/1955,NHMSYS0001387317,Forficula auricularia,L68,65000,285000,OSI,10000,,Clare Island,,,FALSE,FALSE,,,227,,,,,,,,Biological Records Centre,,,
2.40966E+16,,,01/01/1909,31/12/1909,DD,01/01/1909 - 31/12/1909,NHMSYS0001387317,Forficula auricularia,L68,65000,285000,OSI,10000,,Clare Island,,,FALSE,FALSE,,,227,,"O'Connor, J.P.",,,,,,"Harding, P.T.",,,
2.40966E+16,,,20/07/2009,20/07/2009,D,20/07/2009,NBNSYS0000006839,Myrmeleotettix maculatus,N068832,206850,283250,OSI,100,,Clooneen,Martin Cawley,,FALSE,FALSE,,,,raised bog,,,,,,,,,,
2.40966E+16,,,28/06/2002,28/06/2002,D,28/06/2002,NHMSYS0001387317,Forficula auricularia,L714852,71450,285250,OSI,100,,Clare Island Harbour,Roy Anderson,,FALSE,FALSE,,,,"Built-up area, domestic, rural garden",,frequent,Under stones by abandoned croft.,,,,,,,
2.40966E+16,,,01/04/1909,30/04/1909,DD,01/04/1909 - 30/04/1909,NHMSYS0001387317,Forficula auricularia,L88,85000,285000,OSI,10000,,Louisburgh,,,FALSE,FALSE,,,227,,"O'Connor, J.P.",,,,,,"Harding, P.T.",,,
2.40966E+16,,,19/05/1909,19/05/1909,D,19/05/1909,NBNSYS0000006833,Tetrix undulata,L88,85000,285000,OSI,10000,,Louisburgh,,,FALSE,FALSE,,,227,,"O'Connor, J.P.",,,,,,"Harding, P.T.",,,
9.94202E+16,,,08/09/2011,08/09/2011,D,08/09/2011,NBNSYS0000006833,Tetrix undulata,M564838,156450,283850,OSI,100,,Carrowbehy Bog SAC,Brian Nelson,,FALSE,FALSE,,Roscommon,Roscommon,,Brian Nelson,,,,,,,,"Roadside with stands of Centaurea, Succisa",
2.40966E+16,,,21/05/1909,21/05/1909,D,21/05/1909,NHMSYS0001387317,Forficula auricularia,L98,95000,285000,OSI,10000,,Westport,,,FALSE,FALSE,,,227,,"O'Connor, J.P.",,,,,,"Harding, P.T.",,,
2.41065E+16,,,06/08/2012,06/08/2012,D,06/08/2012,NHMSYS0001387317,Forficula auricularia,M233845,123350,284550,OSI,100,,smuttanagh,Ruth Little,,FALSE,FALSE,,Mayo,East Mayo,Buildings and artificial surfaces,,<10,in the kitchen sink,,,,,,,
2.41065E+16,,,06/08/2012,06/08/2012,D,06/08/2012,NBNSYS0000006842,Chorthippus brunneus,L947851,94750,285150,OSI,100,,Pigeon Point,Eoin Mc Greal,,FALSE,FALSE,,Mayo,West Mayo,Sea cliffs and islets,,<10,,,,,,,,
2.41065E+16,,,03/08/2012,03/08/2012,D,03/08/2012,NBNSYS0000006838,Omocestus viridulus,L990852,99050,285250,OSI,100,,Westport House Demense,Eoin Mc Greal,,FALSE,FALSE,,Mayo,West Mayo,Improved agricultural grassland,,<10,,,,,,,,
2.40966E+16,,,01/06/1909,30/06/1909,DD,01/06/1909 - 30/06/1909,NBNSYS0000006833,Tetrix undulata,M18,115000,285000,OSI,10000,,Castlebar,,,FALSE,FALSE,,,227,,"O'Connor, J.P.",,,,,,"Harding, P.T.",,,
2.41065E+16,,,04/09/2012,04/09/2012,D,04/09/2012,NHMSYS0001387317,Forficula auricularia,L994853,99450,285350,OSI,100,,Westport,Eoin Mc Greal,,FALSE,FALSE,,Mayo,West Mayo,Built land,,<10,,,,,,,,
2.40966E+16,,,06/05/2002,06/05/2002,D,06/05/2002,NHMSYS0001387317,Forficula auricularia,L719862,71950,286250,OSI,100,,"Capnagower, Clare Island",Martin Cawley,,FALSE,FALSE,,,,sea cliff,,,,,,,,,,
9.94202E+16,,,25/08/2016,25/08/2016,D,25/08/2016,NBNSYS0000006838,Omocestus viridulus,N345848,234550,284850,OSI,100,,Cloghchurnel Td.,Brian Nelson,,FALSE,FALSE,,Longford,Longford,grassy verge,Brian Nelson,present,,,Adult,Orthoptera Atlas,,,Field record,
2.40966E+16,,,29/06/2002,29/06/2002,D,29/06/2002,NHMSYS0001387317,Forficula auricularia,L705865,70550,286550,OSI,100,,The Mill Fen,Roy Anderson,,FALSE,FALSE,,,,"Grassland: marshy, lowland",,frequent,Under stones.,,,,,,,
9.94202E+16,,,13/09/2011,13/09/2011,D,13/09/2011,NBNSYS0000006838,Omocestus viridulus,M716860,171650,286050,OSI,100,,Bellanagare Bog,Brian Nelson,,FALSE,FALSE,,Roscommon,Roscommon,,Brian Nelson,,,,,Orthoptera Atlas,,,Grassy track on raised bog,
2.40966E+16,,,05/06/2002,05/06/2002,D,05/06/2002,NBNSYS0000006833,Tetrix undulata,M933871,193350,287150,OSI,100,,Drimmon Lough,"Nelson, Dr. B.",,FALSE,FALSE,,,Roscommon,,"Nelson, Dr. B.",,,,,,,,,
9.94202E+16,,,18/09/2014,18/09/2014,D,18/09/2014,NHMSYS0001387317,Forficula auricularia,L990884,99050,288450,OSI,100,,"Kilmeena Townland, north of Ballin Lough",Brian Nelson,,FALSE,FALSE,,Mayo,West Mayo,,Brian Nelson,,,,,,,,,
9.94202E+16,,,18/09/2014,18/09/2014,D,18/09/2014,NHMSYS0001387317,Forficula auricularia,L990884,99050,288450,OSI,100,,"Kilmeena Townland, north of Ballin Lough",Brian Nelson,,FALSE,FALSE,,Mayo,West Mayo,,Brian Nelson,,,,,,,,,
2.40966E+16,,,08/06/2006,08/06/2006,D,08/06/2006,NBNSYS0000006842,Chorthippus brunneus,N0687,206500,287500,OSI,1000,,Cornagillagh Bog near Roosky,Don Cotton & Jean Dunleavy,,FALSE,FALSE,,,,,,5,Nymphs.,,,,,,,
9.94202E+16,,,25/08/2016,25/08/2016,D,25/08/2016,NHMSYS0001387317,Forficula auricularia,N363877,236350,287750,OSI,100,,N55 near Grousehall,Brian Nelson,,FALSE,FALSE,,Cavan,Cavan,Road verge with many broom bushes,Brian Nelson,1,,,Adult,,,,beaten,
2.41065E+16,,,26/08/2012,26/08/2012,D,26/08/2012,NHMSYS0001387317,Forficula auricularia,M098888,109850,288850,OSI,100,,"Drumadoon, Islandeady",Kathy Parkinson,,FALSE,FALSE,,Mayo,West Mayo,Arable crops,,<10,Found in the leaves of the sweet corn growing in our polytunnel,,,,,,,
2.41065E+16,,,19/08/2012,19/08/2012,D,19/08/2012,NHMSYS0001387317,Forficula auricularia,M611888,161150,288850,OSI,100,,Feigh,Elizabeth Cottuli,,FALSE,FALSE,,Roscommon,Roscommon,Buildings and artificial surfaces,,<10,"I'd put a turtle mat out to dry on the concrete outside the kitchen. Picking it up, we found five earwigs had taken shelter in it. They vanished into the wood pile.",,,,,,,
2.41065E+16,,,29/07/2012,29/07/2012,D,29/07/2012,NBNSYS0000006838,Omocestus viridulus,N073888,207350,288850,OSI,100,,"Corracramph NHA, Meelragh",John Matthews,,FALSE,FALSE,,Leitrim,Leitrim,Raised bog,,Nov-50,This species was common along the grassy margins of the bog access track. Actively 'singing' on warm sunny day.,,,,,,,
2.41065E+16,,,29/07/2012,29/07/2012,D,29/07/2012,NBNSYS0000006839,Myrmeleotettix maculatus,N073888,207350,288850,OSI,100,,"Corracramph NHA, Meelragh",John Matthews,,FALSE,FALSE,,Leitrim,Leitrim,Raised bog,,Nov-50,"This species was common and actively 'singing' on the warm sunny day.They were noted on one side of the bog where more open areas were present among the vegetation. The site here was also quite wet with lots of surface water. The opposite side of the track had more intact vegetation cover with a lot less open or bare peat, only one specimen seen on this side.",,,,,,,
2.41065E+16,,,08/08/2012,08/08/2012,D,08/08/2012,NHMSYS0001387317,Forficula auricularia,N463895,246350,289550,OSI,100,,"Homestead Cottage, Coolkill",Caitriona McCabe,,FALSE,FALSE,,Cavan,Cavan,Buildings and artificial surfaces,,1,"In my bathroom, beside my toothbrush!",,,,,,,
2.40966E+16,,,01/07/1978,31/07/1978,DD,01/07/1978 - 31/07/1978,NBNSYS0000006833,Tetrix undulata,N0489,204500,289500,OSI,1000,,,"Speight, M.C.D.",,FALSE,FALSE,,,229,,"Speight, M.C.D.",,,,,,Biological Records Centre,,,
2.40966E+16,,,15/07/1978,15/07/1978,D,15/07/1978,NBNSYS0000006833,Tetrix undulata,N0489,204500,289500,OSI,1000,,"Derrycarne Demesne, Co. Leitrim.","Speight, M.C.D.",,FALSE,FALSE,,,229,,,,Grasshoppers and crickets of Ireland,,,,National Biodiversity Data Centre Ireland,,,
2.40966E+16,,,26/04/2002,26/04/2002,D,26/04/2002,NHMSYS0001387317,Forficula auricularia,M1390,113500,290500,OSI,1000,,Castlebar,Martin Cawley,,FALSE,FALSE,,,,graveyard,,,,,,,,,,
2.41065E+16,,,18/08/2012,18/08/2012,D,18/08/2012,NHMSYS0001387317,Forficula auricularia,N466905,246650,290550,OSI,100,,"Homestead Cottage, Coolkill",Caitriona McCabe,,FALSE,FALSE,,Cavan,Cavan,Buildings and artificial surfaces,,1,"Inside my kitchen, in the laundry",,,,,,,
2.40966E+16,,,16/07/1989,16/07/1989,D,16/07/1989,NBNSYS0000006842,Chorthippus brunneus,L788930,78850,293050,OSI,100,,"Altapheebera,Corraun Hill","Cawley, M.",,FALSE,FALSE,,,227,Unclassifiable habitat data given,"Cawley, M.",,,,,,"Cawley, M.",,,NATIVE
2.40966E+16,,,16/07/1989,16/07/1989,D,16/07/1989,NBNSYS0000006839,Myrmeleotettix maculatus,L788930,78850,293050,OSI,100,,"Altapheebera,Corraun Hill","Cawley, M.",,FALSE,FALSE,,,227,Unclassifiable habitat data given,"Cawley, M.",,,,,,"Cawley, M.",,,NATIVE
2.40966E+16,,,16/07/1989,16/07/1989,D,16/07/1989,NBNSYS0000006838,Omocestus viridulus,L788930,78850,293050,OSI,100,,"Altapheebera,Corraun Hill","Cawley, M.",,FALSE,FALSE,,,227,Unclassifiable habitat data given,"Cawley, M.",,,,,,"Cawley, M.",,,NATIVE
2.40966E+16,,,24/05/2008,24/05/2008,D,24/05/2008,NBNSYS0000006832,Tetrix subulata,N042917,204250,291750,OSI,100,,"Lough Scannal at Derrywillow, River Shannon","Don Cotton, Jean Dunleavy & John Matthews",,FALSE,FALSE,,,,,,1,,,,,,,,
2.40966E+16,,,03/07/1989,03/07/1989,D,03/07/1989,NBNSYS0000006838,Omocestus viridulus,M010930,101050,293050,OSI,100,,Cuilmore nr Newport,"Cawley, M.",,FALSE,FALSE,,,227,Bog,"Cawley, M.",,,,,,"Cawley, M.",,,NATIVE
2.40966E+16,,,20/08/2000,20/08/2000,D,20/08/2000,NBNSYS0000006833,Tetrix undulata,N063920,206350,292050,OSI,100,,Cloonturk near Dromod,Don Cotton,,FALSE,FALSE,,,,,,1,,,,,,,,
2.40966E+16,,,20/08/2000,20/08/2000,D,20/08/2000,NBNSYS0000006838,Omocestus viridulus,N063920,206350,292050,OSI,100,,Cloonturk near Dromod,Don Cotton,,FALSE,FALSE,,,,,,,Several.,,,,,,,
2.40966E+16,,,20/08/2000,20/08/2000,D,20/08/2000,NBNSYS0000006839,Myrmeleotettix maculatus,N063920,206350,292050,OSI,100,,Cloonturk near Dromod,Don Cotton,,FALSE,FALSE,,,,,,,Small colony.,,,,,,,
2.40966E+16,,,01/01/1960,31/12/1999,DD,01/01/1960 - 31/12/1999,NBNSYS0000006839,Myrmeleotettix maculatus,L79,75000,295000,OSI,10000,,"Corraun,Penin,Mallaranny-Achill Sound Rs","Crosskey, M.A.; Crosskey, R.W.",,FALSE,FALSE,,,227,,"Crosskey, M.A.; Crosskey, R.W.",,,,,,Biological Records Centre,,,
2.40966E+16,,,01/01/1960,31/12/1999,DD,01/01/1960 - 31/12/1999,NBNSYS0000006838,Omocestus viridulus,L79,75000,295000,OSI,10000,,"Corraun,Penin,Mallaranny-Achill Sound Rd","Crosskey, M.A.; Crosskey, R.W.",,FALSE,FALSE,,,227,,"Crosskey, M.A.; Crosskey, R.W.",,,,,,Biological Records Centre,,,
2.40966E+16,,,01/01/1960,31/12/1999,DD,01/01/1960 - 31/12/1999,NBNSYS0000006834,Stethophyma grossum,L79,75000,295000,OSI,10000,,"Corraun Peninsula,Mallaranny(=Mulrany)-Achill Sound rd","Crosskey, M.A.; Crosskey, R.W.",,FALSE,FALSE,,,227,,"Crosskey, M.A.; Crosskey, R.W.",,,,,,Biological Records Centre,,,
2.40966E+16,,,28/08/1947,28/08/1947,D,28/08/1947,NBNSYS0000006834,Stethophyma grossum,L89,85000,295000,OSI,10000,,Rosturk,"Price, B.E.H.",,FALSE,FALSE,,,227,,"Price, B.E.H.",,,,,,"Harding, P.T.",,,
2.40966E+16,,,01/01/1920,31/12/1920,Y,1920,NBNSYS0000006838,Omocestus viridulus,O09,305000,295000,OSI,10000,,Castlebellingham,,,FALSE,FALSE,,,231,,,,,,,,Biological Records Centre,,,
9.47987E+16,,,29/06/2007,29/06/2007,D,29/06/2007,NHMSYS0001387317,Forficula auricularia,L8495,84500,295500,OSI,1000,,Mallaranny,Mark G. Telfer,,FALSE,FALSE,,,West Mayo,,Mark G. Telfer,1,2 Robinsons and 2 actinics overnight.,Light Trapping,Adult,Mark G. Telfer 2007. Co. Mayo survey with Allen & Mellon,Submitted directly to the Data Centre,,,
9.47987E+16,,,29/06/2007,29/06/2007,D,29/06/2007,NBNSYS0000006838,Omocestus viridulus,L8495,84500,295500,OSI,1000,,Mallaranny,Mark G. Telfer,,FALSE,FALSE,,,West Mayo,,Mark G. Telfer,,,,Adult,Mark G. Telfer 2007. Co. Mayo survey with Allen & Mellon,Submitted directly to the Data Centre,,,
2.40966E+16,,,09/06/1939,09/06/1939,D,09/06/1939,NBNSYS0000006832,Tetrix subulata,N39,235000,295000,OSI,10000,,"Scrubby Bridge,Lough Gowna",,,FALSE,FALSE,,,230,,"O'Connor, J.P.",,,,,,"Harding, P.T.",,,
2.40966E+16,,,07/06/1941,07/06/1941,D,07/06/1941,NBNSYS0000006832,Tetrix subulata,N29,225000,295000,OSI,10000,,"Arnaghan,Lough Gowna",,,FALSE,FALSE,,,230,,"O'Connor, J.P.",,,,,,"Harding, P.T.",,,
2.40966E+16,,,07/06/1941,07/06/1941,D,07/06/1941,NBNSYS0000006833,Tetrix undulata,N29,225000,295000,OSI,10000,,"Arnaghan,Lough Gowna",,,FALSE,FALSE,,,230,,"O'Connor, J.P.",,,,,,"Harding, P.T.",,,
2.48947E+16,,,06/08/2016,06/08/2016,D,06/08/2016,NBNSYS0000006838,Omocestus viridulus,,-7.47831,53.90573,WGS84,100,,Loughdavin Lower,Daniel Brady,,FALSE,FALSE,Images\24894664796555023.jpg,Cavan,,,,,,,,,,,,
2.40966E+16,,,01/07/1977,31/07/1977,DD,01/07/1977 - 31/07/1977,NBNSYS0000006838,Omocestus viridulus,L9296,92500,296500,OSI,1000,,Newport Bay,"Cotton, D.C.F.",,FALSE,FALSE,,,227,,"Cotton, D.C.F.",,,,,,Biological Records Centre,,,
2.40966E+16,,,01/07/1977,31/07/1977,DD,01/07/1977 - 31/07/1977,NBNSYS0000006842,Chorthippus brunneus,L9296,92500,296500,OSI,1000,,Newport Bay,"Cotton, D.C.F.",,FALSE,FALSE,,,227,,"Cotton, D.C.F.",,,,,,Biological Records Centre,,,
2.40966E+16,,,21/06/1989,21/06/1989,D,21/06/1989,NBNSYS0000006838,Omocestus viridulus,M050962,105050,296250,OSI,100,,"Beltra Lough,SW of","Martin, C.",,FALSE,FALSE,,,227,Unclassifiable habitat data given,"Martin, C.",,,,,,"Martin, C.",,,NATIVE
2.40966E+16,,,08/06/2006,08/06/2006,D,08/06/2006,NBNSYS0000006832,Tetrix subulata,N0595,205500,295500,OSI,1000,,Cloonfinnan Lough,Don Cotton & Jean Dunleavy,,FALSE,FALSE,,,,,,5,,,,,,,,
2.48947E+16,,,18/07/2016,18/07/2016,D,18/07/2016,NBNSYS0000006838,Omocestus viridulus,N337958,233750,295850,OSI,100,,Woteraughy,Daniel Brady,,FALSE,FALSE,Images\24894664796555024.jpg,Cavan,Cavan,,,<10,,,,,,,,
2.40966E+16,,,16/06/1989,16/06/1989,D,16/06/1989,NBNSYS0000006838,Omocestus viridulus,L960970,96050,297050,OSI,100,,"Furnace Lough,shore of","Cawley, M.",,FALSE,FALSE,,,227,"Heath,lowland,heather","Cawley, M.",,,,,,"Cawley, M.",,,NATIVE
2.40966E+16,,,29/06/1989,29/06/1989,D,29/06/1989,NBNSYS0000006838,Omocestus viridulus,M010970,101050,297050,OSI,100,,"Knockmoyle Bridge,SW of","Cawley, M.",,FALSE,FALSE,,,227,Bog,"Cawley, M.",,,,,,"Cawley, M.",,,NATIVE
2.41065E+16,,,22/08/2012,22/08/2012,D,22/08/2012,NHMSYS0001387317,Forficula auricularia,N306962,230650,296250,OSI,100,,"Castlepoles, Arva, Cavan",Tracy Shanley,,FALSE,FALSE,,Cavan,Cavan,Wet grassland,,Nov-50,"Think every earwig in the world lives at the back of my house, most evenings there is one in the dog food bin (dryfood)",,,,,,,
2.40966E+16,,,17/07/1989,17/07/1989,D,17/07/1989,NBNSYS0000006839,Myrmeleotettix maculatus,L681980,68150,298050,OSI,100,,"Achill Island, Knockmore,S slope","Cawley, M.",,FALSE,FALSE,,,227,Unclassifiable habitat data given,"Cawley, M.",,,,,,"Cawley, M.",,,NATIVE
2.40966E+16,,,17/07/1989,17/07/1989,D,17/07/1989,NBNSYS0000006838,Omocestus viridulus,L681980,68150,298050,OSI,100,,"Achill Island, Knockmore,S slope","Cawley, M.",,FALSE,FALSE,,,227,Unclassifiable habitat data given,"Cawley, M.",,,,,,"Cawley, M.",,,NATIVE
2.40966E+16,,,11/08/2012,11/08/2012,D,11/08/2012,NBNSYS0000006838,Omocestus viridulus,M470967,147050,296750,OSI,100,,Knock Airport,Martin Cawley,,FALSE,FALSE,,,,waste ground,,,,,,,,,,
2.40966E+16,,,11/08/2012,11/08/2012,D,11/08/2012,NHMSYS0001387317,Forficula auricularia,M470967,147050,296750,OSI,100,,Knock Airport,Martin Cawley,,FALSE,FALSE,,,,waste ground,,,,,,,,,,
2.40966E+16,,,23/06/1989,23/06/1989,D,23/06/1989,NBNSYS0000006839,Myrmeleotettix maculatus,L980977,98050,297750,OSI,100,,"Furnace Lough,E shore","Cawley, M.",,FALSE,FALSE,,,227,Unclassifiable habitat data given,"Cawley, M.",,,,,,"Cawley, M.",,,NATIVE
2.40966E+16,,,23/06/1989,23/06/1989,D,23/06/1989,NBNSYS0000006838,Omocestus viridulus,L980977,98050,297750,OSI,100,,"Furnace Lough,E shore","Cawley, M.",,FALSE,FALSE,,,227,Unclassifiable habitat data given,"Cawley, M.",,,,,,"Cawley, M.",,,NATIVE
2.40966E+16,,,19/08/2000,19/08/2000,D,19/08/2000,NBNSYS0000006834,Stethophyma grossum,L724996,72450,299650,OSI,100,,"Glendarary, Achill Island","Rippey, Mr. Ian",,FALSE,FALSE,,,West Mayo,,"Nelson, Mr B.",,,,,,,,,
2.40966E+16,,,19/08/2000,19/08/2000,D,19/08/2000,NBNSYS0000006834,Stethophyma grossum,L724996,72450,299650,OSI,100,,"Glendarary, Achill Island","Rippey, Mr. Ian",,FALSE,FALSE,,,Mayo,,"Nelson, Dr. B.",,,,,,,,,
2.40966E+16,,,22/05/1978,22/05/1978,D,22/05/1978,NHMSYS0001387317,Forficula auricularia,M4898,148500,298500,OSI,1000,,"Charlestown,nr","Good, J.A.",,FALSE,FALSE,,,226,,"Good, J.A.",,,,,,Biological Records Centre,,,
2.41065E+16,,,11/08/2012,11/08/2012,D,11/08/2012,NHMSYS0001387317,Forficula auricularia,N354990,235450,299050,OSI,100,,"Drumcrow,  Ballinagh",Yvette von Cramon,,FALSE,FALSE,,Cavan,Cavan,Flower beds and borders,,>50,"Many earwigs in all parts of the garden, often brought in with produce like lettuce",,,,,,,
2.40966E+16,,,26/09/1990,26/09/1990,D,26/09/1990,NHMSYS0001387317,Forficula auricularia,M9399,193500,299500,OSI,1000,,"Carrack on Shannon,nr","Cawley, M.",,FALSE,FALSE,,,229,Refuse etc.,"Cawley, M.",,,,,,"Cawley, M.",,,
2.40966E+16,,,17/04/2010,17/04/2010,D,17/04/2010,NBNSYS0000006832,Tetrix subulata,M701998,170150,299850,OSI,100,,Sroove shore of Lower Lough Gara,Don Cotton & Jean Dunleavy,,FALSE,FALSE,,,,,,1,Flying in sunshine.,,,,,,,
2.40966E+16,,,04/07/1989,04/07/1989,D,04/07/1989,NBNSYS0000006838,Omocestus viridulus,F970010,97050,301050,OSI,100,,"Lough Feeagh,E shore","Cawley, M.",,FALSE,FALSE,,,227,Bog,"Cawley, M.",,,,,,"Cawley, M.",,,NATIVE
2.40966E+16,,,25/08/1990,25/08/1990,D,25/08/1990,NBNSYS0000006838,Omocestus viridulus,G7200,172500,300500,OSI,1000,,Loch Gara,"Cawley, M.",,FALSE,FALSE,,,228,"Grassland,non-calcareous","Cawley, M.",,,,,,"Haes, E.C.M.",,,
2.40966E+16,,,01/01/1989,31/12/1989,DD,01/01/1989 - 31/12/1989,NBNSYS0000006838,Omocestus viridulus,G195015,119550,301550,OSI,100,,"Derreens,nr","Cawley, M.",,FALSE,FALSE,,,227,Bog,"Cawley, M.",,,,,,"Cawley, M.",,,NATIVE
2.40966E+16,,,01/01/1989,31/12/1989,DD,01/01/1989 - 31/12/1989,NBNSYS0000006834,Stethophyma grossum,G195015,119550,301550,OSI,100,,"Derreens,nr","Cawley, M.",,FALSE,FALSE,,,227,Bog,"Cawley, M.",,,,,,"Cawley, M.",,,NATIVE
2.40966E+16,,,01/01/1989,31/12/1989,DD,01/01/1989 - 31/12/1989,NBNSYS0000006833,Tetrix undulata,G195015,119550,301550,OSI,100,,"Derreens,nr","Cawley, M.",,FALSE,FALSE,,,227,Bog,"Cawley, M.",,,,,,"Cawley, M.",,,NATIVE
2.40966E+16,,,01/01/1989,31/12/1989,DD,01/01/1989 - 31/12/1989,NBNSYS0000006839,Myrmeleotettix maculatus,G195015,119550,301550,OSI,100,,"Derreens,nr","Cawley, M.",,FALSE,FALSE,,,227,Bog,"Cawley, M.",,,,,,"Cawley, M.",,,NATIVE
2.40966E+16,,,01/01/1989,31/12/1989,DD,01/01/1989 - 31/12/1989,NBNSYS0000006842,Chorthippus brunneus,G195015,119550,301550,OSI,100,,"Derreens,nr","Cawley, M.",,FALSE,FALSE,,,227,Bog,"Cawley, M.",,,,,,"Cawley, M.",,,NATIVE
2.40966E+16,,,05/05/1984,05/05/1984,D,05/05/1984,NBNSYS0000006832,Tetrix subulata,G7001,170500,301500,OSI,1000,,Lough Gara,"Cawley, M.",,FALSE,FALSE,,,228,Lake shore,"Cawley, M.",,,,,,"Haes, E.C.M.",,,
2.40966E+16,,,31/07/2005,31/07/2005,D,31/07/2005,NBNSYS0000006833,Tetrix undulata,G7101,171500,301500,OSI,1000,,Cuppanagh shore of Lower Lough Gara,Don Cotton & Jean Dunleavy,,FALSE,FALSE,,,,,,1,,,,,,,,
9.94202E+16,,,22/09/2006,22/09/2006,D,22/09/2006,NBNSYS0000006838,Omocestus viridulus,H856028,285650,302850,OSI,100,,"Lough Naglack, SE of Carrickmacross",Brian Nelson,,FALSE,FALSE,,Monaghan,Monaghan,,Brian Nelson,field record,,,Present,Orthoptera Atlas,,,,
2.40966E+16,,,22/06/1989,22/06/1989,D,22/06/1989,NBNSYS0000006838,Omocestus viridulus,G502025,150250,302550,OSI,100,,"Creggaballagh Lough,nr","Cawley, M.",,FALSE,FALSE,,,226,Bog,"Cawley, M.",,,,,,"Cawley, M.",,,NATIVE
2.40966E+16,,,01/08/1977,31/08/1977,DD,01/08/1977 - 31/08/1977,NBNSYS0000006833,Tetrix undulata,F9703,97500,303500,OSI,1000,,Nephin Beg Range,"Cotton, D.C.F.",,FALSE,FALSE,,,227,,"Cotton, D.C.F.",,,,,,Biological Records Centre,,,
2.40966E+16,,,01/07/1977,31/07/1977,DD,01/07/1977 - 31/07/1977,NBNSYS0000006842,Chorthippus brunneus,F9703,97500,303500,OSI,1000,,Lough Feeagh,"Cotton, D.C.F.",,FALSE,FALSE,,,227,,"Cotton, D.C.F.",,,,,,Biological Records Centre,,,
2.40966E+16,,,01/07/1977,31/07/1977,DD,01/07/1977 - 31/07/1977,NBNSYS0000006839,Myrmeleotettix maculatus,F9703,97500,303500,OSI,1000,,Nephin Beg Range,"Cotton, D.C.F.",,FALSE,FALSE,,,227,,"Cotton, D.C.F.",,,,,,Biological Records Centre,,,
2.40966E+16,,,01/07/1977,31/07/1977,DD,01/07/1977 - 31/07/1977,NBNSYS0000006838,Omocestus viridulus,F9703,97500,303500,OSI,1000,,Lough Feeagh,"Cotton, D.C.F.",,FALSE,FALSE,,,227,,"Cotton, D.C.F.",,,,,,Biological Records Centre,,,
2.40966E+16,,,01/05/1984,31/05/1984,DD,01/05/1984 - 31/05/1984,NBNSYS0000006832,Tetrix subulata,G6902,169500,302500,OSI,1000,,L Gara,"Cotton, D.C.F.",,FALSE,FALSE,,,228,,"Cotton, D.C.F.",,,,,,Biological Records Centre,,,
2.40966E+16,,,01/01/1989,31/12/1989,DD,01/01/1989 - 31/12/1989,NBNSYS0000006832,Tetrix subulata,G230030,123050,303050,OSI,100,,"Lough Cullin,shores","Cawley, M.",,FALSE,FALSE,,,226,Fen,"Cawley, M.",,,,,,"Cawley, M.",,,NATIVE
2.40966E+16,,,01/01/1989,31/12/1989,DD,01/01/1989 - 31/12/1989,NBNSYS0000006834,Stethophyma grossum,G230030,123050,303050,OSI,100,,"Lough Cullin,shores","Cawley, M.",,FALSE,FALSE,,,226,Fen,"Cawley, M.",,,,,,"Cawley, M.",,,NATIVE
2.40966E+16,,,01/01/1989,31/12/1989,DD,01/01/1989 - 31/12/1989,NBNSYS0000006833,Tetrix undulata,G230030,123050,303050,OSI,100,,"Lough Cullin,shores","Cawley, M.",,FALSE,FALSE,,,226,Fen,"Cawley, M.",,,,,,"Cawley, M.",,,NATIVE
2.40966E+16,,,01/01/1989,31/12/1989,DD,01/01/1989 - 31/12/1989,NBNSYS0000006838,Omocestus viridulus,G230030,123050,303050,OSI,100,,"Lough Cullin,shores","Cawley, M.",,FALSE,FALSE,,,226,Fen,"Cawley, M.",,,,,,"Cawley, M.",,,NATIVE
2.40966E+16,,,01/01/1989,31/12/1989,DD,01/01/1989 - 31/12/1989,NBNSYS0000006839,Myrmeleotettix maculatus,G230030,123050,303050,OSI,100,,"Lough Cullin,shores","Cawley, M.",,FALSE,FALSE,,,226,Fen,"Cawley, M.",,,,,,"Cawley, M.",,,NATIVE
2.40966E+16,,,01/01/1989,31/12/1989,DD,01/01/1989 - 31/12/1989,NBNSYS0000006842,Chorthippus brunneus,G230030,123050,303050,OSI,100,,"Lough Cullin,shores","Cawley, M.",,FALSE,FALSE,,,226,Fen,"Cawley, M.",,,,,,"Cawley, M.",,,NATIVE
2.40966E+16,,,01/01/1989,31/12/1989,DD,01/01/1989 - 31/12/1989,NHMSYS0001387317,Forficula auricularia,G230030,123050,303050,OSI,100,,"Lough Cullin,shores","Cawley, M.",,FALSE,FALSE,,,226,Fen,"Cawley, M.",,,,,,"Cawley, M.",,,NATIVE
2.40966E+16,,,15/07/1989,15/07/1989,D,15/07/1989,NBNSYS0000006838,Omocestus viridulus,G7902,179500,302500,OSI,1000,,Boyle,"Cawley, M.",,FALSE,FALSE,,,225,Road verge,"Cawley, M.",,,,,,"Haes, E.C.M.",,,
2.40966E+16,,,22/08/1990,22/08/1990,D,22/08/1990,NBNSYS0000006839,Myrmeleotettix maculatus,G8002,180500,302500,OSI,1000,,Boyle,"Cawley, M.",,FALSE,FALSE,,,225,Railway land,"Cawley, M.",,,,,,"Haes, E.C.M.",,,
2.40966E+16,,,05/06/2006,05/06/2006,D,05/06/2006,NBNSYS0000006832,Tetrix subulata,G992026,199250,302650,OSI,100,,Costre Lough,Don Cotton & Jean Dunleavy,,FALSE,FALSE,,,,,,1,Adult in long grass and sedge fen. Photographed.,,,,,,,
2.40966E+16,,,25/06/2000,25/06/2000,D,25/06/2000,NBNSYS0000006838,Omocestus viridulus,G483030,148350,303050,OSI,100,,Sandyhill near Bellahy,"A. Cotton, Don Cotton & M. Cotton",,FALSE,FALSE,,,,,,2,,,,,,,,
2.40966E+16,,,08/07/2013,08/07/2013,D,08/07/2013,NBNSYS0000006838,Omocestus viridulus,J187048,318750,304850,OSI,100,,Rathcor,Brian Nelson,,FALSE,FALSE,,,Louth,,Brian Nelson,,,,,,,,,
2.40966E+16,,,08/07/2013,08/07/2013,D,08/07/2013,NBNSYS0000006842,Chorthippus brunneus,J187048,318750,304850,OSI,100,,Rathcor,Brian Nelson,,FALSE,FALSE,,,Louth,,Brian Nelson,,,,,,,,,
9.94202E+16,,,08/07/2013,08/07/2013,D,08/07/2013,NBNSYS0000006842,Chorthippus brunneus,J187048,318750,304850,OSI,100,,Rathcor,Brian Nelson,,FALSE,FALSE,,Louth,Louth,,Brian Nelson,,,,,Orthoptera Atlas,,,,
9.94202E+16,,,08/07/2013,08/07/2013,D,08/07/2013,NBNSYS0000006838,Omocestus viridulus,J187048,318750,304850,OSI,100,,Rathcor,Brian Nelson,,FALSE,FALSE,,Louth,Louth,,Brian Nelson,,,,,Orthoptera Atlas,,,,
2.40966E+16,,,01/07/1977,31/07/1977,DD,01/07/1977 - 31/07/1977,NBNSYS0000006834,Stethophyma grossum,F9704,97500,304500,OSI,1000,,"Nephin Beg Range,Srahrevege River","Cotton, D.C.F.",,FALSE,FALSE,,,227,,"Cotton, D.C.F.",,,,,,Biological Records Centre,,,
2.40966E+16,,,15/08/1990,15/08/1990,D,15/08/1990,NBNSYS0000006838,Omocestus viridulus,G6903,169500,303500,OSI,1000,,Mullaghroe,"Cawley, M.",,FALSE,FALSE,,,228,Quarry,"Cawley, M.",,,,,,"Haes, E.C.M.",,,
2.40966E+16,,,15/08/1990,15/08/1990,D,15/08/1990,NBNSYS0000006842,Chorthippus brunneus,G6903,169500,303500,OSI,1000,,Mullaghroe,"Cawley, M.",,FALSE,FALSE,,,228,Quarry,"Cawley, M.",,,,,,"Haes, E.C.M.",,,
2.40966E+16,,,15/07/1989,15/07/1989,D,15/07/1989,NHMSYS0001387317,Forficula auricularia,G8003,180500,303500,OSI,1000,,Boyle,"Cawley, M.",,FALSE,FALSE,,,225,Refuse etc.,"Cawley, M.",,,,,,"Cawley, M.",,,
2.40966E+16,,,16/07/2004,06/08/2004,DD,16/07/2004 - 06/08/2004,NBNSYS0000006839,Myrmeleotettix maculatus,F83870523,83872,305239,OSI,10,,Ballyveeney/Bellagarvaun,Tom Gittings,,FALSE,FALSE,,Mayo,,,Tom Gittings,3 Males,,,,BIOFOREST,,,Malaise trap,
2.40966E+16,,,01/01/1920,31/12/1920,Y,1920,NBNSYS0000006838,Omocestus viridulus,J00,305000,305000,OSI,10000,,Dundalk,,,FALSE,FALSE,,,231,,,,,,,,Biological Records Centre,,,
2.40966E+16,,,01/08/1984,31/08/1984,DD,01/08/1984 - 31/08/1984,NBNSYS0000006834,Stethophyma grossum,G2104,121500,304500,OSI,1000,,"Pontoon,L Conn nr","Cotton, D.C.F.",,FALSE,FALSE,,,227,,"Cotton, D.C.F.",,,,,,"Cotton, D.C.F.",,,
2.40966E+16,,,01/08/1984,31/08/1984,DD,01/08/1984 - 31/08/1984,NBNSYS0000006834,Stethophyma grossum,G2104,121500,304500,OSI,1000,,"Lough Conn,shore nr Pontoon","Cotton, D.C.F.",,FALSE,FALSE,,,227,Lake shore,"Cotton, D.C.F.",,,,,,Biological Records Centre,,,
2.40966E+16,,,01/08/1977,31/08/1977,DD,01/08/1977 - 31/08/1977,NBNSYS0000006838,Omocestus viridulus,G2204,122500,304500,OSI,1000,,Lough Cullin,"Cotton, D.C.F.",,FALSE,FALSE,,,227,,"Cotton, D.C.F.",,,,,,Biological Records Centre,,,
2.40966E+16,,,11/06/1999,11/06/1999,D,11/06/1999,NBNSYS0000006832,Tetrix subulata,G2304,123500,304500,OSI,1000,,"Lough Cullin, Co. Mayo.","Speight, M.C.D.",,FALSE,FALSE,,,227,,,,Grasshoppers and crickets of Ireland; county should be West Mayo,,,,National Biodiversity Data Centre Ireland,,,
2.40966E+16,,,22/06/1989,22/06/1989,D,22/06/1989,NBNSYS0000006838,Omocestus viridulus,G250045,125050,304550,OSI,100,,"Drumnun Wood,bog nr","Cawley, M.",,FALSE,FALSE,,,226,Bog,"Cawley, M.",,,,,,"Cawley, M.",,,NATIVE
2.40966E+16,,,22/06/1989,22/06/1989,D,22/06/1989,NBNSYS0000006839,Myrmeleotettix maculatus,G250045,125050,304550,OSI,100,,"Drumnun Wood,bog nr","Cawley, M.",,FALSE,FALSE,,,226,Bog,"Cawley, M.",,,,,,"Cawley, M.",,,NATIVE
2.40966E+16,,,24/05/2013,24/05/2013,D,24/05/2013,NBNSYS0000006832,Tetrix subulata,G846040,184650,304050,OSI,100,,Lough Key,Stephen McCormack,,FALSE,FALSE,,Roscommon,Roscommon,Lakes and ponds,,,,,,,,,,
2.41065E+16,,,25/07/2005,25/07/2005,D,25/07/2005,NBNSYS0000006838,Omocestus viridulus,F967053,96750,305350,OSI,100,,Furnace,Frank Cawley,,FALSE,FALSE,,Mayo,West Mayo,Upland blanket bog,,Nov-50,More detail here  http://www.flickr.com/photos/frankcawley/3873422355/in/photostream/,,,,,,,
2.40966E+16,,,01/01/1963,31/12/1963,DD,01/01/1963 - 31/12/1963,NBNSYS0000006838,Omocestus viridulus,H80,285000,305000,OSI,10000,,Lough Fea,,,FALSE,FALSE,,,232,,,,,,,,Biological Records Centre,,,
2.40966E+16,,,01/01/1964,31/12/1964,Y,1964,NBNSYS0000006838,Omocestus viridulus,H80,285000,305000,OSI,10000,,Lough Fea,Goodhue,,FALSE,FALSE,,,232,,Goodhue,,,,,,"Andrewes, C.H.",,,
2.40966E+16,,,01/01/1964,31/12/1964,Y,1964,NBNSYS0000006838,Omocestus viridulus,H80,285000,305000,OSI,10000,,Lough Fea,Goodhue,,FALSE,FALSE,,,232,,Goodhue,,,,,,Biological Records Centre,,,
2.40966E+16,,,24/06/2003,24/06/2003,D,24/06/2003,NBNSYS0000006832,Tetrix subulata,G974042,197450,304250,OSI,100,,Carrickslavan Lough near Leitrim Village,"Don Cotton, M. Cotton & J. Matthews",,FALSE,FALSE,,,,,,1,Adult. Stream bank at northern edge of site.,,,,,,,
2.40966E+16,,,01/01/1693,31/12/1940,DD,01/01/1693 - 31/12/1940,NBNSYS0000006834,Stethophyma grossum,G20,125000,305000,OSI,10000,,Foxford,"Appleyard, A.",,FALSE,FALSE,,,226,,"Appleyard, A.",,,,,,Biological Records Centre,,,
2.40966E+16,,,22/04/1973,22/04/1973,D,22/04/1973,NBNSYS0000006833,Tetrix undulata,G1905,119500,305500,OSI,1000,,,"Speight, M.C.D.",,FALSE,FALSE,,,227,,"Speight, M.C.D.",,,,,,"Harding, P.T.",,,
2.40966E+16,,,01/04/1936,30/04/1936,DD,01/04/1936 - 30/04/1936,NBNSYS0000006833,Tetrix undulata,H30,235000,305000,OSI,10000,,Sloan's Fort Cornafean,"Farris, R.C.",,FALSE,FALSE,,,230,,"Farris, R.C.",,,,,,Biological Records Centre,,,
2.40966E+16,,,01/04/1941,30/04/1941,DD,01/04/1941 - 30/04/1941,NBNSYS0000006832,Tetrix subulata,H30,235000,305000,OSI,10000,,Cornafean,"Farris, R.C.",,FALSE,FALSE,,,230,,,,,,,,Biological Records Centre,,,
2.40966E+16,,,11/05/1941,11/05/1941,D,11/05/1941,NBNSYS0000006832,Tetrix subulata,H30,235000,305000,OSI,10000,,Gartinardres,,,FALSE,FALSE,,,230,,"O'Connor, J.P.",,,,,,"Harding, P.T.",,,
2.40966E+16,,,03/05/1940,03/05/1940,D,03/05/1940,NBNSYS0000006832,Tetrix subulata,H30,235000,305000,OSI,10000,,Farnham,,,FALSE,FALSE,,,230,,"O'Connor, J.P.",,,,,,"Harding, P.T.",,,
2.40966E+16,,,13/05/1940,13/05/1940,D,13/05/1940,NBNSYS0000006832,Tetrix subulata,G80,185000,305000,OSI,10000,,Oakpark Lough,,,FALSE,FALSE,,,225,,"O'Connor, J.P.",,,,,,"Harding, P.T.",,,
2.40966E+16,,,01/05/1940,31/05/1940,DD,01/05/1940 - 31/05/1940,NBNSYS0000006832,Tetrix subulata,G80,185000,305000,OSI,10000,,Rockingham,"Farris, R.C.",,FALSE,FALSE,,,225,,"Farris, R.C.",,,,,,Biological Records Centre,,,
2.41065E+16,,,03/09/2012,03/09/2012,D,03/09/2012,NBNSYS0000006834,Stethophyma grossum,F967063,96750,306350,OSI,100,,Letterkeen,Cameron Clotworthy,,FALSE,FALSE,Images\24106532627023429.jpg,Mayo,West Mayo,Conifer plantation,,<10,They were observed in clear felled area of conifer woodland along forest track where there was heather type habitat at edge of track.,,,,,,,
2.40966E+16,,,28/08/2005,28/08/2005,D,28/08/2005,NHMSYS0001387317,Forficula auricularia,H4205,242500,305500,OSI,1000,,Cavan,Martin Cawley,,FALSE,FALSE,,,,town park,,,,,,,,,,
2.41065E+16,,,12/08/2012,12/08/2012,D,12/08/2012,NHMSYS0001387317,Forficula auricularia,H423066,242350,306650,OSI,100,,"Con Smith Park, Cavan town, Cavan",Caitriona McCabe,,FALSE,FALSE,,Cavan,Cavan,Scattered trees and parkland,,<10,Three adults and two juveniles found by children during a nature/ 'bug hunt' workshop.,,,,,,,
2.40966E+16,,,09/06/2007,09/06/2007,D,09/06/2007,NBNSYS0000006833,Tetrix undulata,G3807,138500,307500,OSI,1000,,Knockbrack near Aclare,Don Cotton & Jean Dunleavy,,FALSE,FALSE,,,,,,1,,,,,,,,
2.40966E+16,,,01/08/1981,31/08/1981,DD,01/08/1981 - 31/08/1981,NBNSYS0000006838,Omocestus viridulus,G5007,150500,307500,OSI,1000,,"Curry,nr","Cotton, D.C.F.",,FALSE,FALSE,,,228,,"Cotton, D.C.F.",,,,,,Biological Records Centre,,,
2.48947E+16,,,18/07/2016,18/07/2016,D,18/07/2016,NBNSYS0000006838,Omocestus viridulus,H312079,231250,307950,OSI,100,,killeshandra town lake strand,Heather Bothwell,,FALSE,FALSE,Images\24894664796554998.jpg,Cavan,Cavan,,,,,,,,,,,
2.40966E+16,,,25/08/1990,25/08/1990,D,25/08/1990,NBNSYS0000006838,Omocestus viridulus,G4808,148500,308500,OSI,1000,,Eskragh,"Cawley, M.",,FALSE,FALSE,,,228,Quarry,"Cawley, M.",,,,,,"Haes, E.C.M.",,,
2.40966E+16,,,25/08/1990,25/08/1990,D,25/08/1990,NBNSYS0000006839,Myrmeleotettix maculatus,G4808,148500,308500,OSI,1000,,Eskragh,"Cawley, M.",,FALSE,FALSE,,,228,Quarry,"Cawley, M.",,,,,,"Haes, E.C.M.",,,
2.40966E+16,,,25/08/1990,25/08/1990,D,25/08/1990,NBNSYS0000006842,Chorthippus brunneus,G4808,148500,308500,OSI,1000,,Eskragh,"Cawley, M.",,FALSE,FALSE,,,228,Quarry,"Cawley, M.",,,,,,"Haes, E.C.M.",,,
2.40966E+16,,,12/06/2010,12/06/2010,D,12/06/2010,NBNSYS0000006833,Tetrix undulata,G500085,150050,308550,OSI,100,,Cashel bog near Curry,Don Cotton & Jean Dunleavy,,FALSE,FALSE,,,,,,1,,,,,,,,
2.40966E+16,,,17/05/1978,17/05/1978,D,17/05/1978,NHMSYS0001387317,Forficula auricularia,H0208,202500,308500,OSI,1000,,"Keshcarrigan,nr","Good, J.A.",,FALSE,FALSE,,,229,,"Good, J.A.",,,,,,Biological Records Centre,,,
2.41065E+16,,,13/08/2012,13/08/2012,D,13/08/2012,NHMSYS0001387317,Forficula auricularia,F805100,80550,310050,OSI,100,,Ballycroy National Park Visitor Centre,Brd Colhoun,,FALSE,FALSE,,Mayo,West Mayo,Buildings and artificial surfaces,,1,On right-side wall directly inside front door,,,,,,,
2.40966E+16,,,26/05/2007,26/05/2007,D,26/05/2007,NBNSYS0000006833,Tetrix undulata,G484091,148450,309150,OSI,100,,Eskragh near Tobercurry,Don Cotton & M. Cotton,,FALSE,FALSE,,,,,,4,,,,,,,,
2.41065E+16,,,11/08/2012,11/08/2012,D,11/08/2012,NHMSYS0001387317,Forficula auricularia,J209104,320950,310450,OSI,100,,Mullatee Carlingford,Abigail McSherry,,FALSE,FALSE,,Louth,,Flower beds and borders,,>50,very common at this location,,,,,,,
2.40966E+16,,,26/05/2007,26/05/2007,D,26/05/2007,NBNSYS0000006838,Omocestus viridulus,G485092,148550,309250,OSI,100,,Eskragh near Tobercurry,Don Cotton & M. Cotton,,FALSE,FALSE,,,,,,,,,,,,,,
2.40966E+16,,,01/08/1981,31/08/1981,DD,01/08/1981 - 31/08/1981,NBNSYS0000006838,Omocestus viridulus,G3609,136500,309500,OSI,1000,,"Aclare,nr","Cotton, D.C.F.",,FALSE,FALSE,,,228,,"Cotton, D.C.F.",,,,,,Biological Records Centre,,,
2.41065E+16,,,31/08/2012,31/08/2012,D,31/08/2012,NBNSYS0000006838,Omocestus viridulus,J208106,320850,310650,OSI,100,,"Mullatee, Carlingford",Abby McSherry,,FALSE,FALSE,,Louth,,Semi-natural grassland,,<10,seen and heard regularly during the summer,,,,,,,
2.40966E+16,,,04/06/2007,04/06/2007,D,04/06/2007,NBNSYS0000006838,Omocestus viridulus,G484094,148450,309450,OSI,100,,Eskragh near Tobercurry,"K.G.M. Bond, Don Cotton, M. Cotton & Jean Dunleavy",,FALSE,FALSE,,,,,,2,First of 2007 stridulating,,,,,,,
2.48947E+16,,,18/07/2016,18/07/2016,D,18/07/2016,NBNSYS0000006838,Omocestus viridulus,G4809,148500,309500,OSI,1000,,Eskragh,Michael Bell,,FALSE,FALSE,,Sligo,Sligo,,,1,,,,,,,,
2.40966E+16,,,18/08/1994,18/08/1994,D,18/08/1994,NBNSYS0000006838,Omocestus viridulus,H0109,201500,309500,OSI,1000,,Drumcong Lough,"Cotton, D.C.F.",,FALSE,FALSE,,,229,,"Cotton, D.C.F.",,,,,,"Cotton, D.C.F.",,,NATIVE
2.40966E+16,,,29/07/2007,29/07/2007,D,29/07/2007,NBNSYS0000006838,Omocestus viridulus,G355100,135550,310050,OSI,100,,"Culdaly near Aclare, Ox Mountains",Don Cotton & Jean Dunleavy,,FALSE,FALSE,,,,,,,,,,,,,,
9.94202E+16,,,18/09/2013,18/09/2013,D,18/09/2013,NHMSYS0001387317,Forficula auricularia,H946106,294650,310650,OSI,100,,Annaghvacky,Brian Nelson,,FALSE,FALSE,,Louth,Louth,,Brian Nelson,,,,,,,,,
2.40966E+16,,,07/09/1991,07/09/1991,D,07/09/1991,NBNSYS0000006842,Chorthippus brunneus,J277117,327750,311750,OSI,100,,"Cranfield,Stevenson's Sand Pit","Anderson, R.",,FALSE,FALSE,,,238,,"Anderson, R.",,,,,,"Anderson, R.",,,
2.40966E+16,,,23/04/2011,23/04/2011,D,23/04/2011,NBNSYS0000006832,Tetrix subulata,G966100,196650,310050,OSI,100,,Acres Lake,Martin Cawley,,FALSE,FALSE,,,,lake shore marsh,,,,,,,,,,
9.94202E+16,,,18/09/2013,18/09/2013,D,18/09/2013,NHMSYS0001387317,Forficula auricularia,H986112,298650,311250,OSI,100,,Shortstone East,Brian Nelson,,FALSE,FALSE,,Louth,Louth,,Brian Nelson,,,,,,,,,
2.40966E+16,,,25/08/1990,25/08/1990,D,25/08/1990,NBNSYS0000006838,Omocestus viridulus,G5111,151500,311500,OSI,1000,,Tobercurry,"Cawley, M.",,FALSE,FALSE,,,228,Railway land,"Cawley, M.",,,,,,"Haes, E.C.M.",,,
2.40966E+16,,,02/06/1997,29/07/1997,DD,02/06/1997 - 29/07/1997,NBNSYS0000006833,Tetrix undulata,H900121,290050,312150,OSI,100,,Clonalig Lough,"Nelson, Dr. B.",,FALSE,FALSE,,,Armagh,,"Nelson, Mr B.",,,,,,,,,
2.40966E+16,,,02/07/1989,02/07/1989,D,02/07/1989,NBNSYS0000006838,Omocestus viridulus,G7511,175500,311500,OSI,1000,,Bricklieve Mountains,"Cawley, M.",,FALSE,FALSE,,,228,"Grassland,non-calcareous","Cawley, M.",,,,,,"Haes, E.C.M.",,,
2.40966E+16,,,22/07/2011,22/07/2011,D,22/07/2011,NBNSYS0000006838,Omocestus viridulus,G675117,167550,311750,OSI,100,,Sniggeen near Ballymote,Don Cotton & Jean Dunleavy,,FALSE,FALSE,,,,,,,Heard calling.,,,,,,,
2.40966E+16,,,29/05/1990,29/05/1990,D,29/05/1990,NHMSYS0001387317,Forficula auricularia,G5212,152500,312500,OSI,1000,,Tobercurry,"Cawley, M.",,FALSE,FALSE,,,228,Refuse etc.,"Cawley, M.",,,,,,"Cawley, M.",,,
2.40966E+16,,,08/07/2007,08/07/2007,D,08/07/2007,NBNSYS0000006832,Tetrix subulata,H1712,217500,312500,OSI,1000,,"Corduff Lough, near Ballinamore",Don Cotton & Jean Dunleavy,,FALSE,FALSE,,,,,,1,Adult.,,,,,,,
2.40966E+16,,,15/05/2007,15/05/2007,D,15/05/2007,NHMSYS0001387317,Forficula auricularia,J248141,324850,314150,OSI,100,,"Mill Bay, Carlingford Lough ASSI",Roy Anderson,,FALSE,FALSE,,,,"Coastland: shingle, rock and boulders above high tide mark and strandline",,abundant,Under driftwood.,,,,,,,
2.40966E+16,,,13/08/1990,13/08/1990,D,13/08/1990,NBNSYS0000006838,Omocestus viridulus,G8512,185500,312500,OSI,1000,,Loch Skean,"Cawley, M.",,FALSE,FALSE,,,228,"Grassland,non-calcareous","Cawley, M.",,,,,,"Haes, E.C.M.",,,
2.40966E+16,,,13/08/1990,13/08/1990,D,13/08/1990,NBNSYS0000006833,Tetrix undulata,G8512,185500,312500,OSI,1000,,Lough Skean,"Cawley, M.",,FALSE,FALSE,,,228,Lake shore,"Cawley, M.",,,,,,"Haes, E.C.M.",,,
2.40966E+16,,,14/08/1995,14/08/1995,D,14/08/1995,NBNSYS0000006838,Omocestus viridulus,G9612,196500,312500,OSI,1000,,"Bellantra,s end Lough Allen,R Shannon","Cotton, D.C.F.",,FALSE,FALSE,,,229,,"Cotton, D.C.F.",,,,,,"Cotton, D.C.F.",,,NATIVE
2.40966E+16,,,11/04/2010,11/04/2010,D,11/04/2010,NBNSYS0000006832,Tetrix subulata,G797125,179750,312550,OSI,100,,"Annaghloy, Lough Arrow",Don Cotton & Jean Dunleavy,,FALSE,FALSE,,,,,,1,,,,,,,,
2.40966E+16,,,01/08/1983,31/08/1983,DD,01/08/1983 - 31/08/1983,NBNSYS0000006842,Chorthippus brunneus,J3114,331500,314500,OSI,1000,,Kilkeel,"Anderson, R.",,FALSE,FALSE,,,238,,"Anderson, R.",,,,,,Biological Records Centre,,,
2.40966E+16,,,15/08/2010,15/08/2010,D,15/08/2010,NBNSYS0000006833,Tetrix undulata,G849128,184950,312850,OSI,100,,Carrigeenboy near Lough Skean,Don Cotton & Jean Dunleavy,,FALSE,FALSE,,,,,,1,By sweeping.,,,,,,,
2.40966E+16,,,27/08/2001,27/08/2001,D,27/08/2001,NBNSYS0000006838,Omocestus viridulus,G968129,196850,312950,OSI,100,,"Lough Allen, Derrintober near Drumshanbo",Don Cotton & M. Cotton,,FALSE,FALSE,,,,,,,Several calling.,,,,,,,
2.40966E+16,,,27/07/2012,27/07/2012,D,27/07/2012,NBNSYS0000006838,Omocestus viridulus,F833145,83350,314550,OSI,100,,Lagduff More,J. Kilroy,,FALSE,FALSE,,,,,B. Beckmann,,,,,,,,,
2.40966E+16,,,27/07/2012,27/07/2012,D,27/07/2012,NBNSYS0000006839,Myrmeleotettix maculatus,F833145,83350,314550,OSI,100,,Lagduff More,J. Kilroy,,FALSE,FALSE,,,,,B. Beckmann,,,,,,,,,
2.40966E+16,,,01/05/2007,30/06/2007,OO,May 2007 - Jun 2007,NBNSYS0000006833,Tetrix undulata,H95481406,295485,314065,OSI,10,,Loughaveely ASSI:Loughaveely,"Nelson, Mr B.",,FALSE,FALSE,,,Fermanagh,,"Nelson, Mr B.",,,,,,,,,
2.41065E+16,,,26/07/2012,26/07/2012,D,26/07/2012,NBNSYS0000006839,Myrmeleotettix maculatus,F835147,83550,314750,OSI,100,,Lagduff More,James Kilroy,,FALSE,FALSE,,Mayo,West Mayo,Lowland blanket bog,,1,Also present Cameron Clotworthy & Irene O'Brian,,,,,,,
2.41065E+16,,,26/07/2012,26/07/2012,D,26/07/2012,NBNSYS0000006838,Omocestus viridulus,F835147,83550,314750,OSI,100,,Lagduff More,James Kilroy,,FALSE,FALSE,,Mayo,West Mayo,Lowland blanket bog,,<10,Also present Cameron Clotworthy & Irene O'Brian,,,,,,,
2.40966E+16,,,10/07/1995,10/07/1995,D,10/07/1995,NBNSYS0000006838,Omocestus viridulus,G8113,181500,313500,OSI,1000,,Highwood,"Cotton, D.C.F.",,FALSE,FALSE,,,228,,"Cotton, D.C.F.",,,,,,"Cotton, D.C.F.",,,NATIVE
2.40966E+16,,,30/06/2000,30/06/2000,D,30/06/2000,NBNSYS0000006832,Tetrix subulata,G8213,182500,313500,OSI,1000,,"Black Lough, Highwood",Don Cotton & M. Sullivan,,FALSE,FALSE,,,,,,2,Flying in sunshine.,,,,,,,
2.48947E+16,,,07/08/2016,07/08/2016,D,07/08/2016,NBNSYS0000006838,Omocestus viridulus,G9513,195500,313500,OSI,1000,,Mountallen,Michael Bell,,FALSE,FALSE,,Roscommon,Roscommon,,,<10,,,,,,,,
2.41065E+16,,,03/08/2012,03/08/2012,D,03/08/2012,NBNSYS0000006832,Tetrix subulata,G954137,195450,313750,OSI,100,,"Mount Allen, farm of Tommy Earley at L,Allen shore",John Matthews & Tommy Earley,,FALSE,FALSE,,Roscommon,Roscommon,Recolonising bare ground,,<10,"The habitat type above is the nearest from the dropdown list. The habitat occurs along the lakeshore well above the inundation line. It is a narrow band of small slate shingle with damp peaty soil with sparse vegetation. It is a restricted band of approx 1.5 metres wide by 20 metres long at present. At least four specimens seen, some Common Grasshoppers also present in the vegetation.",,,,,,,
2.41065E+16,,,03/08/2012,03/08/2012,D,03/08/2012,NBNSYS0000006838,Omocestus viridulus,G954137,195450,313750,OSI,100,,"Mount Allen, farm of Tommy Earley at L,Allen shore",John Matthews & Tommy Earley,,FALSE,FALSE,,Roscommon,,Dry-humid acid grassland,,Nov-50,"Most specimens noted on short sward and open unimproved grasslands along the shore, another group were occurring at an inter zone from unimproved grass to raised bog.",,,,,,,
2.40966E+16,,,04/07/1990,04/07/1990,D,04/07/1990,NHMSYS0001387317,Forficula auricularia,G4014,140500,314500,OSI,1000,,Lough Talt,"Cawley, M.",,FALSE,FALSE,,,228,Lake shore,"Cawley, M.",,,,,,"Cawley, M.",,,
2.40966E+16,,,16/06/2000,16/06/2000,D,16/06/2000,NBNSYS0000006838,Omocestus viridulus,G548143,154850,314350,OSI,100,,"Muckelty Hill, south-east side",Don Cotton & E. Cotton,,FALSE,FALSE,,,,,,1,First of 2000 stridulating.,,,,,,,
2.40966E+16,,,01/08/1981,31/08/1981,DD,01/08/1981 - 31/08/1981,NBNSYS0000006838,Omocestus viridulus,G4414,144500,314500,OSI,1000,,Owenaher R,"Cotton, D.C.F.",,FALSE,FALSE,,,228,,"Cotton, D.C.F.",,,,,,Biological Records Centre,,,
2.40966E+16,,,15/08/1990,15/08/1990,D,15/08/1990,NBNSYS0000006838,Omocestus viridulus,G7114,171500,314500,OSI,1000,,Kilfree,"Cawley, M.",,FALSE,FALSE,,,228,Railway land,"Cawley, M.",,,,,,"Haes, E.C.M.",,,
2.40966E+16,,,01/06/2010,01/06/2010,D,01/06/2010,NBNSYS0000006838,Omocestus viridulus,G546146,154650,314650,OSI,100,,"Muckelty Hill, south-west side",Don Cotton,,FALSE,FALSE,,,,,,1,Stridulating.,,,,,,,
2.40966E+16,,,01/08/1972,31/08/1972,DD,01/08/1972 - 31/08/1972,NBNSYS0000006838,Omocestus viridulus,G1215,112500,315500,OSI,1000,,,"Speight, M.C.D.",,FALSE,FALSE,,,227,,"Speight, M.C.D.",,,,,,Biological Records Centre,,,
2.40966E+16,,,05/06/2008,05/06/2008,D,05/06/2008,NBNSYS0000006832,Tetrix subulata,H950156,295050,315650,OSI,100,,Lurgan Lough Upper,J. Paul,,FALSE,FALSE,,,,,,1,Voucher specimen,,,,,,,
2.40966E+16,,,30/04/1938,30/04/1938,D,30/04/1938,NBNSYS0000006832,Tetrix subulata,H41,245000,315000,OSI,10000,,Butler's Bridge,,,FALSE,FALSE,,,230,,"O'Connor, J.P.",,,,,,"Harding, P.T.",,,
2.40966E+16,,,20/06/1936,20/06/1936,D,20/06/1936,NBNSYS0000006833,Tetrix undulata,H41,245000,315000,OSI,10000,,Nahillah Park,,,FALSE,FALSE,,,230,,"O'Connor, J.P.",,,,,,"Harding, P.T.",,,
2.40966E+16,,,15/06/1935,15/06/1935,D,15/06/1935,NBNSYS0000006832,Tetrix subulata,H31,235000,315000,OSI,10000,,Annagh Lake,,,FALSE,FALSE,,,230,,"O'Connor, J.P.",,,,,,"Harding, P.T.",,,
2.40966E+16,,,04/06/1936,04/06/1936,D,04/06/1936,NBNSYS0000006832,Tetrix subulata,H31,235000,315000,OSI,10000,,Annagh Lake,,,FALSE,FALSE,,,230,,"O'Connor, J.P.",,,,,,"Harding, P.T.",,,
2.40966E+16,,,27/05/1937,27/05/1937,D,27/05/1937,NBNSYS0000006832,Tetrix subulata,H31,235000,315000,OSI,10000,,Annagh Lake,,,FALSE,FALSE,,,230,,"O'Connor, J.P.",,,,,,"Harding, P.T.",,,
2.41065E+16,,,18/08/2012,18/08/2012,D,18/08/2012,NHMSYS0001387317,Forficula auricularia,G659155,165950,315550,OSI,100,,Ballymote,Michael Bell,,FALSE,FALSE,,Sligo,Sligo,Hedgerows,,1,,,,,,,,
9.94202E+16,,,05/08/2013,05/08/2013,D,05/08/2013,NHMSYS0001387317,Forficula auricularia,J224170,322450,317050,OSI,100,,Kilfeaghan,Brian Nelson,,FALSE,FALSE,,Down,Down,,Brian Nelson,,,,,,,,,
2.40966E+16,,,13/05/2000,13/05/2000,D,13/05/2000,NHMSYS0001387317,Forficula auricularia,J185175,318550,317550,OSI,100,,Rostrevor Oakwood National Nature Reserve,Roy Anderson,,FALSE,FALSE,,,,"Woodland: broadleaved, semi-natural, high forest",,several,Under oak logs in forestry yard.,,,,,,,
2.41065E+16,,,31/07/2012,31/07/2012,D,31/07/2012,NBNSYS0000006839,Myrmeleotettix maculatus,F635180,63550,318050,OSI,100,,tarmon Hill,"Irene O Brien, Cameron Clotworthy",,FALSE,FALSE,,Mayo,West Mayo,Dry siliceous heath,,Nov-50,,,,,,,,
2.40966E+16,,,04/07/2000,04/07/2000,D,04/07/2000,NBNSYS0000006838,Omocestus viridulus,G743162,174350,316250,OSI,100,,Loughmeenaghan,Don Cotton & M. Sullivan,,FALSE,FALSE,,,,,,2,,,,,,,,
2.40966E+16,,,01/08/1981,31/08/1981,DD,01/08/1981 - 31/08/1981,NBNSYS0000006838,Omocestus viridulus,G6116,161500,316500,OSI,1000,,"Templehouse L,bog N end","Cotton, D.C.F.",,FALSE,FALSE,,,228,,"Cotton, D.C.F.",,,,,,Biological Records Centre,,,
2.40966E+16,,,01/08/1981,31/08/1981,DD,01/08/1981 - 31/08/1981,NBNSYS0000006839,Myrmeleotettix maculatus,G6116,161500,316500,OSI,1000,,"Templehouse L,bog N end","Cotton, D.C.F.",,FALSE,FALSE,,,228,,"Cotton, D.C.F.",,,,,,Biological Records Centre,,,
2.40966E+16,,,01/07/1981,31/07/1981,DD,01/07/1981 - 31/07/1981,NBNSYS0000006838,Omocestus viridulus,G7316,173500,316500,OSI,1000,,Ardloy L,"Cotton, D.C.F.",,FALSE,FALSE,,,228,,"Cotton, D.C.F.",,,,,,Biological Records Centre,,,
2.40966E+16,,,07/06/2012,07/06/2012,D,07/06/2012,NHMSYS0001387317,Forficula auricularia,F651185,65150,318550,OSI,100,,"Blacksod Point, The Mullet",Roy Anderson,,FALSE,FALSE,,,,"Built up area, sea wall",,occasional,Under stones by harbour.,,,,,,,
2.40966E+16,,,08/08/2008,08/08/2008,D,08/08/2008,NBNSYS0000006838,Omocestus viridulus,G373171,137350,317150,OSI,100,,"Largan near Bunnyconnellan, Ox Mountains",Don Cotton & Jean Dunleavy,,FALSE,FALSE,,,,,,,,,,,,,,
2.40966E+16,,,02/07/2006,02/07/2006,D,02/07/2006,NBNSYS0000006838,Omocestus viridulus,G4417,144500,317500,OSI,1000,,"Masshill, Ox Mountains",Don Cotton & Jean Dunleavy,,FALSE,FALSE,,,,,,,,,,,,,,
2.40966E+16,,,28/06/2002,28/06/2002,D,28/06/2002,NHMSYS0001387317,Forficula auricularia,G238179,123850,317950,OSI,100,,Rahans House,Roy Anderson,,FALSE,FALSE,,,,"Woodland: broadleaved, plantation, high forest",,occasional,Under dead wood.,,,,,,,
2.40966E+16,,,05/08/1989,05/08/1989,D,05/08/1989,NHMSYS0001387317,Forficula auricularia,G6917,169500,317500,OSI,1000,,Lough Ardrea,"Cawley, M.",,FALSE,FALSE,,,228,Unclassifiable habitat data given,"Cawley, M.",,,,,,"Cawley, M.",,,
2.40966E+16,,,10/07/2000,10/07/2000,D,10/07/2000,NBNSYS0000006838,Omocestus viridulus,G7317,173500,317500,OSI,1000,,Ardloy Loughs & Aghalenane Lough,Don Cotton & M. Sullivan,,FALSE,FALSE,,,,,,5,,,,,,,,
2.40966E+16,,,11/04/2007,11/04/2007,D,11/04/2007,NBNSYS0000006832,Tetrix subulata,H895184,289550,318450,OSI,100,,Drumlougher Lough ASSI:,"Nelson, Mr B.",,FALSE,FALSE,,,Armagh,,"Nelson, Mr B.",,,,,,,,,
2.40966E+16,,,11/04/2007,11/04/2007,D,11/04/2007,NBNSYS0000006832,Tetrix subulata,H89431851,289435,318515,OSI,10,,Drumlougher Lough ASSI:Drumlougher L. south shore,"Nelson, Mr B.",,FALSE,FALSE,,,Armagh,,"Nelson, Mr B.",,,,,,,,,
2.40966E+16,,,11/04/2007,11/04/2007,D,11/04/2007,NBNSYS0000006832,Tetrix subulata,H893185,289350,318550,OSI,100,,Drumlougher Lough,Brian Nelson,,FALSE,FALSE,,,Armagh,,Brian Nelson,,,,,,,,,
9.94202E+16,,,11/04/2007,11/04/2007,D,11/04/2007,NBNSYS0000006832,Tetrix subulata,H893185,289350,318550,OSI,100,,Drumlougher Lough,Brian Nelson,,FALSE,FALSE,,Armagh,Armagh,"fen, grazed grassland",Brian Nelson,1,voucher,,Adult,Orthoptera Atlas,,,,
2.48947E+16,,,25/08/2016,25/08/2016,D,25/08/2016,NBNSYS0000006842,Chorthippus brunneus,J015189,301550,318950,OSI,100,,Slieve Gullion,Joe Devlin,,FALSE,FALSE,Images\24894664796555033.jpg,Armagh,Armagh,,,<10,Identification verified by Brian Nelson,,,,,,,
2.40966E+16,,,14/06/1996,14/06/1996,D,14/06/1996,NBNSYS0000006832,Tetrix subulata,H895187,289550,318750,OSI,100,,"Drumlougher Lough, 2.5km NW of Crossmaglen","Nelson, Dr. B.",,FALSE,FALSE,,,Armagh,,"Nelson, Mr B.",,,,,,,,,
2.40966E+16,,,01/05/1972,31/05/1972,DD,01/05/1972 - 31/05/1972,NBNSYS0000006833,Tetrix undulata,F9919,99500,319500,OSI,1000,,,"Speight, M.C.D.",,FALSE,FALSE,,,227,Lake shore,"Speight, M.C.D.",,,,,,Biological Records Centre,,,
2.40966E+16,,,10/05/1972,10/05/1972,D,10/05/1972,NBNSYS0000006833,Tetrix undulata,F9919,99500,319500,OSI,1000,,"Oweninney, Co. Mayo.","Speight, M.C.D.",,FALSE,FALSE,,,227,,,,Grasshoppers and crickets of Ireland; county should be West Mayo,,,,National Biodiversity Data Centre Ireland,,,
2.40966E+16,,,09/07/1989,09/07/1989,D,09/07/1989,NBNSYS0000006838,Omocestus viridulus,G7518,175500,318500,OSI,1000,,Knocknacross,"Cawley, M.",,FALSE,FALSE,,,228,"Grassland,non-calcareous","Cawley, M.",,,,,,"Haes, E.C.M.",,,
9.47987E+16,,,29/06/2007,29/06/2007,D,29/06/2007,NHMSYS0001387317,Forficula auricularia,F738205,73850,320550,OSI,100,,Doo York,Mark G. Telfer,,FALSE,FALSE,,,West Mayo,,Mark G. Telfer,,Dark and macrolabic,,Adult,Mark G. Telfer 2007. Co. Mayo survey with Allen & Mellon,Submitted directly to the Data Centre,,,
9.94202E+16,,,16/07/2019,16/07/2019,D,16/07/2019,NHMSYS0001387317,Forficula auricularia,G395196,139550,319650,OSI,100,,Lough Talt,Brian Nelson,,FALSE,FALSE,,Sligo,Sligo,lakeside grassy/fen vegetation,Brian Nelson,,,,Adult including one male macrolabic,,,,swept,
2.40966E+16,,,09/09/1990,09/09/1990,D,09/09/1990,NBNSYS0000006838,Omocestus viridulus,G6419,164500,319500,OSI,1000,,,"Cawley, M.",,FALSE,FALSE,,,228,Quarry,"Cawley, M.",,,,,,"Haes, E.C.M.",,,
2.40966E+16,,,09/09/1990,09/09/1990,D,09/09/1990,NBNSYS0000006842,Chorthippus brunneus,G6419,164500,319500,OSI,1000,,,"Cawley, M.",,FALSE,FALSE,,,228,Quarry,"Cawley, M.",,,,,,"Haes, E.C.M.",,,
2.40966E+16,,,09/10/1990,09/10/1990,D,09/10/1990,NBNSYS0000006839,Myrmeleotettix maculatus,G6419,164500,319500,OSI,1000,,"Knockadarlteen,nr","Cawley, M.",,FALSE,FALSE,,,228,Quarry,"Cawley, M.",,,,,,"Haes, E.C.M.",,,
2.40966E+16,,,09/07/1989,09/07/1989,D,09/07/1989,NBNSYS0000006838,Omocestus viridulus,G8019,180500,319500,OSI,1000,,,"Cawley, M.",,FALSE,FALSE,,,225,Road verge,"Cawley, M.",,,,,,"Haes, E.C.M.",,,
2.40966E+16,,,06/06/2008,06/06/2008,D,06/06/2008,NBNSYS0000006833,Tetrix undulata,H405198,240550,319850,OSI,100,,Upper Lough Erne - Galloon ASSI:Castle Lough,"Anderson, Dr R.",,FALSE,FALSE,,,Fermanagh,,"Anderson, Dr R.",,,,,,,,,
2.41065E+16,,,23/08/2012,23/08/2012,D,23/08/2012,NHMSYS0001387317,Forficula auricularia,G834201,183450,320150,OSI,100,,Carrownadargny,Denis Peel,,FALSE,FALSE,,Sligo,Sligo,Flower beds and borders,,>50,observed on the flower heads of shasta daisies and other flowers in large numbers,,,,,,,
2.40966E+16,,,12/08/2007,12/08/2007,D,12/08/2007,NBNSYS0000006838,Omocestus viridulus,G4220,142500,320500,OSI,1000,,"Meenagleragh, Ox Mountains",Don Cotton & Jean Dunleavy,,FALSE,FALSE,,,,,,,Heard.,,,,,,,
2.40966E+16,,,11/08/2011,11/08/2011,D,11/08/2011,NHMSYS0001387317,Forficula auricularia,H42182054,242185,320545,OSI,10,,Wattle Bridge,Roy Anderson,,FALSE,FALSE,,,,"Cultivated farmland, mainly grass and hedge boundaries.",,frequent,In hedgerow Rubus.,,,,,,,
2.48947E+16,,,27/06/2016,27/06/2016,D,27/06/2016,NBNSYS0000006838,Omocestus viridulus,G6920,169500,320500,OSI,1000,,Boathole Lough,Michael Bell,,FALSE,FALSE,,Sligo,Sligo,,,1,,,,,,,,
2.40966E+16,,,09/07/1989,09/07/1989,D,09/07/1989,NBNSYS0000006838,Omocestus viridulus,G8120,181500,320500,OSI,1000,,,"Cawley, M.",,FALSE,FALSE,,,228,Road verge,"Cawley, M.",,,,,,"Haes, E.C.M.",,,
2.40966E+16,,,15/08/1994,15/08/1994,D,15/08/1994,NBNSYS0000006838,Omocestus viridulus,J3622,336500,322500,OSI,1000,,Rourkes' Park,"Nelson, B.",,FALSE,FALSE,,,238,,"Nelson, B.",,,,,,"Widgery, J.",,,
2.40966E+16,,,15/08/1994,15/08/1994,D,15/08/1994,NBNSYS0000006839,Myrmeleotettix maculatus,J3622,336500,322500,OSI,1000,,Rourkes' Park,"Nelson, B.",,FALSE,FALSE,,,238,,"Nelson, B.",,,,,,"Widgery, J.",,,
2.40966E+16,,,31/07/1984,31/07/1984,D,31/07/1984,NBNSYS0000006839,Myrmeleotettix maculatus,J3422,334500,322500,OSI,1000,,Carrick Big,"Nelson, B.",,FALSE,FALSE,,,238,,"Nelson, B.",,,,,,"Widgery, J.",,,
2.40966E+16,,,01/08/1984,31/08/1984,DD,01/08/1984 - 31/08/1984,NBNSYS0000006839,Myrmeleotettix maculatus,J3422,334500,322500,OSI,1000,,"Slieve Bignian,Carrick Little nr","Nelson, B.",,FALSE,FALSE,,,238,,"Nelson, B.",,,,,,Biological Records Centre,,,
2.40966E+16,,,01/08/1984,31/08/1984,DD,01/08/1984 - 31/08/1984,NBNSYS0000006839,Myrmeleotettix maculatus,J3422,334500,322500,OSI,1000,,"Slieve Bignian,Carrick Little nr","Anderson, R.",,FALSE,FALSE,,,238,,"Anderson, R.",,,,,,Biological Records Centre,,,
2.40966E+16,,,13/09/2005,13/09/2005,D,13/09/2005,NHMSYS0001387317,Forficula auricularia,H8221,282500,321500,OSI,1000,,Derrycreevy,Martin Cawley,,FALSE,FALSE,,,,grassland,,,,,,,,,,
2.40966E+16,,,11/07/2006,11/07/2006,D,11/07/2006,NBNSYS0000006838,Omocestus viridulus,G5321,153500,321500,OSI,1000,,"Carrowneden near Coolaney, Ox Mountains",Don Cotton & Jean Dunleavy,,FALSE,FALSE,,,,,,,Frequent.,,,,,,,
2.40966E+16,,,11/07/2006,11/07/2006,D,11/07/2006,NBNSYS0000006833,Tetrix undulata,G5321,153500,321500,OSI,1000,,"Carrowneden near Coolaney, Ox Mountains",Don Cotton & Jean Dunleavy,,FALSE,FALSE,,,,,,1,,,,,,,,
2.40966E+16,,,31/08/1994,31/08/1994,D,31/08/1994,NBNSYS0000006838,Omocestus viridulus,H3821,238500,321500,OSI,1000,,Derrysteaton Townland,"Nelson, B.",,FALSE,FALSE,,,233,,"Nelson, B.",,,,,,"Widgery, J.",,,
2.40966E+16,,,31/08/1994,31/08/1994,D,31/08/1994,NBNSYS0000006833,Tetrix undulata,H3821,238500,321500,OSI,1000,,Galloon Island,"Nelson, B.",,FALSE,FALSE,,,233,,"Nelson, B.",,,,,,"Widgery, J.",,,
2.40966E+16,,,24/05/2008,24/05/2008,D,24/05/2008,NBNSYS0000006832,Tetrix subulata,H388215,238850,321550,OSI,100,,"Upper Lough Erne - Crom ASSI:Galloon Island, south shore","Nelson, Mr B.",,FALSE,FALSE,,,Fermanagh,,"Nelson, Mr B.",,,,,,,,,
2.40966E+16,,,22/07/2011,22/07/2011,D,22/07/2011,NBNSYS0000006838,Omocestus viridulus,G647220,164750,322050,OSI,100,,Cloonacurra near Ballinacarrow,Don Cotton & Jean Dunleavy,,FALSE,FALSE,,,,,,,Heard calling.,,,,,,,
2.40966E+16,,,01/07/1984,31/07/1984,DD,01/07/1984 - 31/07/1984,NBNSYS0000006838,Omocestus viridulus,J218238,321850,323850,OSI,100,,"Tievedockaragh,Mourne Mts","Anderson, R.",,FALSE,FALSE,,,238,,"Anderson, R.",,,,,,Biological Records Centre,,,
2.40966E+16,,,20/05/2007,20/05/2007,D,20/05/2007,NBNSYS0000006833,Tetrix undulata,G5322,153500,322500,OSI,1000,,"Carrowneden near Coolaney, Ox Mountains",Don Cotton & T. Roderick,,FALSE,FALSE,,,,,,1,,,,,,,,
2.40966E+16,,,17/05/1978,17/05/1978,D,17/05/1978,NHMSYS0001387317,Forficula auricularia,H1722,217500,322500,OSI,1000,,"Derrynacreeve,nr","Good, J.A.",,FALSE,FALSE,,,230,,"Good, J.A.",,,,,,Biological Records Centre,,,
2.40966E+16,,,15/08/1994,15/08/1994,D,15/08/1994,NBNSYS0000006838,Omocestus viridulus,J3624,336500,324500,OSI,1000,,Spences River,"Nelson, B.",,FALSE,FALSE,,,238,,"Nelson, B.",,,,,,"Widgery, J.",,,
2.40966E+16,,,11/08/2012,11/08/2012,D,11/08/2012,NBNSYS0000006838,Omocestus viridulus,G555230,155550,323050,OSI,100,,"Carrownaskeagh, Ox Mountains",Don Cotton & Jean Dunleavy,,FALSE,FALSE,,,,,,,Heard.,,,,,,,
2.40966E+16,,,17/07/2000,17/07/2000,D,17/07/2000,NBNSYS0000006838,Omocestus viridulus,G695229,169550,322950,OSI,100,,"Unshin River bank, Lisconny Bridge near Collooney",Don Cotton,,FALSE,FALSE,,,,,,5,,,,,,,,
2.40966E+16,,,08/09/1985,08/09/1985,D,08/09/1985,NBNSYS0000006833,Tetrix undulata,J225248,322550,324850,OSI,100,,"Mourne Mountains,Shankys River","Anderson, R.",,FALSE,FALSE,,,238,,"Anderson, R.",,,,,,"Anderson, R.",,,
2.40966E+16,,,17/05/1985,17/05/1985,D,17/05/1985,NBNSYS0000006833,Tetrix undulata,J225248,322550,324850,OSI,100,,"Shankys River,Mourne Mts","Anderson, R.",,FALSE,FALSE,,,238,,"Anderson, R.",,,,,,"Harding, P.T.",,,
2.40966E+16,,,01/07/1981,31/07/1981,DD,01/07/1981 - 31/07/1981,NBNSYS0000006838,Omocestus viridulus,G5523,155500,323500,OSI,1000,,Carrownabanny L,"Cotton, D.C.F.",,FALSE,FALSE,,,228,,"Cotton, D.C.F.",,,,,,Biological Records Centre,,,
2.40966E+16,,,17/05/1978,17/05/1978,D,17/05/1978,NHMSYS0001387317,Forficula auricularia,G6523,165500,323500,OSI,1000,,Ballynacarrow,"Good, J.A.",,FALSE,FALSE,,,228,,"Good, J.A.",,,,,,Biological Records Centre,,,
2.40966E+16,,,01/08/1981,31/08/1981,DD,01/08/1981 - 31/08/1981,NBNSYS0000006838,Omocestus viridulus,G6823,168500,323500,OSI,1000,,Toberscanavan L,"Cotton, D.C.F.",,FALSE,FALSE,,,228,,"Cotton, D.C.F.",,,,,,Biological Records Centre,,,
2.40966E+16,,,01/08/1981,31/08/1981,DD,01/08/1981 - 31/08/1981,NBNSYS0000006832,Tetrix subulata,G6823,168500,323500,OSI,1000,,Toberscanavan L,"Cotton, D.C.F.",,FALSE,FALSE,,,228,,"Cotton, D.C.F.",,,,,,Biological Records Centre,,,
2.40966E+16,,,28/07/1990,28/07/1990,D,28/07/1990,NBNSYS0000006838,Omocestus viridulus,F6325,63500,325500,OSI,1000,,"Elly Bay,dunes nr",,,FALSE,FALSE,,,227,Sand dune,,,,,,,Biological Records Centre,,,NATIVE
2.40966E+16,,,07/06/2007,07/06/2007,D,07/06/2007,NBNSYS0000006838,Omocestus viridulus,G8823,188500,323500,OSI,1000,,Letter near Drumkeeran,Don Cotton & M. Cotton,,FALSE,FALSE,,,,,,,,,,,,,,
2.40966E+16,,,25/08/2012,25/08/2012,D,25/08/2012,NBNSYS0000006838,Omocestus viridulus,G543238,154350,323850,OSI,100,,"Carha near Coolaney, Ox Mountains",Don Cotton & Jean Dunleavy,,FALSE,FALSE,,,,,,,Several calling.,,,,,,,
2.40966E+16,,,02/07/2009,02/07/2009,D,02/07/2009,NHMSYS0001387317,Forficula auricularia,J388257,338850,325750,OSI,100,,"Portmore, National Trust Property",Roy Anderson,,FALSE,FALSE,,,,Coastland: boulder/rocks above high tide mark,,frequent,In red-rotten driftwood.,,,,,,,
2.40966E+16,,,14/08/1984,14/08/1984,D,14/08/1984,NBNSYS0000006839,Myrmeleotettix maculatus,J2925,329500,325500,OSI,1000,,Carn Mtn,"Nelson, B.",,FALSE,FALSE,,,238,,"Nelson, B.",,,,,,"Widgery, J.",,,
2.40966E+16,,,30/07/2012,30/07/2012,D,30/07/2012,NBNSYS0000006838,Omocestus viridulus,G222244,122250,324450,OSI,100,,Coonealcauraun,J. Kilroy,,FALSE,FALSE,,,,,B. Beckmann,,,,,,,,,
2.41065E+16,,,29/07/2012,29/07/2012,D,29/07/2012,NBNSYS0000006838,Omocestus viridulus,G222244,122250,324450,OSI,100,,Knockduff,James Kilroy,,FALSE,FALSE,Images\24106532627023148.jpg,Mayo,East Mayo,Lowland blanket bog,,1,,,,,,,,
2.40966E+16,,,09/07/1989,09/07/1989,D,09/07/1989,NBNSYS0000006838,Omocestus viridulus,J2225,322500,325500,OSI,1000,,Leitrim Lodge,"Nelson, B.",,FALSE,FALSE,,,238,,"Nelson, B.",,,,,,"Widgery, J.",,,
9.94202E+16,,,20/07/2019,20/07/2019,D,20/07/2019,NHMSYS0001387317,Forficula auricularia,H361240,236150,324050,OSI,100,,Crom Estate,Brian Nelson,,FALSE,FALSE,,Fermanagh,Fermanagh,,Brian Nelson,,,,,,,,,
2.40966E+16,,,09/07/1989,09/07/1989,D,09/07/1989,NBNSYS0000006838,Omocestus viridulus,J225255,322550,325550,OSI,100,,Leitrim Lodge,"Nelson, B.",,FALSE,FALSE,,,238,,"Nelson, B.",,,,,,"Nelson, B.",,,
2.40966E+16,,,12/06/2012,12/06/2012,D,12/06/2012,NBNSYS0000006833,Tetrix undulata,G669240,166950,324050,OSI,100,,Knockmullin Fen near Collooney,Don Cotton & E. Gaughan,,FALSE,FALSE,,,,,,1,Clearfell area.,,,,,,,
2.40966E+16,,,26/07/2012,26/07/2012,D,26/07/2012,NBNSYS0000006838,Omocestus viridulus,G965240,196550,324050,OSI,100,,"Rossmore, Lough Allen","Wheeldon, R.",,FALSE,FALSE,,,,,B. Beckmann,,,,,,,,,
2.40966E+16,,,27/06/2000,27/06/2000,D,27/06/2000,NBNSYS0000006832,Tetrix subulata,H362242,236250,324250,OSI,100,,Crom Td. shore,"Nelson, Dr. B.",,FALSE,FALSE,,,Fermanagh,,"Nelson, Mr B.",,,,,,,,,
2.40966E+16,,,10/09/2009,10/09/2009,D,10/09/2009,NHMSYS0001387317,Forficula auricularia,J387262,338750,326250,OSI,100,,Slievenagarragh,Roy Anderson,,FALSE,FALSE,,,,"Cultivated farmland, mainly grass and hedge boundaries.",,several,In rotten wood at base of live Crataegus.,,,,,,,
2.40966E+16,,,01/06/1988,30/06/1988,DD,01/06/1988 - 30/06/1988,NHMSYS0001387317,Forficula auricularia,H3524,235500,324500,OSI,1000,,"Inisherk,Crom Estate N.T.","Harding, P.T.",,FALSE,FALSE,,,233,,"Harding, P.T.",,,,,,"Harding, P.T.",,,
2.40966E+16,,,01/07/1987,31/07/1987,DD,01/07/1987 - 31/07/1987,NBNSYS0000006838,Omocestus viridulus,H3524,235500,324500,OSI,1000,,Crom Castle Estate,"Nelson, B.",,FALSE,FALSE,,,233,,"Nelson, B.",,,,,,"Widgery, J.",,,
2.40966E+16,,,01/06/1984,30/06/1984,DD,01/06/1984 - 30/06/1984,NBNSYS0000006839,Myrmeleotettix maculatus,G6624,166500,324500,OSI,1000,,Annaghmore,"Cotton, D.C.F.",,FALSE,FALSE,,,228,,"Cotton, D.C.F.",,,,,,Biological Records Centre,,,
2.40966E+16,,,27/06/1984,27/06/1984,D,27/06/1984,NBNSYS0000006839,Myrmeleotettix maculatus,G6624,166500,324500,OSI,1000,,Annaghmore,"Cawley, M.",,FALSE,FALSE,,,228,"Heath/moor,unspecified","Cawley, M.",,,,,,"Haes, E.C.M.",,,
2.40966E+16,,,27/06/2000,27/06/2000,D,27/06/2000,NBNSYS0000006838,Omocestus viridulus,H361245,236150,324550,OSI,100,,Crom Castle (itself),Roy Anderson,,FALSE,FALSE,,,,"Lake shore, stony",,several,"In long grass, stony lakeshore.",,,,,,,
2.40966E+16,,,09/07/1989,09/07/1989,D,09/07/1989,NBNSYS0000006838,Omocestus viridulus,G7424,174500,324500,OSI,1000,,Spranagh,"Cawley, M.",,FALSE,FALSE,,,228,Road verge,"Cawley, M.",,,,,,"Haes, E.C.M.",,,
2.40966E+16,,,14/05/2007,14/05/2007,D,14/05/2007,NBNSYS0000006838,Omocestus viridulus,J389265,338950,326550,OSI,100,,Bloody Bridge and Mourne Coastal Path,Roy Anderson,,FALSE,FALSE,,,,Coastland: coastal grassland,,1,At base of tall vegetation.,,,,,,,
2.40966E+16,,,14/05/2007,14/05/2007,D,14/05/2007,NBNSYS0000006839,Myrmeleotettix maculatus,J389265,338950,326550,OSI,100,,Eastern Mournes ASSI:Bloody Bridge and Mourne Coastal Path,"Anderson, Dr R.",,FALSE,FALSE,,,Down,,"Anderson, Dr R.",,,,,,,,,
2.40966E+16,,,14/05/2007,14/05/2007,D,14/05/2007,NBNSYS0000006839,Myrmeleotettix maculatus,J389265,338950,326550,OSI,100,,Eastern Mournes ASSI:Bloody Bridge and Mourne Coastal Path,"Anderson, Dr R.",,FALSE,FALSE,,,Down,,"Anderson, Dr R.",,,,,,,,,
2.40966E+16,,,26/08/1990,26/08/1990,D,26/08/1990,NBNSYS0000006838,Omocestus viridulus,G9824,198500,324500,OSI,1000,,Lough Allen,"Cawley, M.",,FALSE,FALSE,,,229,Lake shore,"Cawley, M.",,,,,,"Haes, E.C.M.",,,
2.40966E+16,,,06/07/2007,06/07/2007,D,06/07/2007,NHMSYS0001387317,Forficula auricularia,H359246,235950,324650,OSI,100,,Upper Lough Erne Crom ASSI,Keith Alexander,,FALSE,FALSE,,,,,,,,,,,,,,
2.40966E+16,,,31/05/1985,31/05/1985,D,31/05/1985,NHMSYS0001387317,Forficula auricularia,J226261,322650,326150,OSI,100,,"Mourne Mountains,Leitrim Lodge","Anderson, R.",,FALSE,FALSE,,,238,,"Anderson, R.",,,,,,Biological Records Centre,,,
2.40966E+16,,,31/05/1985,31/05/1985,D,31/05/1985,NBNSYS0000006833,Tetrix undulata,J226261,322650,326150,OSI,100,,"Mourne Mountains,Leitrim Lodge","Anderson, R.",,FALSE,FALSE,,,238,,"Anderson, R.",,,,,,Biological Records Centre,,,
9.94202E+16,,,05/08/2013,05/08/2013,D,05/08/2013,NHMSYS0001387317,Forficula auricularia,J388266,338850,326650,OSI,100,,Bloody Bridge Coastal Path,Brian Nelson,,FALSE,FALSE,,Down,Down,"heathland, on Ulex",Brian Nelson,present,,,,,,,Field record,
2.40966E+16,,,01/09/1983,30/09/1983,DD,01/09/1983 - 30/09/1983,NBNSYS0000006838,Omocestus viridulus,J2826,328500,326500,OSI,1000,,Ott Mountain,"Anderson, R.",,FALSE,FALSE,,,238,,"Anderson, R.",,,,,,Biological Records Centre,,,
2.40966E+16,,,20/07/2009,20/07/2009,D,20/07/2009,NBNSYS0000006838,Omocestus viridulus,J387269,338750,326950,OSI,100,,"Bloody Bridge, Bloody Bridge River, Mourne Mountains",Roy Anderson,,FALSE,FALSE,,,,"Heathland: dry heath/acid grassland mosaic, lowland",,occasional,Dry gorsey heath.,,,,,,,
2.40966E+16,,,08/08/2008,08/08/2008,D,08/08/2008,NBNSYS0000006838,Omocestus viridulus,J386269,338650,326950,OSI,100,,"Bloody Bridge, Bloody Bridge River, Mourne Mountains",Roy Anderson,,FALSE,FALSE,,,,"Heathland: dry dwarf shrub heath, acid, lowland",,2,General sweeping.,,,,,,,
2.40966E+16,,,14/05/2007,14/05/2007,D,14/05/2007,NBNSYS0000006838,Omocestus viridulus,J386269,338650,326950,OSI,100,,"Bloody Bridge, Bloody Bridge River, Mourne Mountains",Roy Anderson,,FALSE,FALSE,,,,"Heathland: dry heath/acid grassland mosaic, lowland",,1,In acid heath (!!).,,,,,,,
2.40966E+16,,,14/05/2007,14/05/2007,D,14/05/2007,NBNSYS0000006838,Omocestus viridulus,J386269,338650,326950,OSI,100,,"Eastern Mournes ASSI:Bloody Bridge, Bloody Bridge River","Anderson, Dr R.",,FALSE,FALSE,,,Down,,"Anderson, Dr R.",,,,,,,,,
2.40966E+16,,,14/05/2007,14/05/2007,D,14/05/2007,NBNSYS0000006833,Tetrix undulata,J386269,338650,326950,OSI,100,,Eastern Mournes ASSI:Bloody Bridge and Mourne Coastal Path,"Anderson, Dr R.",,FALSE,FALSE,,,Down,,"Anderson, Dr R.",,,,,,,,,
2.40966E+16,,,14/05/2007,14/05/2007,D,14/05/2007,NBNSYS0000006833,Tetrix undulata,J386269,338650,326950,OSI,100,,"Eastern Mournes ASSI:Bloody Bridge, Bloody Bridge River","Anderson, Dr R.",,FALSE,FALSE,,,Down,,"Anderson, Dr R.",,,,,,,,,
2.40966E+16,,,14/05/2007,14/05/2007,D,14/05/2007,NBNSYS0000006838,Omocestus viridulus,J386269,338650,326950,OSI,100,,Eastern Mournes ASSI:Bloody Bridge and Mourne Coastal Path,"Anderson, Dr R.",,FALSE,FALSE,,,Down,,"Anderson, Dr R.",,,,,,,,,
2.40966E+16,,,08/08/2008,08/08/2008,D,08/08/2008,NBNSYS0000006838,Omocestus viridulus,J386269,338650,326950,OSI,100,,"Eastern Mournes ASSI:Bloody Bridge, Bloody Bridge River","Anderson, Dr R.",,FALSE,FALSE,,,Down,,"Anderson, Dr R.",,,,,,,,,
2.40966E+16,,,08/08/2008,08/08/2008,D,08/08/2008,NBNSYS0000006842,Chorthippus brunneus,J386269,338650,326950,OSI,100,,"Eastern Mournes ASSI:Bloody Bridge, Bloody Bridge River","Anderson, Dr R.",,FALSE,FALSE,,,Down,,"Anderson, Dr R.",,,,,,,,,
2.40966E+16,,,20/07/2009,20/07/2009,D,20/07/2009,NBNSYS0000006838,Omocestus viridulus,J383269,338350,326950,OSI,100,,"Bloody Bridge, Bloody Bridge River, Mourne Mountains",Roy Anderson,,FALSE,FALSE,,,,"Heathland: dry heath/acid grassland mosaic, upland",,frequent,Acid grass.,,,,,,,
2.40966E+16,,,20/07/2009,20/07/2009,D,20/07/2009,NBNSYS0000006838,Omocestus viridulus,J382269,338250,326950,OSI,100,,"Bloody Bridge, Bloody Bridge River, Mourne Mountains",Roy Anderson,,FALSE,FALSE,,,,"Heathland: dry heath/acid grassland mosaic, upland",,abundant,Among heather by path.,,,,,,,
2.40966E+16,,,12/08/1985,12/08/1985,D,12/08/1985,NBNSYS0000006842,Chorthippus brunneus,J385270,338550,327050,OSI,100,,"Mourne Coastal Path N.T.,Bloody Bridge","Nelson, B.",,FALSE,FALSE,,,238,,"Nelson, B.",,,,,,Biological Records Centre,,,
2.40966E+16,,,12/08/1985,12/08/1985,D,12/08/1985,NBNSYS0000006838,Omocestus viridulus,J385270,338550,327050,OSI,100,,"Mourne Coastal Path N.T.,Bloody Bridge","Nelson, B.",,FALSE,FALSE,,,238,,"Nelson, B.",,,,,,Biological Records Centre,,,
2.40966E+16,,,12/08/1985,12/08/1985,D,12/08/1985,NBNSYS0000006839,Myrmeleotettix maculatus,J385270,338550,327050,OSI,100,,"Mourne Coastal Path N.T.,Bloody Bridge","Nelson, B.",,FALSE,FALSE,,,238,,"Nelson, B.",,,,,,Biological Records Centre,,,
2.40966E+16,,,12/08/1985,12/08/1985,D,12/08/1985,NBNSYS0000006833,Tetrix undulata,J385270,338550,327050,OSI,100,,"Mourne Coastal Path N.T.,Bloody Bridge","Nelson, B.",,FALSE,FALSE,,,238,,"Nelson, B.",,,,,,Biological Records Centre,,,
2.40966E+16,,,01/08/1940,31/08/1940,DD,01/08/1940 - 31/08/1940,NBNSYS0000006839,Myrmeleotettix maculatus,H12,215000,325000,OSI,10000,,Benbrack,"Farris, R.C.",,FALSE,FALSE,,,230,,"Farris, R.C.",,,,,,Biological Records Centre,,,
2.40966E+16,,,01/08/1984,31/08/1984,DD,01/08/1984 - 31/08/1984,NBNSYS0000006838,Omocestus viridulus,H343252,234350,325250,OSI,100,,"Upper L Erne,Reilly Wd","Anderson, R.",,FALSE,FALSE,,,233,,"Anderson, R.",,,,,,Biological Records Centre,,,
2.40966E+16,,,01/08/1984,31/08/1984,DD,01/08/1984 - 31/08/1984,NHMSYS0001387317,Forficula auricularia,H343252,234350,325250,OSI,100,,"Upper L Erne,Reilly Wd","Anderson, R.",,FALSE,FALSE,,,233,,"Anderson, R.",,,,,,Biological Records Centre,,,
2.40966E+16,,,01/08/1984,31/08/1984,DD,01/08/1984 - 31/08/1984,NBNSYS0000006832,Tetrix subulata,H343252,234350,325250,OSI,100,,"Upper L Erne,Reilly Wd","Anderson, R.",,FALSE,FALSE,,,233,,"Anderson, R.",,,,,,Biological Records Centre,,,
2.40966E+16,,,24/05/2007,24/05/2007,D,24/05/2007,NBNSYS0000006838,Omocestus viridulus,J377272,337750,327250,OSI,100,,Legnabruchan,Roy Anderson,,FALSE,FALSE,,,,"Heathland: dry heath/acid grassland mosaic, upland",,1,Mature adult; grass under gorse.,,,,,,,
2.40966E+16,,,24/05/2007,24/05/2007,D,24/05/2007,NBNSYS0000006838,Omocestus viridulus,J377272,337750,327250,OSI,100,,Eastern Mournes ASSI:Legnabruchan,"Anderson, Dr R.",,FALSE,FALSE,,,Down,,"Anderson, Dr R.",,,,,,,,,
2.40966E+16,,,24/05/2007,24/05/2007,D,24/05/2007,NBNSYS0000006838,Omocestus viridulus,J377272,337750,327250,OSI,100,,Eastern Mournes ASSI:Legnabruchan,"Anderson, Dr R.",,FALSE,FALSE,,,Down,,"Anderson, Dr R.",,,,,,,,,
2.40966E+16,,,01/07/1987,31/07/1987,DD,01/07/1987 - 31/07/1987,NBNSYS0000006838,Omocestus viridulus,H3625,236500,325500,OSI,1000,,Crom Castle Estate,"Nelson, B.",,FALSE,FALSE,,,233,,"Nelson, B.",,,,,,"Widgery, J.",,,
2.41065E+16,,,05/09/2012,05/09/2012,D,05/09/2012,NHMSYS0001387317,Forficula auricularia,J080267,308050,326750,OSI,100,,"Monaghan Row, Newry Co down",Abby McSherry,,FALSE,FALSE,,Down,Down,Flower beds and borders,,Nov-50,,,,,,,,
9.94202E+16,,,26/05/2007,26/05/2007,D,26/05/2007,NBNSYS0000006832,Tetrix subulata,H340257,234050,325750,OSI,100,,Reilly Wood,Brian Nelson,,FALSE,FALSE,,Fermanagh,Fermanagh,,Brian Nelson,1,,,adult,Orthoptera Atlas,,,,
2.40966E+16,,,30/06/2011,09/07/2011,DD,30/06/2011 - 09/07/2011,NBNSYS0000006838,Omocestus viridulus,G56742615,156749,326153,OSI,10,,Gortakeeran,Tom Gittings,,FALSE,FALSE,,Sligo,,,Tom Gittings,,,,,BIOPLAN,,,Malaise trap,
9.94202E+16,,,25/08/2016,25/08/2016,D,25/08/2016,NBNSYS0000006833,Tetrix undulata,H337264,233750,326450,OSI,100,,Upper Lough Erne at Geaglum Quay,Brian Nelson,,FALSE,FALSE,,Fermanagh,Fermanagh,gravelly ground by jetty,Brian Nelson,3,,,Adult,,,,swept,
2.40966E+16,,,29/06/2003,29/06/2003,D,29/06/2003,NBNSYS0000006838,Omocestus viridulus,G934266,193450,326650,OSI,100,,Lisnanorrus near Drumkeerin,Don Cotton & J. Matthews,,FALSE,FALSE,,,,,,,Heard.,,,,,,,
2.40966E+16,,,07/06/2007,07/06/2007,D,07/06/2007,NBNSYS0000006838,Omocestus viridulus,G934267,193450,326750,OSI,100,,Lisnanorrus near Drumkeerin,Don Cotton & M. Cotton,,FALSE,FALSE,,,,,,2,Stridulating. John Matthews farm.,,,,,,,
2.40966E+16,,,30/06/2011,08/07/2011,DD,30/06/2011 - 08/07/2011,NBNSYS0000006838,Omocestus viridulus,F86952823,86959,328233,OSI,10,,Glenturk,Tom Gittings,,FALSE,FALSE,,Mayo,,,Tom Gittings,,,,,BIOPLAN,,,Malaise trap,
2.40966E+16,,,10/08/2013,10/08/2013,D,10/08/2013,NBNSYS0000006838,Omocestus viridulus,H491273,249150,327350,OSI,100,,Kilroosky Lough,Roy Anderson,,FALSE,FALSE,,Monaghan,Monaghan,,,,Frequent in grass outside scrub,,,,,,,
2.40966E+16,,,08/06/2008,08/06/2008,D,08/06/2008,NBNSYS0000006833,Tetrix undulata,G623272,162350,327250,OSI,100,,"Carricknasheeoge, Ox Mountains nr Coolaney",Don Cotton & Jean Dunleavy,,FALSE,FALSE,,,,,,5,,,,,,,,
2.40966E+16,,,29/08/1989,29/08/1989,D,29/08/1989,NHMSYS0001387317,Forficula auricularia,G3927,139500,327500,OSI,1000,,,"Cawley, M.",,FALSE,FALSE,,,228,Unclassifiable habitat data given,"Cawley, M.",,,,,,"Cawley, M.",,,
2.40966E+16,,,20/06/2007,20/06/2007,D,20/06/2007,NBNSYS0000006838,Omocestus viridulus,H4927,249500,327500,OSI,1000,,Kilroosky Lough ASSI:Kilroosky Lough,Mark G. Telfer,,FALSE,FALSE,,,Fermanagh,,Mark G. Telfer,,,,,,,,,
2.40966E+16,,,05/06/2008,05/06/2008,D,05/06/2008,NBNSYS0000006832,Tetrix subulata,H4927,249500,327500,OSI,1000,,Summerhill Lough,J. Paul,,FALSE,FALSE,,,,,,1,Voucher specimen,,,,,,,
2.40966E+16,,,07/07/2004,07/07/2004,D,07/07/2004,NBNSYS0000006838,Omocestus viridulus,G5327,153500,327500,OSI,1000,,"near Lough Minnaun, Ox Mountains","Don Cotton, E. Cotton & M. Cotton",,FALSE,FALSE,,,,,,,,,,,,,,
2.40966E+16,,,01/08/1981,31/08/1981,DD,01/08/1981 - 31/08/1981,NBNSYS0000006838,Omocestus viridulus,G6127,161500,327500,OSI,1000,,"Coolaney,nr","Cotton, D.C.F.",,FALSE,FALSE,,,228,,"Cotton, D.C.F.",,,,,,Biological Records Centre,,,
2.40966E+16,,,17/10/1987,17/10/1987,D,17/10/1987,NHMSYS0001387317,Forficula auricularia,G6827,168500,327500,OSI,1000,,"Collooney,Union Wood nr","Cotton, D.C.F.",,FALSE,FALSE,,,228,,"Cotton, D.C.F.",,,,,,"Cotton, D.C.F.",,,
2.40966E+16,,,06/08/2010,06/08/2010,D,06/08/2010,NBNSYS0000006833,Tetrix undulata,G615279,161550,327950,OSI,100,,"Glenwood, Lugnadeffe, Ox Mountains",Don Cotton & Jean Dunleavy,,FALSE,FALSE,,,,,,1,By sweeping.,,,,,,,
2.40966E+16,,,02/07/1997,29/07/1997,DD,02/07/1997 - 29/07/1997,NBNSYS0000006833,Tetrix undulata,H811285,281150,328550,OSI,100,,Drumcarn Fen,"Nelson, Dr. B.",,FALSE,FALSE,,,Armagh,,"Nelson, Mr B.",,,,,,,,,
2.41065E+16,,,16/11/2012,16/11/2012,D,16/11/2012,NHMSYS0001387317,Forficula auricularia,G682280,168250,328050,OSI,100,,Union Wood,Michael Bell,,FALSE,FALSE,,Sligo,Sligo,(Mixed) broadleaved woodland,,<10,,,,,,,,
2.40966E+16,,,01/08/1981,31/08/1981,DD,01/08/1981 - 31/08/1981,NBNSYS0000006838,Omocestus viridulus,G2828,128500,328500,OSI,1000,,"R Devlin,nr","Cotton, D.C.F.",,FALSE,FALSE,,,228,,"Cotton, D.C.F.",,,,,,Biological Records Centre,,,
2.40966E+16,,,21/06/2007,21/06/2007,D,21/06/2007,NBNSYS0000006838,Omocestus viridulus,H4928,249500,328500,OSI,1000,,Burdautien Lough ASSI:cattle pasture,Mark G. Telfer,,FALSE,FALSE,,,Fermanagh,,Mark G. Telfer,,,,,,,,,
2.40966E+16,,,29/07/2012,29/07/2012,D,29/07/2012,NBNSYS0000006838,Omocestus viridulus,G694283,169450,328350,OSI,100,,Union Wood near Ballygawley,Don Cotton,,FALSE,FALSE,,,,,,1,Heard.,,,,,,,
2.40966E+16,,,07/07/2004,07/07/2004,D,07/07/2004,NBNSYS0000006838,Omocestus viridulus,G5528,155500,328500,OSI,1000,,"Carroward, Ladies Brae, Ox Mountains","Don Cotton, E. Cotton & M. Cotton",,FALSE,FALSE,,,,,,,,,,,,,,
2.40966E+16,,,09/09/1995,09/09/1995,D,09/09/1995,NBNSYS0000006838,Omocestus viridulus,G6528,165500,328500,OSI,1000,,Corhawnagh Lough nr Ballysadare,"Cotton, D.C.F.",,FALSE,FALSE,,,228,,"Cotton, D.C.F.",,,,,,"Cotton, D.C.F.",,,NATIVE
2.40966E+16,,,01/05/1983,31/05/1983,DD,01/05/1983 - 31/05/1983,NBNSYS0000006833,Tetrix undulata,G6828,168500,328500,OSI,1000,,Union Wood,"Cotton, D.C.F.",,FALSE,FALSE,,,228,,"Cotton, D.C.F.",,,,,,Biological Records Centre,,,
2.40966E+16,,,01/06/1984,30/06/1984,DD,01/06/1984 - 30/06/1984,NBNSYS0000006833,Tetrix undulata,G6928,169500,328500,OSI,1000,,"Ballygawley,lake shore","Cotton, D.C.F.",,FALSE,FALSE,,,228,,"Cotton, D.C.F.",,,,,,Biological Records Centre,,,
2.40966E+16,,,15/06/1984,15/06/1984,D,15/06/1984,NBNSYS0000006833,Tetrix undulata,G6928,169500,328500,OSI,1000,,Ballygawley,"Cawley, M.",,FALSE,FALSE,,,228,Lake shore,"Cawley, M.",,,,,,"Haes, E.C.M.",,,
2.40966E+16,,,01/07/1981,31/07/1981,DD,01/07/1981 - 31/07/1981,NBNSYS0000006838,Omocestus viridulus,G6928,169500,328500,OSI,1000,,Ballydawley L,"Cotton, D.C.F.",,FALSE,FALSE,,,228,,"Cotton, D.C.F.",,,,,,Biological Records Centre,,,
2.40966E+16,,,01/07/1981,31/07/1981,DD,01/07/1981 - 31/07/1981,NBNSYS0000006839,Myrmeleotettix maculatus,G6928,169500,328500,OSI,1000,,Ballydawley L,"Cotton, D.C.F.",,FALSE,FALSE,,,228,,"Cotton, D.C.F.",,,,,,Biological Records Centre,,,
2.48947E+16,,,25/08/2016,25/08/2016,D,25/08/2016,NBNSYS0000006838,Omocestus viridulus,G7028,170500,328500,OSI,1000,,Union Wood,Michael Bell,,FALSE,FALSE,,Sligo,Sligo,,,1,,,,,,,,
2.40966E+16,,,29/09/1984,29/09/1984,D,29/09/1984,NHMSYS0001387317,Forficula auricularia,G7228,172500,328500,OSI,1000,,Lough Dargan,"Cawley, M.",,FALSE,FALSE,,,228,Gorse,"Cawley, M.",,,,,,"Cawley, M.",,,
2.40966E+16,,,26/07/1984,26/07/1984,D,26/07/1984,NBNSYS0000006838,Omocestus viridulus,G2629,126500,329500,OSI,1000,,Iniscrone,"Cawley, M.",,FALSE,FALSE,,,228,Sand dune,"Cawley, M.",,,,,,"Haes, E.C.M.",,,
2.40966E+16,,,15/07/1989,15/07/1989,D,15/07/1989,NBNSYS0000006839,Myrmeleotettix maculatus,H350293,235050,329350,OSI,100,,Gortgranagh,"Nelson, B.",,FALSE,FALSE,,,233,,"Nelson, B.",,,,,,"Widgery, J.",,,
2.40966E+16,,,15/07/1989,15/07/1989,D,15/07/1989,NBNSYS0000006839,Myrmeleotettix maculatus,H350293,235050,329350,OSI,100,,Gortgranagh,"Nelson, B.",,FALSE,FALSE,,,233,Bog,"Nelson, B.",,,,,,"Nelson, B.",,,NATIVE
2.40966E+16,,,15/07/1989,15/07/1989,D,15/07/1989,NBNSYS0000006833,Tetrix undulata,H350293,235050,329350,OSI,100,,Gortgranagh,"Nelson, B.",,FALSE,FALSE,,,233,,"Nelson, B.",,,,,,"Widgery, J.",,,
2.40966E+16,,,15/07/1989,15/07/1989,D,15/07/1989,NBNSYS0000006833,Tetrix undulata,H350293,235050,329350,OSI,100,,Gortgranagh,"Nelson, B.",,FALSE,FALSE,,,233,Bog,"Nelson, B.",,,,,,"Nelson, B.",,,NATIVE
2.40966E+16,,,15/07/1989,15/07/1989,D,15/07/1989,NBNSYS0000006838,Omocestus viridulus,H350293,235050,329350,OSI,100,,Gortgranagh,"Nelson, B.",,FALSE,FALSE,,,233,,"Nelson, B.",,,,,,"Widgery, J.",,,
2.40966E+16,,,15/07/1989,15/07/1989,D,15/07/1989,NBNSYS0000006838,Omocestus viridulus,H350293,235050,329350,OSI,100,,Gortgranagh,"Nelson, B.",,FALSE,FALSE,,,233,Bog,"Nelson, B.",,,,,,"Nelson, B.",,,NATIVE
2.41065E+16,,,30/04/2013,30/04/2013,D,30/04/2013,NHMSYS0001387317,Forficula auricularia,G665293,166550,329350,OSI,100,,Ballysadare,Michael Bell,,FALSE,FALSE,,Sligo,Sligo,,,1,,,,,,,,
2.48947E+16,,,14/08/2016,14/08/2016,D,14/08/2016,NBNSYS0000006838,Omocestus viridulus,G5529,155500,329500,OSI,1000,,Longford Demense,Michael Bell,,FALSE,FALSE,,Sligo,Sligo,,,,,,,,,,,
2.40966E+16,,,15/09/1984,15/09/1984,D,15/09/1984,NBNSYS0000006838,Omocestus viridulus,G5929,159500,329500,OSI,1000,,"Tanrego,nr","Cawley, M.",,FALSE,FALSE,,,228,Marsh,"Cawley, M.",,,,,,"Haes, E.C.M.",,,
2.40966E+16,,,17/08/2001,17/08/2001,D,17/08/2001,NBNSYS0000006833,Tetrix undulata,G758294,175850,329450,OSI,100,,"Dromore, Killerry Mountain, Ox Mountains",Don Cotton & J. Reid,,FALSE,FALSE,,,,,,1,,,,,,,,
2.40966E+16,,,01/09/1983,30/09/1983,DD,01/09/1983 - 30/09/1983,NBNSYS0000006838,Omocestus viridulus,G6829,168500,329500,OSI,1000,,Union Wood,"Cotton, D.C.F.",,FALSE,FALSE,,,228,,"Cotton, D.C.F.",,,,,,Biological Records Centre,,,
2.40966E+16,,,03/07/2006,03/07/2006,D,03/07/2006,NBNSYS0000006839,Myrmeleotettix maculatus,G7529,175500,329500,OSI,1000,,"Castleore, Killerry Mountain, Ox Mountains",Don Cotton & Jean Dunleavy,,FALSE,FALSE,,,,,,30,,,,,,,,
2.40966E+16,,,25/04/2011,25/04/2011,D,25/04/2011,NBNSYS0000006832,Tetrix subulata,G726297,172650,329750,OSI,100,,"Carrownagh, Slieve Daeane, Ox Mountains",Don Cotton & Jean Dunleavy,,FALSE,FALSE,,,,,,1,Photographed by Jean. An unusual place on a forestry track given the lack of water.,,,,,,,
2.40966E+16,,,18/07/2008,18/07/2008,D,18/07/2008,NBNSYS0000006838,Omocestus viridulus,G736298,173650,329850,OSI,100,,"Carrownagh, Slish Wood",Roy Anderson,,FALSE,FALSE,,,,"Mire: Flush/spring, acid/neutral",,1,Marginal vegetation.,,,,,,,
2.40966E+16,,,26/08/1988,26/08/1988,D,26/08/1988,NHMSYS0001387317,Forficula auricularia,G2830,128500,330500,OSI,1000,,"Enniscrarve Pier,nr","Cawley, M.",,FALSE,FALSE,,,228,Unclassifiable habitat data given,"Cawley, M.",,,,,,"Cawley, M.",,,
2.40966E+16,,,26/08/1988,26/08/1988,D,26/08/1988,NHMSYS0001387317,Forficula auricularia,G2930,129500,330500,OSI,1000,,Enniscrarve,"Cawley, M.",,FALSE,FALSE,,,228,Unclassifiable habitat data given,"Cawley, M.",,,,,,"Cawley, M.",,,
2.40966E+16,,,21/06/1988,21/06/1988,D,21/06/1988,NHMSYS0001387317,Forficula auricularia,H273301,227350,330150,OSI,100,,Knockninny Hill,"Harding, P.T.",,FALSE,FALSE,,,233,,"Harding, P.T.",,,,,,"Harding, P.T.",,,
2.40966E+16,,,31/08/1994,31/08/1994,D,31/08/1994,NBNSYS0000006838,Omocestus viridulus,H5430,254500,330500,OSI,1000,,Islandhill Lough,"Nelson, B.",,FALSE,FALSE,,,233,,"Nelson, B.",,,,,,"Widgery, J.",,,
2.40966E+16,,,31/08/1994,31/08/1994,D,31/08/1994,NBNSYS0000006833,Tetrix undulata,H5430,254500,330500,OSI,1000,,Islandhill Lough,"Nelson, B.",,FALSE,FALSE,,,233,,"Nelson, B.",,,,,,"Widgery, J.",,,
2.40966E+16,,,15/07/1989,15/07/1989,D,15/07/1989,NBNSYS0000006838,Omocestus viridulus,H386303,238650,330350,OSI,100,,Moorlough Lake,"Nelson, B.",,FALSE,FALSE,,,233,"Grassland,non-calcareous","Nelson, B.",,,,,,"Nelson, B.",,,NATIVE
2.40966E+16,,,15/07/1989,15/07/1989,D,15/07/1989,NBNSYS0000006838,Omocestus viridulus,H386303,238650,330350,OSI,100,,Moorlough,"Nelson, B.",,FALSE,FALSE,,,233,,"Nelson, B.",,,,,,"Widgery, J.",,,
2.40966E+16,,,01/04/1984,30/04/1984,DD,01/04/1984 - 30/04/1984,NBNSYS0000006832,Tetrix subulata,G6030,160500,330500,OSI,1000,,Tanrego,"Cotton, D.C.F.",,FALSE,FALSE,,,228,,"Cotton, D.C.F.",,,,,,Biological Records Centre,,,
2.40966E+16,,,15/04/1984,15/04/1984,D,15/04/1984,NBNSYS0000006832,Tetrix subulata,G6030,160500,330500,OSI,1000,,Tanrego,"Cawley, M.",,FALSE,FALSE,,,228,Stream,"Cawley, M.",,,,,,"Haes, E.C.M.",,,
2.40966E+16,,,01/06/2007,01/06/2007,D,01/06/2007,NBNSYS0000006838,Omocestus viridulus,H274304,227450,330450,OSI,100,,Knockninny ASSI,Roy Anderson,,FALSE,FALSE,,,,"Grassland: calcareous, unimproved, upland",,several,Limestone grassland.,,,,,,,
2.40966E+16,,,01/06/2007,01/06/2007,D,01/06/2007,NBNSYS0000006838,Omocestus viridulus,H274304,227450,330450,OSI,100,,Knockninny Hill ASSI:,"Anderson, Dr R.",,FALSE,FALSE,,,Fermanagh,,"Anderson, Dr R.",,,,,,,,,
2.40966E+16,,,01/06/2007,01/06/2007,D,01/06/2007,NBNSYS0000006838,Omocestus viridulus,H274304,227450,330450,OSI,100,,Knockninny Hill ASSI:,"Anderson, Dr R.",,FALSE,FALSE,,,Fermanagh,,"Anderson, Dr R.",,,,,,,,,
2.40966E+16,,,12/07/2004,12/07/2004,D,12/07/2004,NBNSYS0000006838,Omocestus viridulus,G676305,167650,330550,OSI,100,,Belladrihid swamp near Ballysadare,Don Cotton,,FALSE,FALSE,,,,,,,Calling.,,,,,,,
2.40966E+16,,,01/06/2007,01/06/2007,D,01/06/2007,NHMSYS0001387317,Forficula auricularia,H274305,227450,330550,OSI,100,,Knockninny ASSI,Roy Anderson,,FALSE,FALSE,,,,"Rock: scree, basic",,frequent,In moss on scree.,,,,,,,
2.40966E+16,,,01/08/1983,31/08/1983,DD,01/08/1983 - 31/08/1983,NBNSYS0000006838,Omocestus viridulus,J3532,335500,332500,OSI,1000,,Tollymore Forest,"Anderson, R.",,FALSE,FALSE,,,238,,"Anderson, R.",,,,,,Biological Records Centre,,,
2.40966E+16,,,25/06/2011,25/06/2011,D,25/06/2011,NBNSYS0000006833,Tetrix undulata,G391310,139150,331050,OSI,100,,Camcuill near Dromore West,Don Cotton & Jean Dunleavy,,FALSE,FALSE,,,,,,1,,,,,,,,
2.40966E+16,,,01/07/1984,31/07/1984,DD,01/07/1984 - 31/07/1984,NBNSYS0000006838,Omocestus viridulus,J525333,352550,333350,OSI,100,,St John's Point,"Anderson, R.",,FALSE,FALSE,,,238,,"Anderson, R.",,,,,,Biological Records Centre,,,
2.40966E+16,,,01/07/1984,31/07/1984,DD,01/07/1984 - 31/07/1984,NHMSYS0001387317,Forficula auricularia,J525333,352550,333350,OSI,100,,St John's Point,"Anderson, R.",,FALSE,FALSE,,,238,,"Anderson, R.",,,,,,Biological Records Centre,,,
2.40966E+16,,,22/08/2005,22/08/2005,D,22/08/2005,NBNSYS0000006838,Omocestus viridulus,H6531,265500,331500,OSI,1000,,Corlattan,Martin Cawley,,FALSE,FALSE,,,,grassland,,,,,,,,,,
2.40966E+16,,,22/08/2005,22/08/2005,D,22/08/2005,NHMSYS0001387317,Forficula auricularia,H6531,265500,331500,OSI,1000,,Corlattan,Martin Cawley,,FALSE,FALSE,,,,grassland,,,,,,,,,,
2.40966E+16,,,01/07/1984,31/07/1984,DD,01/07/1984 - 31/07/1984,NHMSYS0001387317,Forficula auricularia,J391332,339150,333250,OSI,100,,"Murlough NNR,Dundrum","Anderson, R.",,FALSE,FALSE,,,238,,"Anderson, R.",,,,,,Biological Records Centre,,,
2.40966E+16,,,01/07/1984,31/07/1984,DD,01/07/1984 - 31/07/1984,NBNSYS0000006842,Chorthippus brunneus,J391332,339150,333250,OSI,100,,"Murlough NNR,Dundrum","Anderson, R.",,FALSE,FALSE,,,238,,"Anderson, R.",,,,,,Biological Records Centre,,,
2.40966E+16,,,01/07/1984,31/07/1984,DD,01/07/1984 - 31/07/1984,NBNSYS0000006838,Omocestus viridulus,J391332,339150,333250,OSI,100,,"Murlough NNR,Dundrum","Anderson, R.",,FALSE,FALSE,,,238,,"Anderson, R.",,,,,,Biological Records Centre,,,
9.94202E+16,,,09/07/2019,09/07/2019,D,09/07/2019,NBNSYS0000006838,Omocestus viridulus,G834312,183450,331250,OSI,100,,Shannacrannaghy near Dromahair,Brian Nelson,,FALSE,FALSE,,Leitrim,Leitrim,lush vegetation on wide forestry track,Brian Nelson,present,,,adult,Orthoptera Atlas,,,swept,
2.40966E+16,,,01/08/1981,31/08/1981,DD,01/08/1981 - 31/08/1981,NBNSYS0000006838,Omocestus viridulus,G6331,163500,331500,OSI,1000,,"Ballysadare Bay,Kellystown","Cotton, D.C.F.",,FALSE,FALSE,,,228,,"Cotton, D.C.F.",,,,,,Biological Records Centre,,,
2.40966E+16,,,19/06/2007,19/06/2007,D,19/06/2007,NBNSYS0000006838,Omocestus viridulus,J4033,340500,333500,OSI,1000,,Murlough ASSI:Murlough National Nature Reserve,Mark G. Telfer,,FALSE,FALSE,,,Down,,Mark G. Telfer,,,,,,,,,
2.40966E+16,,,19/06/2007,19/06/2007,D,19/06/2007,NBNSYS0000006842,Chorthippus brunneus,J4033,340500,333500,OSI,1000,,Murlough ASSI:Murlough National Nature Reserve,Mark G. Telfer,,FALSE,FALSE,,,Down,,Mark G. Telfer,,,,,,,,,
2.40966E+16,,,19/06/2007,19/06/2007,D,19/06/2007,NBNSYS0000006839,Myrmeleotettix maculatus,J4033,340500,333500,OSI,1000,,Murlough ASSI:Murlough National Nature Reserve,Mark G. Telfer,,FALSE,FALSE,,,Down,,Mark G. Telfer,,,,,,,,,
2.40966E+16,,,19/06/2007,19/06/2007,D,19/06/2007,NBNSYS0000006842,Chorthippus brunneus,J4033,340500,333500,OSI,1000,,Murlough ASSI: Murlough National Nature Reserve,Mark G. Telfer,,FALSE,FALSE,,,,,,,General Recording Methods,,,,,,,
2.40966E+16,,,19/06/2007,19/06/2007,D,19/06/2007,NBNSYS0000006839,Myrmeleotettix maculatus,J4033,340500,333500,OSI,1000,,Murlough ASSI: Murlough National Nature Reserve,Mark G. Telfer,,FALSE,FALSE,,,,,,,General Recording Methods,,,,,,,
2.40966E+16,,,01/10/1983,31/10/1983,DD,01/10/1983 - 31/10/1983,NBNSYS0000006832,Tetrix subulata,G6731,167500,331500,OSI,1000,,Kilmacowen Pond,"Cotton, D.C.F.",,FALSE,FALSE,,,228,,"Cotton, D.C.F.",,,,,,Biological Records Centre,,,
2.40966E+16,,,04/10/1983,04/10/1983,D,04/10/1983,NBNSYS0000006832,Tetrix subulata,G6731,167500,331500,OSI,1000,,Kilmacowen,"Cawley, M.",,FALSE,FALSE,,,228,Road verge,"Cawley, M.",,,,,,"Haes, E.C.M.",,,
2.40966E+16,,,01/07/1984,31/07/1984,DD,01/07/1984 - 31/07/1984,NBNSYS0000006833,Tetrix undulata,G6731,167500,331500,OSI,1000,,Kilmacowen Pond,"Cotton, D.C.F.",,FALSE,FALSE,,,228,,"Cotton, D.C.F.",,,,,,Biological Records Centre,,,
2.40966E+16,,,15/07/1984,15/07/1984,D,15/07/1984,NBNSYS0000006833,Tetrix undulata,G6731,167500,331500,OSI,1000,,Kilmacowen,"Cawley, M.",,FALSE,FALSE,,,228,Marsh,"Cawley, M.",,,,,,"Haes, E.C.M.",,,
9.47987E+16,,,28/06/2007,28/06/2007,D,28/06/2007,NBNSYS0000006839,Myrmeleotettix maculatus,F655333,65550,333350,OSI,100,,"Annagh, dunes",Mark G. Telfer,,FALSE,FALSE,,,West Mayo,,Mark G. Telfer,,,,Adult,Mark G. Telfer 2007. Co. Mayo survey with Allen & Mellon,Submitted directly to the Data Centre,,,
9.47987E+16,,,28/06/2007,28/06/2007,D,28/06/2007,NBNSYS0000006838,Omocestus viridulus,F655333,65550,333350,OSI,100,,"Annagh, dunes",Mark G. Telfer,,FALSE,FALSE,,,West Mayo,,Mark G. Telfer,1,Male,,Adult,Mark G. Telfer 2007. Co. Mayo survey with Allen & Mellon,Submitted directly to the Data Centre,,,
2.40966E+16,,,01/04/1984,30/04/1984,DD,01/04/1984 - 30/04/1984,NBNSYS0000006833,Tetrix undulata,G7631,176500,331500,OSI,1000,,Killerry Mountain,"Cotton, D.C.F.",,FALSE,FALSE,,,228,,"Cotton, D.C.F.",,,,,,Biological Records Centre,,,
2.40966E+16,,,09/04/1984,09/04/1984,D,09/04/1984,NBNSYS0000006833,Tetrix undulata,G7631,176500,331500,OSI,1000,,"Slish Wood,nr","Cawley, M.",,FALSE,FALSE,,,228,"Heath/moor,unspecified","Cawley, M.",,,,,,"Haes, E.C.M.",,,
2.40966E+16,,,05/07/1989,05/07/1989,D,05/07/1989,NBNSYS0000006839,Myrmeleotettix maculatus,G7731,177500,331500,OSI,1000,,Killerry,"Cawley, M.",,FALSE,FALSE,,,228,Bog,"Cawley, M.",,,,,,"Haes, E.C.M.",,,
9.94202E+16,,,11/07/2019,11/07/2019,D,11/07/2019,NBNSYS0000006842,Chorthippus brunneus,F654334,65450,333450,OSI,100,,"Annagh, Mullet Peninsula",Brian Nelson,,FALSE,FALSE,,Mayo,West Mayo,,Brian Nelson,,,,,Orthoptera Atlas,,,,
2.40966E+16,,,28/07/1990,28/07/1990,D,28/07/1990,NBNSYS0000006838,Omocestus viridulus,F658334,65850,333450,OSI,100,,"Termoncarragh Lough,nr",,,FALSE,FALSE,,,227,Bog,,,,,,,Biological Records Centre,,,NATIVE
2.40966E+16,,,28/07/1990,28/07/1990,D,28/07/1990,NHMSYS0001387317,Forficula auricularia,F6533,65500,333500,OSI,1000,,Annagh Head,,,FALSE,FALSE,,,227,,,,,,,,"Turnbull, N.",,,NATIVE
2.40966E+16,,,30/05/2009,30/05/2009,D,30/05/2009,NBNSYS0000006833,Tetrix undulata,G708318,170850,331850,OSI,100,,Aghamore near Lough Gill,S. Feeney,,FALSE,FALSE,,,,,Don Cotton,1,Photographed.,,,,,,,
2.40966E+16,,,15/10/1984,15/10/1984,D,15/10/1984,NHMSYS0001387317,Forficula auricularia,G5932,159500,332500,OSI,1000,,Tanrego,"Cawley, M.",,FALSE,FALSE,,,228,Sea-shore,"Cawley, M.",,,,,,"Cawley, M.",,,
2.40966E+16,,,01/07/1983,31/07/1983,DD,01/07/1983 - 31/07/1983,NBNSYS0000006842,Chorthippus brunneus,J4134,341500,334500,OSI,1000,,"Murlough NNR,Dundrum","Anderson, R.",,FALSE,FALSE,,,238,,"Anderson, R.",,,,,,Biological Records Centre,,,
2.40966E+16,,,01/07/1983,31/07/1983,DD,01/07/1983 - 31/07/1983,NBNSYS0000006838,Omocestus viridulus,J4134,341500,334500,OSI,1000,,"Murlough NNR,Dundrum","Anderson, R.",,FALSE,FALSE,,,238,,"Anderson, R.",,,,,,Biological Records Centre,,,
2.48947E+16,,,24/08/2016,24/08/2016,D,24/08/2016,NBNSYS0000006838,Omocestus viridulus,G7532,175500,332500,OSI,1000,,Killerry,Michael Bell,,FALSE,FALSE,,Sligo,Sligo,,,1,,,,,,,,
2.40966E+16,,,11/07/2007,11/07/2007,D,11/07/2007,NBNSYS0000006838,Omocestus viridulus,H54843291,254845,332915,OSI,10,,Drumacrittin Lough ASSI:Drumacrittin Lough,"Nelson, Mr B.",,FALSE,FALSE,,,Fermanagh,,"Nelson, Mr B.",,,,,,,,,
2.41065E+16,,,25/08/2012,25/08/2012,D,25/08/2012,NHMSYS0001387317,Forficula auricularia,G801327,180150,332750,OSI,100,,dromahair,Mary,,FALSE,FALSE,,Leitrim,Leitrim,Buildings and artificial surfaces,,<10,Found in bunches of grapes growing in a polytunnel.,,,,,,,
2.40966E+16,,,07/06/2007,07/06/2007,D,07/06/2007,NBNSYS0000006838,Omocestus viridulus,J43,345000,335000,OSI,10000,,Murlough,J. Paul,,FALSE,FALSE,,,,,,1,Voucher specimen,,,,,,,
2.40966E+16,,,07/06/2007,07/06/2007,D,07/06/2007,NBNSYS0000006842,Chorthippus brunneus,J43,345000,335000,OSI,10000,,Murlough,J. Paul,,FALSE,FALSE,,,,,,1,Voucher specimen,,,,,,,
2.40966E+16,,,15/08/2010,15/08/2010,D,15/08/2010,NHMSYS0001387317,Forficula auricularia,H172328,217250,332850,OSI,100,,"Scrub near farm, Finlane, Florencecourt",Roy Anderson,,FALSE,FALSE,,,,"Scrub: dense/continuous, basic/calcareous",,several,On scrub willow.,,,,,,,
2.41065E+16,,,21/07/2011,21/07/2011,D,21/07/2011,NBNSYS0000006838,Omocestus viridulus,H661333,266150,333350,OSI,100,,"Tom Youngs Wood, Monaghan.",Shirley Clerkin,,FALSE,FALSE,,Monaghan,Monaghan,(Mixed) broadleaved woodland,,1,,,,,,,,
2.40966E+16,,,02/07/2003,02/07/2003,D,02/07/2003,NBNSYS0000006838,Omocestus viridulus,G679330,167950,333050,OSI,100,,"Knocknashammer, Knocknarea Peninsula",Don Cotton,,FALSE,FALSE,,,,,,,Heard.,,,,,,,
2.40966E+16,,,30/07/2012,30/07/2012,D,30/07/2012,NBNSYS0000006838,Omocestus viridulus,G214336,121450,333650,OSI,100,,"Ross, Co Mayo",J. Kilroy,,FALSE,FALSE,,,,,B. Beckmann,,,,,,,,,
2.40966E+16,,,30/07/2012,30/07/2012,D,30/07/2012,NBNSYS0000006842,Chorthippus brunneus,G214336,121450,333650,OSI,100,,"Ross, Co Mayo",J. Kilroy,,FALSE,FALSE,,,,,B. Beckmann,,,,,,,,,
2.41065E+16,,,29/07/2012,29/07/2012,D,29/07/2012,NBNSYS0000006838,Omocestus viridulus,G215336,121550,333650,OSI,100,,"Ross, CBI",James Kilroy,,FALSE,FALSE,Images\24106532627023149.jpg,Mayo,East Mayo,Sand dune systems,,1,,,,,,,,
2.41065E+16,,,29/07/2012,29/07/2012,D,29/07/2012,NBNSYS0000006842,Chorthippus brunneus,G215336,121550,333650,OSI,100,,"Ross, CBI",James Kilroy,,FALSE,FALSE,Images\24106532627023150.jpg,Mayo,East Mayo,Sand dune systems,,1,,,,,,,,
9.94202E+16,,,25/07/2018,25/07/2018,D,25/07/2018,NBNSYS0000006838,Omocestus viridulus,J411351,341150,335150,OSI,100,,Murlough NNR,Brian Nelson,,FALSE,FALSE,,Down,Down,,Brian Nelson,,,,"adult, nymph",Orthoptera Atlas,,,,
9.94202E+16,,,25/07/2018,25/07/2018,D,25/07/2018,NHMSYS0001387317,Forficula auricularia,J411351,341150,335150,OSI,100,,Murlough NNR,Brian Nelson,,FALSE,FALSE,,Down,Down,Scot's Pine,Brian Nelson,many,,,"adult, nymph",,,,beaten,
2.40966E+16,,,02/08/1988,02/08/1988,D,02/08/1988,NBNSYS0000006838,Omocestus viridulus,G4733,147500,333500,OSI,1000,,"Templeboy,nr","Cawley, M.",,FALSE,FALSE,,,228,Road verge,"Cawley, M.",,,,,,"Haes, E.C.M.",,,
2.40966E+16,,,07/06/2012,07/06/2012,D,07/06/2012,NBNSYS0000006838,Omocestus viridulus,F641352,64150,335250,OSI,100,,"Annagh sand dunes, Belmullet",Roy Anderson,,FALSE,FALSE,,,,Coastland: dune grassland,,1,On grassy slopes.,,,,,,,
2.40966E+16,,,01/05/1994,01/05/1994,D,01/05/1994,NBNSYS0000006833,Tetrix undulata,J4235,342500,335500,OSI,1000,,Ballykinler,"Nelson, B.",,FALSE,FALSE,,,238,,"Nelson, B.",,,,,,"Widgery, J.",,,
2.40966E+16,,,19/06/2007,19/06/2007,D,19/06/2007,NBNSYS0000006838,Omocestus viridulus,J4135,341500,335500,OSI,1000,,Murlough ASSI:W shore of inlet,Mark G. Telfer,,FALSE,FALSE,,,Down,,Mark G. Telfer,,,,,,,,,
2.40966E+16,,,25/08/1990,25/08/1990,D,25/08/1990,NBNSYS0000006838,Omocestus viridulus,H297334,229750,333450,OSI,100,,"Inishcreeny,Upper L Erne","Nelson, B.",,FALSE,FALSE,,,233,,"Nelson, B.",,,,,,"Widgery, J.",,,
2.40966E+16,,,08/07/1989,08/07/1989,D,08/07/1989,NBNSYS0000006838,Omocestus viridulus,G6633,166500,333500,OSI,1000,,Carrowmore,"Cawley, M.",,FALSE,FALSE,,,228,Quarry,"Cawley, M.",,,,,,"Haes, E.C.M.",,,
2.40966E+16,,,08/08/1989,08/08/1989,D,08/08/1989,NBNSYS0000006839,Myrmeleotettix maculatus,G6633,166500,333500,OSI,1000,,Carrowmore,"Cawley, M.",,FALSE,FALSE,,,228,Quarry,"Cawley, M.",,,,,,"Haes, E.C.M.",,,
2.40966E+16,,,07/08/2000,07/08/2000,D,07/08/2000,NBNSYS0000006842,Chorthippus brunneus,G6633,166500,333500,OSI,1000,,Carrowmore,Martin Cawley,,FALSE,FALSE,,,,sandpit,,,,,,,,,,
2.40966E+16,,,07/08/2000,07/08/2000,D,07/08/2000,NBNSYS0000006839,Myrmeleotettix maculatus,G6633,166500,333500,OSI,1000,,Carrowmore,Martin Cawley,,FALSE,FALSE,,,,sandpit,,,,,,,,,,
2.40966E+16,,,01/08/1983,31/08/1983,DD,01/08/1983 - 31/08/1983,NBNSYS0000006839,Myrmeleotettix maculatus,G7033,170500,333500,OSI,1000,,Cairn's Hill,"Cotton, D.C.F.",,FALSE,FALSE,,,228,,"Cotton, D.C.F.",,,,,,Biological Records Centre,,,
2.40966E+16,,,01/04/1984,01/04/1984,D,01/04/1984,NBNSYS0000006832,Tetrix subulata,G7133,171500,333500,OSI,1000,,Hazelwood,"Cawley, M.",,FALSE,FALSE,,,228,Lake shore,"Cawley, M.",,,,,,"Haes, E.C.M.",,,
2.40966E+16,,,01/06/1984,30/06/1984,DD,01/06/1984 - 30/06/1984,NBNSYS0000006832,Tetrix subulata,G7133,171500,333500,OSI,1000,,"Hazelwood,lake shore","Cotton, D.C.F.",,FALSE,FALSE,,,228,,"Cotton, D.C.F.",,,,,,Biological Records Centre,,,
2.40966E+16,,,25/08/2001,25/08/2001,D,25/08/2001,NHMSYS0001387317,Forficula auricularia,G8333,183500,333500,OSI,1000,,Carrigeencor Lough,Don Cotton,,FALSE,FALSE,,,,,,,,,,,,,,
2.41065E+16,,,13/08/2012,13/08/2012,D,13/08/2012,NHMSYS0001387317,Forficula auricularia,G431338,143150,333850,OSI,100,,dromore west,Michael Bell,,FALSE,FALSE,Images\24106532627023263.jpg,Sligo,Sligo,Hedgerows,,1,1 assumed Common Earwig in moth trap,,,,,,,
2.40966E+16,,,07/07/2009,07/07/2009,D,07/07/2009,NBNSYS0000006838,Omocestus viridulus,G627336,162750,333650,OSI,100,,"Grange West, Knocknarea",Don Cotton & N. Raftery,,FALSE,FALSE,,,,,,,Orchid rich grassland site. Many calling.,,,,,,,
2.40966E+16,,,15/04/1997,12/05/1997,DD,15/04/1997 - 12/05/1997,NBNSYS0000006833,Tetrix undulata,J370357,337050,335750,OSI,100,,Ballybannan Fen,"Nelson, Dr. B.",,FALSE,FALSE,,,Down,,"Nelson, Mr B.",,,,,,,,,
2.40966E+16,,,01/07/1984,31/07/1984,DD,01/07/1984 - 31/07/1984,NBNSYS0000006842,Chorthippus brunneus,J471361,347150,336150,OSI,100,,"Tyrella,dunes","Anderson, R.",,FALSE,FALSE,,,238,,"Anderson, R.",,,,,,Biological Records Centre,,,
2.40966E+16,,,01/07/1984,31/07/1984,DD,01/07/1984 - 31/07/1984,NHMSYS0001387317,Forficula auricularia,J471361,347150,336150,OSI,100,,"Tyrella,dunes","Anderson, R.",,FALSE,FALSE,,,238,,"Anderson, R.",,,,,,Biological Records Centre,,,
2.40966E+16,,,01/01/1920,31/12/1920,Y,1920,NBNSYS0000006838,Omocestus viridulus,J03,305000,335000,OSI,10000,,Loughgilly,,,FALSE,FALSE,,,237,,,,,,,,Biological Records Centre,,,
9.94202E+16,,,19/08/2014,19/08/2014,D,19/08/2014,NHMSYS0001387317,Forficula auricularia,H111341,211150,334150,OSI,100,,Killykeeghan,Brian Nelson,,FALSE,FALSE,,Fermanagh,Fermanagh,Hawthorn,Brian Nelson,present,,,Adult,,,,Field record,
9.94202E+16,,,19/08/2014,19/08/2014,D,19/08/2014,NBNSYS0000006838,Omocestus viridulus,H111341,211150,334150,OSI,100,,Killykeeghan,Brian Nelson,,FALSE,FALSE,,Fermanagh,Fermanagh,,Brian Nelson,,,,,Orthoptera Atlas,,,,
2.40966E+16,,,19/08/2014,19/08/2014,D,19/08/2014,NBNSYS0000006838,Omocestus viridulus,H111341,211150,334150,OSI,100,,Killykeeghan,Brian Nelson,,FALSE,FALSE,,,Fermanagh,,Brian Nelson,,,,,,,,,
2.40966E+16,,,10/08/2013,10/08/2013,D,10/08/2013,NBNSYS0000006838,Omocestus viridulus,H732348,273250,334850,OSI,100,,Killyneil roadside,Don Cotton,,FALSE,FALSE,,Monaghan,Monaghan,,,1,,,,,,,,
2.40966E+16,,,01/07/1984,01/07/1984,D,01/07/1984,NBNSYS0000006842,Chorthippus brunneus,G5934,159500,334500,OSI,1000,,"Culleenamore,Strandhill","Cawley, M.",,FALSE,FALSE,,,228,Sand dune,"Cawley, M.",,,,,,"Haes, E.C.M.",,,
2.40966E+16,,,01/07/1984,01/07/1984,D,01/07/1984,NBNSYS0000006838,Omocestus viridulus,G5934,159500,334500,OSI,1000,,Culleenamore,"Cawley, M.",,FALSE,FALSE,,,228,Sand dune,"Cawley, M.",,,,,,"Haes, E.C.M.",,,
2.40966E+16,,,21/08/1983,21/08/1983,D,21/08/1983,NBNSYS0000006839,Myrmeleotettix maculatus,G7034,170500,334500,OSI,1000,,Belvoir,"Cawley, M.",,FALSE,FALSE,,,228,"Grassland,non-calcareous","Cawley, M.",,,,,,"Haes, E.C.M.",,,
2.40966E+16,,,04/06/1984,04/06/1984,D,04/06/1984,NBNSYS0000006832,Tetrix subulata,G7134,171500,334500,OSI,1000,,Doorly Park,"Cawley, M.",,FALSE,FALSE,,,228,,"Cawley, M.",,,,,,"Haes, E.C.M.",,,
2.40966E+16,,,17/05/1978,17/05/1978,D,17/05/1978,NHMSYS0001387317,Forficula auricularia,H1934,219500,334500,OSI,1000,,"Drumcard,nr","Good, J.A.",,FALSE,FALSE,,,233,,"Good, J.A.",,,,,,Biological Records Centre,,,
2.40966E+16,,,06/07/1984,06/07/1984,D,06/07/1984,NBNSYS0000006839,Myrmeleotettix maculatus,G8134,181500,334500,OSI,1000,,Loghanagrry,"Cawley, M.",,FALSE,FALSE,,,229,"Woodland,coniferous,ride/clearing","Cawley, M.",,,,,,"Haes, E.C.M.",,,
2.40966E+16,,,01/07/1984,31/07/1984,DD,01/07/1984 - 31/07/1984,NBNSYS0000006839,Myrmeleotettix maculatus,G8134,181500,334500,OSI,1000,,L Anarry,"Cotton, D.C.F.",,FALSE,FALSE,,,229,,"Cotton, D.C.F.",,,,,,Biological Records Centre,,,
2.40966E+16,,,01/07/1984,31/07/1984,DD,01/07/1984 - 31/07/1984,NBNSYS0000006838,Omocestus viridulus,G8134,181500,334500,OSI,1000,,L Anarry,"Cotton, D.C.F.",,FALSE,FALSE,,,229,,"Cotton, D.C.F.",,,,,,Biological Records Centre,,,
2.40966E+16,,,06/07/1984,06/07/1984,D,06/07/1984,NBNSYS0000006838,Omocestus viridulus,G8134,181500,334500,OSI,1000,,Lough Anagarry,"Cawley, M.",,FALSE,FALSE,,,229,Road verge,"Cawley, M.",,,,,,"Haes, E.C.M.",,,
2.40966E+16,,,01/07/1990,31/07/1990,DD,01/07/1990 - 31/07/1990,NBNSYS0000006838,Omocestus viridulus,H088345,208850,334550,OSI,100,,Legalough,"Nelson, B.",,FALSE,FALSE,,,233,,"Nelson, B.",,,,,,"Widgery, J.",,,
2.40966E+16,,,01/07/1990,31/07/1990,DD,01/07/1990 - 31/07/1990,NBNSYS0000006838,Omocestus viridulus,H088346,208850,334650,OSI,100,,Legalough,"Nelson, B.",,FALSE,FALSE,,,233,"Grassland,calcareous","Nelson, B.",,,,,,"Nelson, B.",,,NATIVE
2.40966E+16,,,01/06/1990,30/06/1990,DD,01/06/1990 - 30/06/1990,NBNSYS0000006838,Omocestus viridulus,H089347,208950,334750,OSI,100,,Legalough,"Nelson, B.",,FALSE,FALSE,,,233,"Grassland,calcareous","Nelson, B.",,,,,,"Nelson, B.",,,NATIVE
9.94202E+16,,,25/08/2019,25/08/2019,D,25/08/2019,NBNSYS0000006838,Omocestus viridulus,J334368,333450,336850,OSI,100,,Castlewellan Forest Park,Brian Nelson,,FALSE,FALSE,,Down,Down,,Brian Nelson,,,,,,,,,
2.40966E+16,,,01/05/1939,31/05/1939,DD,01/05/1939 - 31/05/1939,NBNSYS0000006833,Tetrix undulata,G73,175000,335000,OSI,10000,,Shriff Wood,"Farris, R.C.",,FALSE,FALSE,,,229,,"Farris, R.C.",,,,,,Biological Records Centre,,,
2.40966E+16,,,24/05/2007,24/05/2007,D,24/05/2007,NBNSYS0000006838,Omocestus viridulus,J5337,353500,337500,OSI,1000,,"Killough Bay and Strand Lough ASSI:Strand Lough, N shore",Mark G. Telfer,,FALSE,FALSE,,,Down,,Mark G. Telfer,,,,,,,,,
2.40966E+16,,,01/08/1981,31/08/1981,DD,01/08/1981 - 31/08/1981,NBNSYS0000006838,Omocestus viridulus,G3935,139500,335500,OSI,1000,,Easky R,"Cotton, D.C.F.",,FALSE,FALSE,,,228,,"Cotton, D.C.F.",,,,,,Biological Records Centre,,,
2.40966E+16,,,29/06/2000,29/06/2000,D,29/06/2000,NHMSYS0001387317,Forficula auricularia,H101351,210150,335150,OSI,100,,Crossmurrin,Roy Anderson,,FALSE,FALSE,,,,"Built-up area, domestic, rural garden",,several,Under bark of logs in garden.,,,,,,,
9.94202E+16,,,25/08/2019,25/08/2019,D,25/08/2019,NHMSYS0001387317,Forficula auricularia,J335371,333550,337150,OSI,100,,Castlewellan Forest Park,Brian Nelson,,FALSE,FALSE,,Down,Down,,Brian Nelson,,,,,,,,,
2.40966E+16,,,01/07/1982,31/07/1982,DD,01/07/1982 - 31/07/1982,NBNSYS0000006838,Omocestus viridulus,G5235,152500,335500,OSI,1000,,"Dunmoran,Strand","Cotton, D.C.F.",,FALSE,FALSE,,,228,,"Cotton, D.C.F.",,,,,,Biological Records Centre,,,
2.40966E+16,,,15/08/2010,15/08/2010,D,15/08/2010,NBNSYS0000006842,Chorthippus brunneus,G690355,169050,335550,OSI,100,,Sligo,Martin Cawley,,FALSE,FALSE,,,,town garden,,,,,,,,,,
2.40966E+16,,,02/07/1985,02/07/1985,D,02/07/1985,NBNSYS0000006838,Omocestus viridulus,H113355,211350,335550,OSI,100,,"Crossmurrin UNNR,SE of Belcoo","Nelson, B.",,FALSE,FALSE,,,233,,"Nelson, B.",,,,,,Biological Records Centre,,,
2.40966E+16,,,02/07/1989,02/07/1989,D,02/07/1989,NBNSYS0000006838,Omocestus viridulus,H104356,210450,335650,OSI,100,,Tonnagh Quarry,"Nelson, B.",,FALSE,FALSE,,,233,,"Nelson, B.",,,,,,"Widgery, J.",,,
2.40966E+16,,,21/07/1985,21/07/1985,D,21/07/1985,NBNSYS0000006838,Omocestus viridulus,H208357,220850,335750,OSI,100,,"Kinawley,Drumanacabranagher,6km NW of","Nelson, B.",,FALSE,FALSE,,,233,,"Nelson, B.",,,,,,Biological Records Centre,,,
2.40966E+16,,,14/04/1997,12/05/1997,DD,14/04/1997 - 12/05/1997,NBNSYS0000006832,Tetrix subulata,J451382,345150,338250,OSI,100,,Corbally Ponds Fen,"Nelson, Dr. B.",,FALSE,FALSE,,,Down,,"Nelson, Mr B.",,,,,,,,,
2.40966E+16,,,24/07/2001,24/07/2001,D,24/07/2001,NBNSYS0000006838,Omocestus viridulus,G695363,169550,336350,OSI,100,,"Forthill, Sligo town",Don Cotton,,FALSE,FALSE,,,,,,1,,,,,,,,
2.40966E+16,,,30/06/2009,30/06/2009,D,30/06/2009,NHMSYS0001387317,Forficula auricularia,J416384,341650,338450,OSI,100,,Dundrum Coastal Path (Railway Line),Roy Anderson,,FALSE,FALSE,,,,Coastland: coastal grassland,,frequent,Under stones on gravelly foreshore.,,,,,,,
2.40966E+16,,,14/07/1989,14/07/1989,D,14/07/1989,NBNSYS0000006838,Omocestus viridulus,H4036,240500,336500,OSI,1000,,"Lough Lea,nr","Nelson, B.",,FALSE,FALSE,,,233,,"Nelson, B.",,,,,,"Widgery, J.",,,
2.40966E+16,,,04/10/1984,04/10/1984,D,04/10/1984,NHMSYS0001387317,Forficula auricularia,G6036,160500,336500,OSI,1000,,Strandhill,"Cawley, M.",,FALSE,FALSE,,,228,Unclassifiable habitat data given,"Cawley, M.",,,,,,"Cawley, M.",,,
2.40966E+16,,,08/07/1989,08/07/1989,D,08/07/1989,NBNSYS0000006842,Chorthippus brunneus,G6636,166500,336500,OSI,1000,,Carrowmore,"Cawley, M.",,FALSE,FALSE,,,228,Quarry,"Cawley, M.",,,,,,"Haes, E.C.M.",,,
2.40966E+16,,,14/07/1989,14/07/1989,D,14/07/1989,NBNSYS0000006838,Omocestus viridulus,H395365,239550,336550,OSI,100,,Lough Napeasta,"Nelson, B.",,FALSE,FALSE,,,233,,"Nelson, B.",,,,,,"Widgery, J.",,,
2.40966E+16,,,01/09/1984,30/09/1984,DD,01/09/1984 - 30/09/1984,NHMSYS0001387317,Forficula auricularia,G6836,168500,336500,OSI,1000,,Sligo,"Cotton, D.C.F.",,FALSE,FALSE,,,228,,"Cotton, D.C.F.",,,,,,Biological Records Centre,,,
2.40966E+16,,,16/06/2007,16/06/2007,D,16/06/2007,NBNSYS0000006838,Omocestus viridulus,G7036,170500,336500,OSI,1000,,"Hazelwood Avenue, Ballinode",Don Cotton & Jean Dunleavy,,FALSE,FALSE,,,,,,5,,,,,,,,
2.40966E+16,,,21/05/1984,21/05/1984,D,21/05/1984,NBNSYS0000006833,Tetrix undulata,G7536,175500,336500,OSI,1000,,Colgagh,"Cawley, M.",,FALSE,FALSE,,,228,"Grassland,non-calcareous","Cawley, M.",,,,,,"Haes, E.C.M.",,,
2.40966E+16,,,21/06/1994,21/06/1994,D,21/06/1994,NBNSYS0000006833,Tetrix undulata,G7836,178500,336500,OSI,1000,,"Five Mile Bourne,small quarry","Cotton, D.C.F.",,FALSE,FALSE,,,229,,"Cotton, D.C.F.",,,,,,"Cotton, D.C.F.",,,NATIVE
2.40966E+16,,,04/10/1994,04/10/1994,D,04/10/1994,NBNSYS0000006838,Omocestus viridulus,G7836,178500,336500,OSI,1000,,"Five Mile Bourne,small quarry","Cotton, D.C.F.",,FALSE,FALSE,,,229,,"Cotton, D.C.F.",,,,,,"Cotton, D.C.F.",,,NATIVE
2.40966E+16,,,19/09/2001,19/09/2001,D,19/09/2001,NBNSYS0000006842,Chorthippus brunneus,G607366,160750,336650,OSI,100,,"Killaspugbrone, Strandhill",Don Cotton,,FALSE,FALSE,,,,,,,,,,,,,,
2.41065E+16,,,22/08/2012,22/08/2012,D,22/08/2012,NHMSYS0001387317,Forficula auricularia,G977365,197750,336550,OSI,100,,Glenfarne,Gerard Mcmorrow,,FALSE,FALSE,,Leitrim,Leitrim,Dry meadows and grassy verges,,>50,"In the last 4 weeks,I have observed greater than 50 Common Earwigs on Flowers",,,,,,,
2.40966E+16,,,14/07/1989,14/07/1989,D,14/07/1989,NBNSYS0000006838,Omocestus viridulus,H403367,240350,336750,OSI,100,,"Lisnaskea, 5 km NE of","Nelson, B.",,FALSE,FALSE,,,233,Road verge,"Nelson, B.",,,,,,"Nelson, B.",,,NATIVE
2.40966E+16,,,02/08/2010,02/08/2010,D,02/08/2010,NBNSYS0000006838,Omocestus viridulus,G791366,179150,336650,OSI,100,,Five Mile Bourne,Don Cotton & Jean Dunleavy,,FALSE,FALSE,,,,,,1,By sweeping rough vegetation.,,,,,,,
2.40966E+16,,,27/08/2000,27/08/2000,D,27/08/2000,NBNSYS0000006838,Omocestus viridulus,H012369,201250,336950,OSI,100,,"Brockagh Lower, Glenfarne","Don Cotton, M. Cotton & M. Sullivan",,FALSE,FALSE,,,,,,,,,,,,,,
2.40966E+16,,,05/08/2013,05/08/2013,D,05/08/2013,NBNSYS0000006838,Omocestus viridulus,J419392,341950,339250,OSI,100,,"Ardilea, Dundrum Coastal Path",Brian Nelson,,FALSE,FALSE,,,Down,,Brian Nelson,,,,,,,,,
9.94202E+16,,,05/08/2013,05/08/2013,D,05/08/2013,NHMSYS0001387317,Forficula auricularia,J419392,341950,339250,OSI,100,,"Ardilea, Dundrum Coastal Path",Brian Nelson,,FALSE,FALSE,,Down,Down,,Brian Nelson,present,,,,,,,Field record,
9.94202E+16,,,26/07/2018,26/07/2018,D,26/07/2018,NBNSYS0000006838,Omocestus viridulus,J419392,341950,339250,OSI,100,,"Ardilea, Dundrum",Brian Nelson,,FALSE,FALSE,,Down,Down,,Brian Nelson,,,,,Orthoptera Atlas,,,,
9.94202E+16,,,05/08/2013,05/08/2013,D,05/08/2013,NBNSYS0000006838,Omocestus viridulus,J419392,341950,339250,OSI,100,,"Ardilea, Dundrum Coastal Path",Brian Nelson,,FALSE,FALSE,,Down,Down,,Brian Nelson,present,,,,Orthoptera Atlas,,,Field record,
2.40966E+16,,,30/06/1984,30/06/1984,D,30/06/1984,NBNSYS0000006842,Chorthippus brunneus,G6037,160500,337500,OSI,1000,,"Killaspug,Strandhill","Cawley, M.",,FALSE,FALSE,,,228,Sand dune,"Cawley, M.",,,,,,"Haes, E.C.M.",,,
2.40966E+16,,,01/06/1984,30/06/1984,DD,01/06/1984 - 30/06/1984,NBNSYS0000006842,Chorthippus brunneus,G6037,160500,337500,OSI,1000,,Killaspug nr Strandhill,"Cotton, D.C.F.",,FALSE,FALSE,,,228,,"Cotton, D.C.F.",,,,,,Biological Records Centre,,,
2.40966E+16,,,30/06/1984,30/06/1984,D,30/06/1984,NBNSYS0000006838,Omocestus viridulus,G6037,160500,337500,OSI,1000,,"Killaspug,Strandhill","Cawley, M.",,FALSE,FALSE,,,228,Sand dune,"Cawley, M.",,,,,,"Haes, E.C.M.",,,
2.40966E+16,,,01/06/1984,30/06/1984,DD,01/06/1984 - 30/06/1984,NBNSYS0000006838,Omocestus viridulus,G6037,160500,337500,OSI,1000,,Killaspug nr Strandhill,"Cotton, D.C.F.",,FALSE,FALSE,,,228,,"Cotton, D.C.F.",,,,,,Biological Records Centre,,,
2.40966E+16,,,30/06/1984,30/06/1984,D,30/06/1984,NBNSYS0000006839,Myrmeleotettix maculatus,G6037,160500,337500,OSI,1000,,"Killaspug,Strandhill","Cawley, M.",,FALSE,FALSE,,,228,"Grassland,non-calcareous","Cawley, M.",,,,,,"Haes, E.C.M.",,,
2.40966E+16,,,01/06/1984,30/06/1984,DD,01/06/1984 - 30/06/1984,NBNSYS0000006839,Myrmeleotettix maculatus,G6037,160500,337500,OSI,1000,,Killaspug nr Strandhill,"Cotton, D.C.F.",,FALSE,FALSE,,,228,,"Cotton, D.C.F.",,,,,,Biological Records Centre,,,
2.40966E+16,,,27/08/2012,27/08/2012,D,27/08/2012,NBNSYS0000006838,Omocestus viridulus,G732374,173250,337450,OSI,100,,Colgagh near Calry,Don Cotton,,FALSE,FALSE,,,,,,,Fields due to be afforested. Heard.,,,,,,,
2.40966E+16,,,01/01/1987,31/12/1987,DD,01/01/1987 - 31/12/1987,NHMSYS0001387317,Forficula auricularia,G7037,170500,337500,OSI,1000,,"Sligo Sligeach,37 Yeats Heights","Cotton, D.C.F.",,FALSE,FALSE,,,228,,"Cotton, D.C.F.",,,,,,"Cotton, D.C.F.",,,
9.94202E+16,,,16/07/2019,16/07/2019,D,16/07/2019,NBNSYS0000006838,Omocestus viridulus,G978376,197850,337650,OSI,100,,"Sradine, west of Glenfarne",Brian Nelson,,FALSE,FALSE,,Leitrim,Leitrim,,Brian Nelson,,,,,Orthoptera Atlas,,,,
2.40966E+16,,,27/06/2010,27/06/2010,D,27/06/2010,NBNSYS0000006838,Omocestus viridulus,H013380,201350,338050,OSI,100,,Glenfarne Co Leitrim,Not documented,,FALSE,FALSE,,,,,,,http://www.ispot.org.uk/node/47063,,,,,,,
2.40966E+16,,,10/07/1989,10/07/1989,D,10/07/1989,NHMSYS0001387317,Forficula auricularia,G3838,138500,338500,OSI,1000,,Easkey,"Cawley, M.",,FALSE,FALSE,,,228,Unclassifiable habitat data given,"Cawley, M.",,,,,,"Cawley, M.",,,
2.40966E+16,,,07/07/1989,07/07/1989,D,07/07/1989,NBNSYS0000006842,Chorthippus brunneus,G6138,161500,338500,OSI,1000,,Coney Island,"Cawley, M.",,FALSE,FALSE,,,228,Sand dune,"Cawley, M.",,,,,,"Haes, E.C.M.",,,
2.40966E+16,,,07/07/1989,07/07/1989,D,07/07/1989,NBNSYS0000006839,Myrmeleotettix maculatus,G6138,161500,338500,OSI,1000,,Coney Island,"Cawley, M.",,FALSE,FALSE,,,228,"Grassland,non-calcareous","Cawley, M.",,,,,,"Haes, E.C.M.",,,
2.40966E+16,,,13/07/2005,13/07/2005,D,13/07/2005,NBNSYS0000006839,Myrmeleotettix maculatus,G6138,161500,338500,OSI,1000,,Coney Island,"Don Cotton, R. Cotton & Jean Dunleavy",,FALSE,FALSE,,,,,,1,Male.,,,,,,,
2.40966E+16,,,20/08/1990,20/08/1990,D,20/08/1990,NBNSYS0000006839,Myrmeleotettix maculatus,G8638,186500,338500,OSI,1000,,"Manorhamilton,nr","Cawley, M.",,FALSE,FALSE,,,229,Bog,"Cawley, M.",,,,,,"Haes, E.C.M.",,,
2.40966E+16,,,29/08/1990,29/08/1990,D,29/08/1990,NBNSYS0000006838,Omocestus viridulus,G8638,186500,338500,OSI,1000,,"Manorhamilton,nr","Cawley, M.",,FALSE,FALSE,,,229,Bog,"Cawley, M.",,,,,,"Haes, E.C.M.",,,
2.40966E+16,,,02/07/1997,29/07/1997,DD,02/07/1997 - 29/07/1997,NBNSYS0000006832,Tetrix subulata,H769395,276950,339550,OSI,100,,Kiltubbrid Loughs,"Nelson, Dr. B.",,FALSE,FALSE,,,Armagh,,"Nelson, Mr B.",,,,,,,,,
2.40966E+16,,,12/09/2000,12/09/2000,D,12/09/2000,NBNSYS0000006838,Omocestus viridulus,G857394,185750,339450,OSI,100,,"Pollboy, Benbo near Manorhamilton","Don Cotton, F. Lucy & M. Sullivan",,FALSE,FALSE,,,,,,1,,,,,,,,
2.41065E+16,,,25/08/2012,25/08/2012,D,25/08/2012,NHMSYS0001387317,Forficula auricularia,J002408,300250,340850,OSI,100,,Mavemacullen,Oliver O' Hare,,FALSE,FALSE,,Armagh,Armagh,Ornamental/non-native shrub,,Nov-50,On Bunch of grapes in Green house and in Bee hives,,,,,,,
2.41065E+16,,,07/08/2012,07/08/2012,D,07/08/2012,NBNSYS0000006838,Omocestus viridulus,G932398,193250,339850,OSI,100,,Tawnylust,Rob Wheeldon,,FALSE,FALSE,,Leitrim,Leitrim,Dry meadows and grassy verges,,<10,,,,,,,,
2.41065E+16,,,30/06/2012,30/06/2012,D,30/06/2012,NHMSYS0001387317,Forficula auricularia,G844401,184450,340150,OSI,100,,Manorhamilton,Rob Wheeldon,,FALSE,FALSE,,Leitrim,Leitrim,Buildings and artificial surfaces,,<10,,,,,,,,
2.41065E+16,,,28/07/2012,28/07/2012,D,28/07/2012,NHMSYS0001387317,Forficula auricularia,G844401,184450,340150,OSI,100,,Manorhamilton,Rob Wheeldon,,FALSE,FALSE,,Leitrim,Leitrim,Buildings and artificial surfaces,,,3 Recorded,,,,,,,
2.40966E+16,,,29/07/2012,29/07/2012,D,29/07/2012,NHMSYS0001387317,Forficula auricularia,G844401,184450,340150,OSI,100,,Manorhamilton,Rob Wheeldon,,FALSE,FALSE,,Leitrim,Leitrim,Buildings and artificial surfaces,,,3 recorded,,,,,,,
2.40966E+16,,,01/04/1972,30/04/1972,DD,01/04/1972 - 30/04/1972,NBNSYS0000006833,Tetrix undulata,G025412,102550,341250,OSI,100,,Glenlossera,"Speight, M.C.D.",,FALSE,FALSE,,,227,,"Speight, M.C.D.",,,,,,"Harding, P.T.",,,
2.40966E+16,,,01/06/1982,30/06/1982,DD,01/06/1982 - 30/06/1982,NBNSYS0000006838,Omocestus viridulus,G6340,163500,340500,OSI,1000,,Rosses Point,"Cotton, D.C.F.",,FALSE,FALSE,,,228,,"Cotton, D.C.F.",,,,,,Biological Records Centre,,,
2.40966E+16,,,01/06/1984,30/06/1984,DD,01/06/1984 - 30/06/1984,NBNSYS0000006838,Omocestus viridulus,G6440,164500,340500,OSI,1000,,"Rosses Pt,nr Doonweellin L","Cotton, D.C.F.",,FALSE,FALSE,,,228,,"Cotton, D.C.F.",,,,,,Biological Records Centre,,,
2.40966E+16,,,01/07/1981,31/07/1981,DD,01/07/1981 - 31/07/1981,NBNSYS0000006838,Omocestus viridulus,G6440,164500,340500,OSI,1000,,"Rosses Pt,Lower Rosses,small lake","Cotton, D.C.F.",,FALSE,FALSE,,,228,,"Cotton, D.C.F.",,,,,,Biological Records Centre,,,
2.40966E+16,,,01/06/1984,30/06/1984,DD,01/06/1984 - 30/06/1984,NBNSYS0000006833,Tetrix undulata,G6440,164500,340500,OSI,1000,,"Rosses Pt,nr Doonweellin L","Cotton, D.C.F.",,FALSE,FALSE,,,228,,"Cotton, D.C.F.",,,,,,Biological Records Centre,,,
2.40966E+16,,,07/06/1984,07/06/1984,D,07/06/1984,NBNSYS0000006833,Tetrix undulata,G6440,164500,340500,OSI,1000,,Lower Rosses,"Cawley, M.",,FALSE,FALSE,,,228,Quarry,"Cawley, M.",,,,,,"Haes, E.C.M.",,,
2.40966E+16,,,12/10/1987,12/10/1987,D,12/10/1987,NHMSYS0001387317,Forficula auricularia,G6940,169500,340500,OSI,1000,,"Sligo Sligeach,Rathaberna townland","Cotton, D.C.F.",,FALSE,FALSE,,,228,,"Cotton, D.C.F.",,,,,,"Cotton, D.C.F.",,,
2.40966E+16,,,02/07/1989,02/07/1989,D,02/07/1989,NBNSYS0000006838,Omocestus viridulus,H3040,230500,340500,OSI,1000,,Lisbellaw,"Nelson, B.",,FALSE,FALSE,,,233,,"Nelson, B.",,,,,,"Widgery, J.",,,
2.40966E+16,,,30/04/1972,30/04/1972,D,30/04/1972,NBNSYS0000006833,Tetrix undulata,G0241,102500,341500,OSI,1000,,"Conaghra, Co. Mayo.","Speight, M.C.D.",,FALSE,FALSE,,,227,,,,Grasshoppers and crickets of Ireland; county should be West Mayo,,,,National Biodiversity Data Centre Ireland,,,
2.40966E+16,,,01/04/1972,30/04/1972,DD,01/04/1972 - 30/04/1972,NBNSYS0000006833,Tetrix undulata,G0241,102500,341500,OSI,1000,,,"Speight, M.C.D.",,FALSE,FALSE,,,227,Bog,"Speight, M.C.D.",,,,,,Biological Records Centre,,,
2.40966E+16,,,31/05/2005,31/05/2005,D,31/05/2005,NBNSYS0000006833,Tetrix undulata,G8640,186500,340500,OSI,1000,,"Cranny Wood, Lurganboy near Manorhamilton",Don Cotton & Jean Dunleavy,,FALSE,FALSE,,,,,,1,,,,,,,,
2.40966E+16,,,13/08/2012,13/08/2012,D,13/08/2012,NBNSYS0000006838,Omocestus viridulus,G665406,166550,340650,OSI,100,,Doonierin flush beside Drumcliff Bay Estuary,Don Cotton,,FALSE,FALSE,,,,,,1,Heard.,,,,,,,
2.40966E+16,,,30/07/2012,30/07/2012,D,30/07/2012,NBNSYS0000006838,Omocestus viridulus,G870406,187050,340650,OSI,100,,Milltown Wood,"Wheeldon, R.",,FALSE,FALSE,,,,,B. Beckmann,,,,,,,,,
2.40966E+16,,,13/06/2009,13/06/2009,D,13/06/2009,NBNSYS0000006842,Chorthippus brunneus,J6043,360500,343500,OSI,1000,,"Benderg Bay, Killard NNR",J. Paul,,FALSE,FALSE,,,,,,1,Voucher specimen,,,,,,,
9.94202E+16,,,03/09/2017,03/09/2017,D,03/09/2017,NHMSYS0001387317,Forficula auricularia,J607435,360750,343550,OSI,100,,Killard Point,Brian Nelson,,FALSE,FALSE,,Down,Down,,Brian Nelson,,,,,,,,,
2.40966E+16,,,12/07/1986,12/07/1986,D,12/07/1986,NBNSYS0000006833,Tetrix undulata,H044407,204450,340750,OSI,100,,Holywell Church nr Holywell,"Nelson, B.",,FALSE,FALSE,,,233,Unclassifiable habitat data given,"Nelson, B.",,,,,,"Nelson, B.",,,NATIVE
2.40966E+16,,,01/07/1989,31/07/1989,DD,01/07/1989 - 31/07/1989,NBNSYS0000006838,Omocestus viridulus,H305409,230550,340950,OSI,100,,Lisbellaw,"Nelson, B.",,FALSE,FALSE,,,233,Road verge,"Nelson, B.",,,,,,"Nelson, B.",,,NATIVE
2.40966E+16,,,01/07/1984,31/07/1984,DD,01/07/1984 - 31/07/1984,NHMSYS0001387317,Forficula auricularia,H858429,285850,342950,OSI,100,,Millford N.R.,"Anderson, R.",,FALSE,FALSE,,,237,,"Anderson, R.",,,,,,Biological Records Centre,,,
2.40966E+16,,,01/07/1984,31/07/1984,DD,01/07/1984 - 31/07/1984,NBNSYS0000006838,Omocestus viridulus,H858429,285850,342950,OSI,100,,Millford N.R.,"Anderson, R.",,FALSE,FALSE,,,237,,"Anderson, R.",,,,,,Biological Records Centre,,,
2.40966E+16,,,16/06/2011,16/06/2011,D,16/06/2011,NBNSYS0000006833,Tetrix undulata,G717422,171750,342250,OSI,100,,"Collinsford, Glencar",Don Cotton,,FALSE,FALSE,,,,,,1,,,,,,,,
2.40966E+16,,,02/06/2011,02/06/2011,D,02/06/2011,NBNSYS0000006833,Tetrix undulata,G717422,171750,342250,OSI,100,,"Collinsford, Glencar",Don Cotton,,FALSE,FALSE,,,,,,2,,,,,,,,
2.40966E+16,,,30/05/2009,30/05/2009,D,30/05/2009,NBNSYS0000006833,Tetrix undulata,G717422,171750,342250,OSI,100,,"Collinsford, Glencar",Don Cotton & Jean Dunleavy,,FALSE,FALSE,,,,,,2,,,,,,,,
2.40966E+16,,,02/07/1984,02/07/1984,D,02/07/1984,NHMSYS0001387317,Forficula auricularia,G5742,157500,342500,OSI,1000,,Raughley,"Cawley, M.",,FALSE,FALSE,,,228,Unclassifiable habitat data given,"Cawley, M.",,,,,,"Cawley, M.",,,
2.40966E+16,,,14/04/1997,12/05/1997,DD,14/04/1997 - 12/05/1997,NBNSYS0000006833,Tetrix undulata,J561450,356150,345050,OSI,100,,Loughkeelan,"Nelson, Dr. B.",,FALSE,FALSE,,,Down,,"Nelson, Mr B.",,,,,,,,,
2.40966E+16,,,21/06/2011,21/06/2011,D,21/06/2011,NHMSYS0001387317,Forficula auricularia,H761430,276150,343050,OSI,100,,Tynan Abbey Estate,Roy Anderson,,FALSE,FALSE,,,,Parkland/scattered trees: broad-leaved,,frequent,Under rotted oak logs.,,,,,,,
2.40966E+16,,,16/06/2006,16/06/2006,D,16/06/2006,NHMSYS0001387317,Forficula auricularia,H7543,275500,343500,OSI,1000,,Caledon Deer Park,Keith Alexander,,FALSE,FALSE,,,,,,,,,,,,,,
2.40966E+16,,,16/08/2006,16/08/2006,D,16/08/2006,NHMSYS0001387317,Forficula auricularia,H7543,275500,343500,OSI,1000,,Caledon Deer Park,Keith Alexander,,FALSE,FALSE,,,,,,,,,,,,,,
2.40966E+16,,,01/07/1983,31/07/1983,DD,01/07/1983 - 31/07/1983,NBNSYS0000006838,Omocestus viridulus,J4745,347500,345500,OSI,1000,,"Downpatrick,Quoile River","Anderson, R.",,FALSE,FALSE,,,238,,"Anderson, R.",,,,,,Biological Records Centre,,,
2.40966E+16,,,17/06/1989,17/06/1989,D,17/06/1989,NBNSYS0000006838,Omocestus viridulus,J358451,335850,345150,OSI,100,,"Black L,Dunmore Mtn","Nelson, B.",,FALSE,FALSE,,,238,,"Nelson, B.",,,,,,"Widgery, J.",,,
2.40966E+16,,,17/06/1989,17/06/1989,D,17/06/1989,NBNSYS0000006838,Omocestus viridulus,J358451,335850,345150,OSI,100,,"Hastings,Black Lough","Nelson, B.",,FALSE,FALSE,,,238,,"Nelson, B.",,,,,,"Nelson, B.",,,
2.41065E+16,,,23/08/2012,23/08/2012,D,23/08/2012,NHMSYS0001387317,Forficula auricularia,H617436,261750,343650,OSI,100,,Golan,Ciara Brosnan,,FALSE,FALSE,,Monaghan,Monaghan,Flower beds and borders,,<10,,,,,,,,
2.40966E+16,,,26/06/2010,26/06/2010,D,26/06/2010,NHMSYS0001387317,Forficula auricularia,H264433,226450,343350,OSI,100,,Milltown or Rossyvullan Hill,Roy Anderson,,FALSE,FALSE,,,,Parkland/scattered trees: broad-leaved,,abundant,Under logs below parkland oak.,,,,,,,
2.40966E+16,,,21/08/2006,21/08/2006,D,21/08/2006,NBNSYS0000006842,Chorthippus brunneus,G5743,157500,343500,OSI,1000,,"Yellow Strand dunes, near Knocklane",Don Cotton & Jean Dunleavy,,FALSE,FALSE,,,,,,,,,,,,,,
2.40966E+16,,,01/08/1981,31/08/1981,DD,01/08/1981 - 31/08/1981,NBNSYS0000006842,Chorthippus brunneus,G6243,162500,343500,OSI,1000,,"Lissadell,Drumcliff Bay","Cotton, D.C.F.",,FALSE,FALSE,,,228,,"Cotton, D.C.F.",,,,,,Biological Records Centre,,,
2.40966E+16,,,22/07/1984,22/07/1984,D,22/07/1984,NBNSYS0000006838,Omocestus viridulus,G7343,173500,343500,OSI,1000,,Glencar,"Cawley, M.",,FALSE,FALSE,,,228,"Grassland,non-calcareous","Cawley, M.",,,,,,"Haes, E.C.M.",,,
2.40966E+16,,,18/05/2006,18/05/2006,D,18/05/2006,NHMSYS0001387317,Forficula auricularia,H2643,226500,343500,OSI,1000,,Castle Coole Park,Keith Alexander,,FALSE,FALSE,,,,,,,,,,,,,,
2.40966E+16,,,14/09/2006,14/09/2006,D,14/09/2006,NBNSYS0000006832,Tetrix subulata,H2643,226500,343500,OSI,1000,,Castle Coole Park,Keith Alexander,,FALSE,FALSE,,,,,,,,,,,,,,
2.40966E+16,,,01/08/1981,31/08/1981,DD,01/08/1981 - 31/08/1981,NBNSYS0000006838,Omocestus viridulus,G7443,174500,343500,OSI,1000,,Glencar L,"Cotton, D.C.F.",,FALSE,FALSE,,,228,,"Cotton, D.C.F.",,,,,,Biological Records Centre,,,
2.40966E+16,,,20/10/1987,20/10/1987,D,20/10/1987,NHMSYS0001387317,Forficula auricularia,G7543,175500,343500,OSI,1000,,Glencar,"Cotton, D.C.F.",,FALSE,FALSE,,,229,,"Cotton, D.C.F.",,,,,,"Cotton, D.C.F.",,,
2.40966E+16,,,01/05/1984,31/05/1984,DD,01/05/1984 - 31/05/1984,NBNSYS0000006833,Tetrix undulata,G7543,175500,343500,OSI,1000,,Glencar,"Cotton, D.C.F.",,FALSE,FALSE,,,229,,"Cotton, D.C.F.",,,,,,Biological Records Centre,,,
2.40966E+16,,,26/06/2010,26/06/2010,D,26/06/2010,NBNSYS0000006838,Omocestus viridulus,H258437,225850,343750,OSI,100,,Wood SW Filbert Hill Castle Coole,Roy Anderson,,FALSE,FALSE,,,,Parkland/scattered trees: broad-leaved,,abundant,Wet parkland meadow.,,,,,,,
2.40966E+16,,,26/06/2010,26/06/2010,D,26/06/2010,NHMSYS0001387317,Forficula auricularia,H258437,225850,343750,OSI,100,,Wood SW Filbert Hill Castle Coole,Roy Anderson,,FALSE,FALSE,,,,Parkland/scattered trees: broad-leaved,,frequent,Under dead oak cuttings.,,,,,,,
2.40966E+16,,,20/07/2010,20/07/2010,D,20/07/2010,NHMSYS0001387317,Forficula auricularia,H258438,225850,343850,OSI,100,,Wood SW Filbert Hill Castle Coole,Roy Anderson,,FALSE,FALSE,,,,Parkland/scattered trees: broad-leaved,,frequent,Under bark of fallen oak branches.,,,,,,,
2.40966E+16,,,16/08/2000,16/08/2000,D,16/08/2000,NBNSYS0000006838,Omocestus viridulus,G756438,175650,343850,OSI,100,,"Swiss Valley, east of, Glencar",Don Cotton & M. Crowley,,FALSE,FALSE,,,,,,20,Frequent on grassy slopes.,,,,,,,
2.40966E+16,,,26/08/2012,26/08/2012,D,26/08/2012,NBNSYS0000006838,Omocestus viridulus,G615439,161550,343950,OSI,100,,Lissadell Strand,Don Cotton & Jean Dunleavy,,FALSE,FALSE,,,,,,,Heard.,,,,,,,
2.40966E+16,,,26/08/2012,26/08/2012,D,26/08/2012,NBNSYS0000006842,Chorthippus brunneus,G615439,161550,343950,OSI,100,,Lissadell Strand,Don Cotton & Jean Dunleavy,,FALSE,FALSE,,,,,,,Heard and seen.,,,,,,,
2.40966E+16,,,19/07/2010,19/07/2010,D,19/07/2010,NBNSYS0000006838,Omocestus viridulus,G614440,161450,344050,OSI,100,,"Maugherow (Magherow), Lissadell",Don Cotton & Jean Dunleavy,,FALSE,FALSE,,,,,,10,,,,,,,,
2.40966E+16,,,05/07/2007,05/07/2007,D,05/07/2007,NBNSYS0000006838,Omocestus viridulus,G752440,175250,344050,OSI,100,,"Swiss Valley, Glencar","Don Cotton, R. Hodd,L. Houston & T. Rich",,FALSE,FALSE,,,,,,1,,,,,,,,
2.41065E+16,,,19/08/2012,19/08/2012,D,19/08/2012,NBNSYS0000006838,Omocestus viridulus,H577443,257750,344350,OSI,100,,Slieve Beagh,Joe Shannon,,FALSE,FALSE,,Monaghan,Monaghan,Upland blanket bog,,<10,several on roadside vegetation,,,,,,,
2.40966E+16,,,01/07/1984,31/07/1984,DD,01/07/1984 - 31/07/1984,NBNSYS0000006838,Omocestus viridulus,J397462,339750,346250,OSI,100,,Bohill Breagan,"Anderson, R.",,FALSE,FALSE,,,238,,"Anderson, R.",,,,,,Biological Records Centre,,,
2.40966E+16,,,24/07/2009,24/07/2009,D,24/07/2009,NBNSYS0000006842,Chorthippus brunneus,G627443,162750,344350,OSI,100,,Lissadell Estate,Don Cotton & Jean Dunleavy,,FALSE,FALSE,,,,,,5,,,,,,,,
2.40966E+16,,,09/05/1987,09/05/1987,D,09/05/1987,NBNSYS0000006833,Tetrix undulata,J397463,339750,346350,OSI,100,,Drumaness Wood,"Anderson, R.",,FALSE,FALSE,,,238,,"Anderson, R.",,,,,,"Harding, P.T.",,,
2.40966E+16,,,09/05/1987,09/05/1987,D,09/05/1987,NBNSYS0000006833,Tetrix undulata,J397463,339750,346350,OSI,100,,Drumaness Wood,"Anderson, R.",,FALSE,FALSE,,,238,,"Anderson, R.",,,,,,"Anderson, R.",,,
2.40966E+16,,,21/08/2006,21/08/2006,D,21/08/2006,NBNSYS0000006842,Chorthippus brunneus,G5744,157500,344500,OSI,1000,,"Yellow Strand dunes, near Knocklane",Don Cotton & Jean Dunleavy,,FALSE,FALSE,,,,,,,,,,,,,,
2.40966E+16,,,02/07/1984,02/07/1984,D,02/07/1984,NBNSYS0000006838,Omocestus viridulus,G5744,157500,344500,OSI,1000,,Yellowstrand,"Cawley, M.",,FALSE,FALSE,,,228,"Grassland,non-calcareous","Cawley, M.",,,,,,"Haes, E.C.M.",,,
2.40966E+16,,,04/05/1984,04/05/1984,D,04/05/1984,NBNSYS0000006833,Tetrix undulata,G7444,174500,344500,OSI,1000,,Glencar,"Cawley, M.",,FALSE,FALSE,,,229,"Grassland,non-calcareous","Cawley, M.",,,,,,"Haes, E.C.M.",,,
2.40966E+16,,,01/01/1920,31/12/1920,Y,1920,NBNSYS0000006838,Omocestus viridulus,H64,265000,345000,OSI,10000,,Emyvale,,,FALSE,FALSE,,,232,,,,,,,,Biological Records Centre,,,
2.40966E+16,,,01/09/1971,30/09/1971,DD,01/09/1971 - 30/09/1971,NBNSYS0000006838,Omocestus viridulus,J3246,332500,346500,OSI,1000,,Drumkeeragh,"Anderson, R.",,FALSE,FALSE,,,238,,"Anderson, R.",,,,,,Biological Records Centre,,,
2.40966E+16,,,01/08/1940,31/08/1940,DD,01/08/1940 - 31/08/1940,NBNSYS0000006839,Myrmeleotettix maculatus,G64,165000,345000,OSI,10000,,Lissadell,"Farris, R.C.",,FALSE,FALSE,,,228,,"Farris, R.C.",,,,,,Biological Records Centre,,,
2.40966E+16,,,23/05/1985,23/05/1985,D,23/05/1985,NBNSYS0000006833,Tetrix undulata,G64,165000,345000,OSI,10000,,"Doonweelin Loughs, Co. Sligo.","Speight, M.C.D.",,FALSE,FALSE,,,228,,,,Grasshoppers and crickets of Ireland,,,,National Biodiversity Data Centre Ireland,,,
2.40966E+16,,,03/07/2000,03/07/2000,D,03/07/2000,NBNSYS0000006838,Omocestus viridulus,G567452,156750,345250,OSI,100,,Ballyconnell (reserve),Don Cotton & E. Cotton,,FALSE,FALSE,,,,,,2,,,,,,,,
2.40966E+16,,,01/08/1983,31/08/1983,DD,01/08/1983 - 31/08/1983,NBNSYS0000006842,Chorthippus brunneus,G5645,156500,345500,OSI,1000,,Ballyconnell,"Cotton, D.C.F.",,FALSE,FALSE,,,228,,"Cotton, D.C.F.",,,,,,Biological Records Centre,,,
2.40966E+16,,,25/07/1987,25/07/1987,D,25/07/1987,NBNSYS0000006838,Omocestus viridulus,H213453,221350,345350,OSI,100,,Silverhill Quarry,"Nelson, B.",,FALSE,FALSE,,,233,,"Nelson, B.",,,,,,"Widgery, J.",,,
2.40966E+16,,,01/07/1987,31/07/1987,DD,01/07/1987 - 31/07/1987,NBNSYS0000006838,Omocestus viridulus,H213453,221350,345350,OSI,100,,"Silver Hill Quarry, Enniskillen","Nelson, B.",,FALSE,FALSE,,,233,Quarry,"Nelson, B.",,,,,,"Nelson, B.",,,NATIVE
2.40966E+16,,,06/07/2011,06/07/2011,D,06/07/2011,NBNSYS0000006838,Omocestus viridulus,G638454,163850,345450,OSI,100,,Doonowney near Lissadell,Don Cotton & Jean Dunleavy,,FALSE,FALSE,,,,,,2,Stridulating.,,,,,,,
2.40966E+16,,,19/08/2014,19/08/2014,D,19/08/2014,NBNSYS0000006838,Omocestus viridulus,H309454,230950,345450,OSI,100,,Topped Mountain,Brian Nelson,,FALSE,FALSE,,,Fermanagh,,Brian Nelson,,,,,,,,,
9.94202E+16,,,19/08/2014,19/08/2014,D,19/08/2014,NHMSYS0001387317,Forficula auricularia,H309454,230950,345450,OSI,100,,Topped Mountain,Brian Nelson,,FALSE,FALSE,,Fermanagh,Fermanagh,Hawthorn/gorse scrub,Brian Nelson,present,,,Adult,,,,Field record,
9.94202E+16,,,19/08/2014,19/08/2014,D,19/08/2014,NBNSYS0000006838,Omocestus viridulus,H309454,230950,345450,OSI,100,,Topped Mountain,Brian Nelson,,FALSE,FALSE,,Fermanagh,Fermanagh,,Brian Nelson,,,,,Orthoptera Atlas,,,,
2.40966E+16,,,01/05/1987,01/05/1987,D,01/05/1987,NBNSYS0000006833,Tetrix undulata,G6345,163500,345500,OSI,1000,,Lissadell Woods,"Cotton, D.C.F.",,FALSE,FALSE,,,228,,"Cotton, D.C.F.",,,,,,"Cotton, D.C.F.",,,
2.40966E+16,,,31/08/1989,31/08/1989,D,31/08/1989,NBNSYS0000006838,Omocestus viridulus,H3145,231500,345500,OSI,1000,,Topped Mountain,"Nelson, B.",,FALSE,FALSE,,,233,,"Nelson, B.",,,,,,"Widgery, J.",,,
2.40966E+16,,,02/07/1984,02/07/1984,D,02/07/1984,NBNSYS0000006838,Omocestus viridulus,G8245,182500,345500,OSI,1000,,Glenade,"Cawley, M.",,FALSE,FALSE,,,229,Road verge,"Cawley, M.",,,,,,"Haes, E.C.M.",,,
2.40966E+16,,,20/08/1994,20/08/1994,D,20/08/1994,NBNSYS0000006838,Omocestus viridulus,G9945,199500,345500,OSI,1000,,"Lattone Lake,nr Kiltyclogher","Cotton, D.C.F.",,FALSE,FALSE,,,229,,"Cotton, D.C.F.",,,,,,"Cotton, D.C.F.",,,NATIVE
2.40966E+16,,,17/08/2006,17/08/2006,D,17/08/2006,NHMSYS0001387317,Forficula auricularia,J517480,351750,348050,OSI,100,,"Ballintogher Td., SE of Downpatrick",Roy Anderson,,FALSE,FALSE,,,,Cultivated/disturbed land: arable,,several,"Spring oats margins, field 2.",,,,,,,
2.40966E+16,,,26/07/1995,26/07/1995,D,26/07/1995,NBNSYS0000006838,Omocestus viridulus,G998457,199850,345750,OSI,100,,Lough Lattone,"Nelson, B.",,FALSE,FALSE,,,233,,"Nelson, B.",,,,,,"Widgery, J.",,,
2.40966E+16,,,14/04/1997,12/05/1997,DD,14/04/1997 - 12/05/1997,NBNSYS0000006833,Tetrix undulata,J559487,355950,348750,OSI,100,,Carrowcarlin Td.,"Nelson, Dr. B.",,FALSE,FALSE,,,Down,,"Nelson, Mr B.",,,,,,,,,
2.40966E+16,,,01/07/1985,31/07/1985,DD,01/07/1985 - 31/07/1985,NBNSYS0000006838,Omocestus viridulus,J570490,357050,349050,OSI,100,,Castleward,"Nelson, B.",,FALSE,FALSE,,,238,,"Nelson, B.",,,,,,"Widgery, J.",,,
2.40966E+16,,,18/06/2006,18/06/2006,D,18/06/2006,NHMSYS0001387317,Forficula auricularia,J5649,356500,349500,OSI,1000,,Castle Ward Park,Keith Alexander,,FALSE,FALSE,,,,,,,,,,,,,,
2.40966E+16,,,20/08/2006,20/08/2006,D,20/08/2006,NHMSYS0001387317,Forficula auricularia,J5649,356500,349500,OSI,1000,,Castle Ward Park,Keith Alexander,,FALSE,FALSE,,,,,,,,,,,,,,
9.94202E+16,,,20/09/2019,20/09/2019,D,20/09/2019,NBNSYS0000006838,Omocestus viridulus,J572497,357250,349750,OSI,100,,Temple Water Castleward,Brian Nelson,,FALSE,FALSE,,Down,Down,,Brian Nelson,,,,,Orthoptera Atlas,,,,
2.40966E+16,,,30/07/1990,30/07/1990,D,30/07/1990,NBNSYS0000006838,Omocestus viridulus,H580474,258050,347450,OSI,100,,Lough na Blaney Bane,"Nelson, B.",,FALSE,FALSE,,,236,Unclassifiable habitat data given,"Nelson, B.",,,,,,"Nelson, B.",,,NATIVE
2.40966E+16,,,01/08/1981,31/08/1981,DD,01/08/1981 - 31/08/1981,NBNSYS0000006838,Omocestus viridulus,G5947,159500,347500,OSI,1000,,Cloonagh,"Cotton, D.C.F.",,FALSE,FALSE,,,228,,"Cotton, D.C.F.",,,,,,Biological Records Centre,,,
2.40966E+16,,,24/06/1992,24/06/1992,D,24/06/1992,NBNSYS0000006838,Omocestus viridulus,J575503,357550,350350,OSI,100,,Castleward,"Nelson, B.",,FALSE,FALSE,,,238,,"Nelson, B.",,,,,,"Widgery, J.",,,
2.40966E+16,,,29/07/1985,29/07/1985,D,29/07/1985,NBNSYS0000006838,Omocestus viridulus,J576504,357650,350450,OSI,100,,Castle Ward N.T.,"Nelson, B.",,FALSE,FALSE,,,238,,"Nelson, B.",,,,,,Biological Records Centre,,,
2.40966E+16,,,19/08/2003,19/08/2003,D,19/08/2003,NBNSYS0000006838,Omocestus viridulus,G678481,167850,348150,OSI,100,,"Grogagh quarry, near Grange",Don Cotton,,FALSE,FALSE,,,,,,,,,,,,,,
2.40966E+16,,,16/08/2005,16/08/2005,D,16/08/2005,NBNSYS0000006838,Omocestus viridulus,G783485,178350,348550,OSI,100,,"Cloontyprughlish, Glenade",Roy Anderson,,FALSE,FALSE,,,,"Cultivated farmland, mainly grass and hedge boundaries.",,1,Grassy track margins.,,,,,,,
2.40966E+16,,,01/07/2011,01/07/2011,D,01/07/2011,NBNSYS0000006838,Omocestus viridulus,J0150,301500,350500,OSI,1000,,Brackagh Moss,Not documented,,FALSE,FALSE,,,,,,,http://www.ispot.org.uk/node/175067,,,,,,,
9.94202E+16,,,23/06/2018,23/06/2018,D,23/06/2018,NBNSYS0000006838,Omocestus viridulus,J020510,302050,351050,OSI,100,,Brackagh Moss Nature Reserve,Brian Nelson,,FALSE,FALSE,,Armagh,Armagh,,Brian Nelson,,,,,Orthoptera Atlas,,,,
9.94202E+16,,,29/06/2018,29/06/2018,D,29/06/2018,NBNSYS0000006838,Omocestus viridulus,J020510,302050,351050,OSI,100,,Brackagh Moss Nature Reserve,Brian Nelson,,FALSE,FALSE,,Armagh,Armagh,,Brian Nelson,,,,,Orthoptera Atlas,,,,
2.40966E+16,,,11/07/1992,11/07/1992,D,11/07/1992,NBNSYS0000006838,Omocestus viridulus,H183499,218350,349950,OSI,100,,Roosky,"Nelson, B.",,FALSE,FALSE,,,233,,"Nelson, B.",,,,,,"Widgery, J.",,,
2.40966E+16,,,24/06/1988,24/06/1988,D,24/06/1988,NHMSYS0001387317,Forficula auricularia,H089500,208950,350050,OSI,100,,Knockmore,"Harding, P.T.",,FALSE,FALSE,,,233,,"Harding, P.T.",,,,,,"Harding, P.T.",,,
2.40966E+16,,,03/08/1989,03/08/1989,D,03/08/1989,NBNSYS0000006838,Omocestus viridulus,J031513,303150,351350,OSI,100,,"Newry Canal,Moneypenny's Lock","Nelson, B.",,FALSE,FALSE,,,237,,"Nelson, B.",,,,,,"Widgery, J.",,,
1.01118E+17,,,09/06/2024,09/06/2024,D,09/06/2024,NBNSYS0000006838,Omocestus viridulus,H90385115,290385,351155,OSI,10,,Loughgall Country Park,Brian Nelson,,FALSE,FALSE,,Armagh,Armagh,,Brian Nelson,present,,,Adult,,Field record,,Field record,
9.94202E+16,,,06/06/2016,06/06/2016,D,06/06/2016,NBNSYS0000006833,Tetrix undulata,J0251,302500,351500,OSI,1000,,Brackagh Moss Nature Reserve,Brian Nelson,,FALSE,FALSE,,Armagh,Armagh,"peat rampart, fen",Brian Nelson,present,,,Adult,Orthoptera Atlas,,,Field record,
2.40966E+16,,,22/09/1994,22/09/1994,D,22/09/1994,NBNSYS0000006833,Tetrix undulata,J0251,302500,351500,OSI,1000,,Brackagh Bog NNR,"Nelson, B.",,FALSE,FALSE,,,237,,"Nelson, B.",,,,,,"Widgery, J.",,,
2.40966E+16,,,16/08/2008,16/08/2008,D,16/08/2008,NHMSYS0001387317,Forficula auricularia,G6350,163500,350500,OSI,1000,,Streedagh dunes west,Don Cotton & Jean Dunleavy,,FALSE,FALSE,,,,,,10,By torch light between 22.00 and 23:30hrs on flowers of Senecio jacobea.,,,,,,,
2.40966E+16,,,18/07/1995,18/07/1995,D,18/07/1995,NBNSYS0000006838,Omocestus viridulus,G7450,174500,350500,OSI,1000,,"Ballaghnatrillick,old barites workings","Cotton, D.C.F.",,FALSE,FALSE,,,228,,"Cotton, D.C.F.",,,,,,"Cotton, D.C.F.",,,NATIVE
2.40966E+16,,,17/08/1985,17/08/1985,D,17/08/1985,NBNSYS0000006839,Myrmeleotettix maculatus,H242510,224250,351050,OSI,100,,Tullyavy Bog,"Nelson, B.",,FALSE,FALSE,,,233,,"Nelson, B.",,,,,,"Widgery, J.",,,
2.40966E+16,,,12/07/1988,12/07/1988,D,12/07/1988,NBNSYS0000006839,Myrmeleotettix maculatus,H243512,224350,351250,OSI,100,,Tullyavy,"Nelson, B.",,FALSE,FALSE,,,233,Bog,"Nelson, B.",,,,,,"Nelson, B.",,,NATIVE
2.40966E+16,,,12/07/1988,12/07/1988,D,12/07/1988,NBNSYS0000006833,Tetrix undulata,H243512,224350,351250,OSI,100,,Tullyavy,"Nelson, B.",,FALSE,FALSE,,,233,Bog,"Nelson, B.",,,,,,"Nelson, B.",,,NATIVE
2.40966E+16,,,01/10/1983,31/10/1983,DD,01/10/1983 - 31/10/1983,NHMSYS0001387317,Forficula auricularia,J147527,314750,352750,OSI,100,,"Black Skull,R Lagan","Anderson, R.",,FALSE,FALSE,,,238,,"Anderson, R.",,,,,,Biological Records Centre,,,
2.40966E+16,,,26/06/2012,26/06/2012,D,26/06/2012,NBNSYS0000006838,Omocestus viridulus,G708514,170850,351450,OSI,100,,Castlegowan near Grange,Don Cotton & Jean Dunleavy,,FALSE,FALSE,,,,,,1,First of 2012 heard calling.,,,,,,,
2.40966E+16,,,01/07/1984,31/07/1984,DD,01/07/1984 - 31/07/1984,NBNSYS0000006842,Chorthippus brunneus,G6551,165500,351500,OSI,1000,,"Streedagh,dunes","Cotton, D.C.F.",,FALSE,FALSE,,,228,,"Cotton, D.C.F.",,,,,,Biological Records Centre,,,
2.40966E+16,,,08/07/1984,08/07/1984,D,08/07/1984,NBNSYS0000006842,Chorthippus brunneus,G6551,165500,351500,OSI,1000,,Streedagh,"Cawley, M.",,FALSE,FALSE,,,228,Sand dune,"Cawley, M.",,,,,,"Haes, E.C.M.",,,
2.40966E+16,,,08/07/1984,08/07/1984,D,08/07/1984,NBNSYS0000006839,Myrmeleotettix maculatus,G6551,165500,351500,OSI,1000,,Streedagh,"Cawley, M.",,FALSE,FALSE,,,228,"Grassland,non-calcareous","Cawley, M.",,,,,,"Haes, E.C.M.",,,
2.40966E+16,,,01/07/1984,31/07/1984,DD,01/07/1984 - 31/07/1984,NBNSYS0000006839,Myrmeleotettix maculatus,G6551,165500,351500,OSI,1000,,"Streedagh,dunes","Cotton, D.C.F.",,FALSE,FALSE,,,228,,"Cotton, D.C.F.",,,,,,Biological Records Centre,,,
2.40966E+16,,,26/06/2010,26/06/2010,D,26/06/2010,NBNSYS0000006839,Myrmeleotettix maculatus,G713516,171350,351650,OSI,100,,Cartronplank near Cliffony,Don Cotton & Jean Dunleavy,,FALSE,FALSE,,,,,,,Many.,,,,,,,
2.40966E+16,,,21/06/1995,21/06/1995,D,21/06/1995,NBNSYS0000006838,Omocestus viridulus,H160517,216050,351750,OSI,100,,"Camagh Bay,Lower L Erne","Nelson, B.",,FALSE,FALSE,,,233,,"Nelson, B.",,,,,,"Widgery, J.",,,
2.40966E+16,,,18/08/1985,18/08/1985,D,18/08/1985,NBNSYS0000006839,Myrmeleotettix maculatus,H243518,224350,351850,OSI,100,,"Ballinamallard,Tullyavy,3km SW of","Nelson, B.",,FALSE,FALSE,,,233,,"Nelson, B.",,,,,,Biological Records Centre,,,
2.40966E+16,,,18/08/1985,18/08/1985,D,18/08/1985,NBNSYS0000006838,Omocestus viridulus,H243518,224350,351850,OSI,100,,"Ballinamallard,Tullyavy,3km SW of","Nelson, B.",,FALSE,FALSE,,,233,,"Nelson, B.",,,,,,Biological Records Centre,,,
2.40966E+16,,,14/08/1992,14/08/1992,D,14/08/1992,NBNSYS0000006838,Omocestus viridulus,J191533,319150,353350,OSI,100,,"Dromore,River Lagan","Anderson, R.",,FALSE,FALSE,,,238,,"Anderson, R.",,,,,,"Anderson, R.",,,
2.40966E+16,,,12/11/2004,12/11/2004,D,12/11/2004,NHMSYS0001387317,Forficula auricularia,H664523,266450,352350,OSI,100,,"St James Parish Church, Aughnacloy",Roy Anderson,,FALSE,FALSE,,,,"Grassland: neutral, unimproved, lowland",,frequent,Piled stones; churchyard.,,,,,,,
2.40966E+16,,,11/07/1992,11/07/1992,D,11/07/1992,NBNSYS0000006838,Omocestus viridulus,H177521,217750,352150,OSI,100,,Carrickreagh,"Nelson, B.",,FALSE,FALSE,,,233,,"Nelson, B.",,,,,,"Widgery, J.",,,
2.40966E+16,,,06/08/2012,06/08/2012,D,06/08/2012,NBNSYS0000006838,Omocestus viridulus,G660522,166050,352250,OSI,100,,Conor's Island (O'Connor's Island),Don Cotton & Jean Dunleavy,,FALSE,FALSE,,,,,,,Heard and one seen.,,,,,,,
2.40966E+16,,,09/08/1987,09/08/1987,D,09/08/1987,NHMSYS0001387317,Forficula auricularia,G7152,171500,352500,OSI,1000,,Cartronplank,"Cawley, M.",,FALSE,FALSE,,,228,Refuse etc.,"Cawley, M.",,,,,,"Cawley, M.",,,
2.41065E+16,,,31/05/2006,31/05/2006,D,31/05/2006,NHMSYS0001387317,Forficula auricularia,H086526,208650,352650,OSI,100,,Monawilkin,Eugenie Regan,,FALSE,FALSE,,Fermanagh,Fermanagh,,,1,,,,,,,,
2.40966E+16,,,11/05/1995,11/05/1995,D,11/05/1995,NBNSYS0000006833,Tetrix undulata,H085526,208550,352650,OSI,100,,Monawilkin,"Nelson, B.",,FALSE,FALSE,,,233,,"Nelson, B.",,,,,,"Widgery, J.",,,
2.40966E+16,,,30/05/2007,30/05/2007,D,30/05/2007,NBNSYS0000006838,Omocestus viridulus,H085527,208550,352750,OSI,100,,Monawilkin ASSI:,"Anderson, Dr R.",,FALSE,FALSE,,,Fermanagh,,"Anderson, Dr R.",,,,,,,,,
2.40966E+16,,,30/05/2007,30/05/2007,D,30/05/2007,NBNSYS0000006838,Omocestus viridulus,H085527,208550,352750,OSI,100,,Monawilkin ASSI:,"Anderson, Dr R.",,FALSE,FALSE,,,Fermanagh,,"Anderson, Dr R.",,,,,,,,,
2.40966E+16,,,30/05/2007,30/05/2007,D,30/05/2007,NBNSYS0000006838,Omocestus viridulus,H085527,208550,352750,OSI,100,,Monawilkin ASSI,Roy Anderson,,FALSE,FALSE,,,,"Rock: scree, basic",,frequent,Flying and calling around limestone scree.,,,,,,,
2.40966E+16,,,30/05/2007,30/05/2007,D,30/05/2007,NBNSYS0000006833,Tetrix undulata,H085529,208550,352950,OSI,100,,Monawilkin ASSI:,"Anderson, Dr R.",,FALSE,FALSE,,,Fermanagh,,"Anderson, Dr R.",,,,,,,,,
2.40966E+16,,,30/05/2007,30/05/2007,D,30/05/2007,NBNSYS0000006833,Tetrix undulata,H085529,208550,352950,OSI,100,,Monawilkin ASSI:,"Anderson, Dr R.",,FALSE,FALSE,,,Fermanagh,,"Anderson, Dr R.",,,,,,,,,
2.40966E+16,,,20/04/2009,20/04/2009,D,20/04/2009,NBNSYS0000006833,Tetrix undulata,G742531,174250,353150,OSI,100,,Liscally near Cliffony,Don Cotton,,FALSE,FALSE,,,,,,1,First of 2009. Nymph.,,,,,,,
2.40966E+16,,,09/09/1990,09/09/1990,D,09/09/1990,NBNSYS0000006838,Omocestus viridulus,H736537,273650,353750,OSI,100,,"Aughnacloy, 7 km E of","Nelson, B.",,FALSE,FALSE,,,236,Road verge,"Nelson, B.",,,,,,"Nelson, B.",,,NATIVE
2.40966E+16,,,09/09/1990,09/09/1990,D,09/09/1990,NBNSYS0000006838,Omocestus viridulus,H736537,273650,353750,OSI,100,,Legane Lough,"Nelson, B.",,FALSE,FALSE,,,236,,"Nelson, B.",,,,,,"Widgery, J.",,,
2.40966E+16,,,01/08/1990,31/08/1990,DD,01/08/1990 - 31/08/1990,NBNSYS0000006838,Omocestus viridulus,H985543,298550,354350,OSI,100,,"Portadown,nr,Selshion Moss",,,FALSE,FALSE,,,237,,,,,,,,"Turnbull, N.",,,
2.40966E+16,,,01/08/1990,31/08/1990,DD,01/08/1990 - 31/08/1990,NBNSYS0000006833,Tetrix undulata,H985543,298550,354350,OSI,100,,"Portadown,nr,Selshion Moss",,,FALSE,FALSE,,,237,,,,,,,,"Turnbull, N.",,,
2.40966E+16,,,18/06/1983,18/06/1983,D,18/06/1983,NHMSYS0001387317,Forficula auricularia,G5753,157500,353500,OSI,1000,,"Donegal Bay,Inishmurray Island","Cotton, D.C.F.",,FALSE,FALSE,,,228,,"Cotton, D.C.F.",,,,,,"Cotton, D.C.F.",,,
2.40966E+16,,,01/06/1984,30/06/1984,DD,01/06/1984 - 30/06/1984,NBNSYS0000006838,Omocestus viridulus,J367553,336750,355350,OSI,100,,Dairy L,"Anderson, R.",,FALSE,FALSE,,,238,,"Anderson, R.",,,,,,Biological Records Centre,,,
2.40966E+16,,,05/07/1987,05/07/1987,D,05/07/1987,NBNSYS0000006833,Tetrix undulata,H073533,207350,353350,OSI,100,,Largalinny,"Nelson, B.",,FALSE,FALSE,,,233,"Heath,lowland,with scrub","Nelson, B.",,,,,,"Nelson, B.",,,NATIVE
2.40966E+16,,,01/08/1990,31/08/1990,DD,01/08/1990 - 31/08/1990,NBNSYS0000006833,Tetrix undulata,H9854,298500,354500,OSI,1000,,Selshion Bog,"Nelson, B.",,FALSE,FALSE,,,237,,"Nelson, B.",,,,,,"Widgery, J.",,,
2.40966E+16,,,15/08/1995,15/08/1995,D,15/08/1995,NBNSYS0000006839,Myrmeleotettix maculatus,G7753,177500,353500,OSI,1000,,Uragh Lough,"Cotton, D.C.F.",,FALSE,FALSE,,,229,,"Cotton, D.C.F.",,,,,,"Cotton, D.C.F.",,,NATIVE
2.41065E+16,,,27/08/2012,27/08/2012,D,27/08/2012,NHMSYS0001387317,Forficula auricularia,G707535,170750,353550,OSI,100,,Cliffoney,Charlie Harkin,,FALSE,FALSE,,Sligo,Sligo,Buildings and artificial surfaces,,<10,,,,,,,,
2.41065E+16,,,04/09/2012,04/09/2012,D,04/09/2012,NHMSYS0001387317,Forficula auricularia,J479560,347950,356050,OSI,100,,Derryboye,David Thompson,,FALSE,FALSE,,Down,Down,Buildings and artificial surfaces,,<10,,,,,,,,
2.40966E+16,,,01/07/2005,01/07/2005,D,01/07/2005,NBNSYS0000006838,Omocestus viridulus,G775537,177550,353750,OSI,100,,Uragh Lough near Tullaghan,Don Cotton & Jean Dunleavy,,FALSE,FALSE,,,,,,1,,,,,,,,
2.40966E+16,,,02/07/1989,02/07/1989,D,02/07/1989,NBNSYS0000006838,Omocestus viridulus,H104537,210450,353750,OSI,100,,"Derrygonelly, 2 km NW of, disused quarry nr Tonnagh Lough","Nelson, B.",,FALSE,FALSE,,,233,Quarry,"Nelson, B.",,,,,,"Nelson, B.",,,NATIVE
2.40966E+16,,,01/06/1988,30/06/1988,DD,01/06/1988 - 30/06/1988,NBNSYS0000006833,Tetrix undulata,H074537,207450,353750,OSI,100,,Largalinny,"Nelson, B.",,FALSE,FALSE,,,233,"Heath,wet","Nelson, B.",,,,,,"Nelson, B.",,,NATIVE
2.40966E+16,,,09/06/2007,09/06/2007,D,09/06/2007,NBNSYS0000006838,Omocestus viridulus,H072537,207250,353750,OSI,100,,Largalinny ASSI:Largalinny Lough,"Nelson, Mr B.",,FALSE,FALSE,,,Fermanagh,,"Nelson, Mr B.",,,,,,,,,
2.40966E+16,,,05/07/1987,05/07/1987,D,05/07/1987,NBNSYS0000006833,Tetrix undulata,H071537,207150,353750,OSI,100,,Largalinny,"Nelson, B.",,FALSE,FALSE,,,233,,"Nelson, B.",,,,,,"Widgery, J.",,,
2.41065E+16,,,09/08/2012,09/08/2012,D,09/08/2012,NHMSYS0001387317,Forficula auricularia,J297560,329750,356050,OSI,100,,"Blenheim Park, Annahilt",Mark Parker,,FALSE,FALSE,,Down,Down,Buildings and artificial surfaces,,>50,Very frequent inhabitants of my garden shed and the adjacent flower beds and vegetable patch!,,,,,,,
2.40966E+16,,,01/05/1982,31/05/1982,DD,01/05/1982 - 31/05/1982,NBNSYS0000006833,Tetrix undulata,G7054,170500,354500,OSI,1000,,"Bunduff,plantation","Cotton, D.C.F.",,FALSE,FALSE,,,228,,"Cotton, D.C.F.",,,,,,Biological Records Centre,,,
2.40966E+16,,,08/07/1984,08/07/1984,D,08/07/1984,NHMSYS0001387317,Forficula auricularia,G65,165000,355000,OSI,10000,,Streedagh,"Cawley, M.",,FALSE,FALSE,,,228,,"Cawley, M.",,,,,,"Cawley, M.",,,
2.40966E+16,,,01/01/1920,31/12/1920,Y,1920,NBNSYS0000006838,Omocestus viridulus,G95,195000,355000,OSI,10000,,Belleek,,,FALSE,FALSE,,,234,,,,,,,,Biological Records Centre,,,
2.40966E+16,,,28/08/2001,28/08/2001,D,28/08/2001,NBNSYS0000006842,Chorthippus brunneus,G703551,170350,355150,OSI,100,,"Bent Hill, Mullaghmore",Don Cotton & F. Lucy,,FALSE,FALSE,,,,,,1,Woodland edge exclosure.,,,,,,,
2.40966E+16,,,29/07/1985,29/07/1985,D,29/07/1985,NBNSYS0000006838,Omocestus viridulus,J4057,340500,357500,OSI,1000,,Rowallane N.T.,"Nelson, B.",,FALSE,FALSE,,,238,,"Nelson, B.",,,,,,Biological Records Centre,,,
2.40966E+16,,,20/09/2004,20/09/2004,D,20/09/2004,NHMSYS0001387317,Forficula auricularia,J409575,340950,357550,OSI,100,,Rowallane,Keith Alexander,,FALSE,FALSE,,,,,,,,,,,,,,
2.40966E+16,,,22/09/2004,22/09/2004,D,22/09/2004,NHMSYS0001387317,Forficula auricularia,J409575,340950,357550,OSI,100,,Rowallane,Keith Alexander,,FALSE,FALSE,,,,,,,,,,,,,,
2.40966E+16,,,17/07/2005,17/07/2005,D,17/07/2005,NBNSYS0000006842,Chorthippus brunneus,G6955,169500,355500,OSI,1000,,Trawalua Strand north sand dunes,Don Cotton & Jean Dunleavy,,FALSE,FALSE,,,,,,,Strong colony on steep hill in blow-out.,,,,,,,
2.40966E+16,,,17/07/2005,17/07/2005,D,17/07/2005,NBNSYS0000006838,Omocestus viridulus,G6955,169500,355500,OSI,1000,,Trawalua Strand north sand dunes,Don Cotton & Jean Dunleavy,,FALSE,FALSE,,,,,,,,,,,,,,
2.40966E+16,,,01/08/1981,31/08/1981,DD,01/08/1981 - 31/08/1981,NBNSYS0000006838,Omocestus viridulus,G6955,169500,355500,OSI,1000,,"Bunduff,sand dunes","Cotton, D.C.F.",,FALSE,FALSE,,,228,,"Cotton, D.C.F.",,,,,,Biological Records Centre,,,
2.40966E+16,,,01/08/1981,31/08/1981,DD,01/08/1981 - 31/08/1981,NBNSYS0000006842,Chorthippus brunneus,G6955,169500,355500,OSI,1000,,"Bunduff,sand dunes","Cotton, D.C.F.",,FALSE,FALSE,,,228,,"Cotton, D.C.F.",,,,,,Biological Records Centre,,,
2.40966E+16,,,01/07/1981,31/07/1981,DD,01/07/1981 - 31/07/1981,NBNSYS0000006842,Chorthippus brunneus,G7055,170500,355500,OSI,1000,,"Bunduff,plantation","Cotton, D.C.F.",,FALSE,FALSE,,,228,,"Cotton, D.C.F.",,,,,,Biological Records Centre,,,
2.40966E+16,,,01/07/1981,31/07/1981,DD,01/07/1981 - 31/07/1981,NBNSYS0000006838,Omocestus viridulus,G7055,170500,355500,OSI,1000,,"Bunduff,plantation","Cotton, D.C.F.",,FALSE,FALSE,,,228,,"Cotton, D.C.F.",,,,,,Biological Records Centre,,,
2.40966E+16,,,27/08/1988,27/08/1988,D,27/08/1988,NBNSYS0000006838,Omocestus viridulus,G7055,170500,355500,OSI,1000,,Bunduff,"Cawley, M.",,FALSE,FALSE,,,228,"Marginal, roadside verge, shaded","Cawley, M.",,,,,,"Haes, E.C.M.",,,
2.40966E+16,,,01/08/1981,31/08/1981,DD,01/08/1981 - 31/08/1981,NBNSYS0000006833,Tetrix undulata,G7055,170500,355500,OSI,1000,,"Bunduff,plantation","Cotton, D.C.F.",,FALSE,FALSE,,,228,,"Cotton, D.C.F.",,,,,,Biological Records Centre,,,
2.40966E+16,,,17/06/2007,17/06/2007,D,17/06/2007,NBNSYS0000006833,Tetrix undulata,G706555,170650,355550,OSI,100,,"near marshy lake, Mullaghmore townland",Don Cotton & Jean Dunleavy,,FALSE,FALSE,,,,,,1,White markings on prothorax and wings strong and unusual.,,,,,,,
2.40966E+16,,,17/05/2007,17/05/2007,D,17/05/2007,NBNSYS0000006833,Tetrix undulata,G8955,189500,355500,OSI,1000,,"Derrynaseer Amenity Area, Lough Melvin",Don Cotton & Jean Dunleavy,,FALSE,FALSE,,,,,,1,,,,,,,,
2.40966E+16,,,09/08/2012,09/08/2012,D,09/08/2012,NBNSYS0000006842,Chorthippus brunneus,G695556,169550,355650,OSI,100,,Trawalua Strand north sand dunes,Don Cotton & Jean Dunleavy,,FALSE,FALSE,,,,,,1,,,,,,,,
2.40966E+16,,,01/07/1989,31/07/1989,DD,01/07/1989 - 31/07/1989,NBNSYS0000006838,Omocestus viridulus,J034567,303450,356750,OSI,100,,"Portadown,Drumnagoon","Nelson, B.",,FALSE,FALSE,,,237,,"Nelson, B.",,,,,,"Nelson, B.",,,
2.40966E+16,,,01/08/1990,31/08/1990,DD,01/08/1990 - 31/08/1990,NBNSYS0000006838,Omocestus viridulus,J034568,303450,356850,OSI,100,,"Drumnagoon,Portadown","Nelson, B.",,FALSE,FALSE,,,237,,"Nelson, B.",,,,,,"Widgery, J.",,,
2.40966E+16,,,22/05/2007,22/05/2007,D,22/05/2007,NHMSYS0001387317,Forficula auricularia,J602588,360250,358850,OSI,100,,"Saltwater Bridge Public House, Kircubbin",Roy Anderson,,FALSE,FALSE,,,,"Coastland: Saltmarsh, dense/continuous",,Present,,,,,,,,
2.40966E+16,,,22/05/2007,22/05/2007,D,22/05/2007,NBNSYS0000006838,Omocestus viridulus,J602588,360250,358850,OSI,100,,Strangford Lough Part 3 ASSI:Saltwater Brig,Mark G. Telfer,,FALSE,FALSE,,,Down,,Mark G. Telfer,,,,,,,,,
2.40966E+16,,,06/08/2000,06/08/2000,D,06/08/2000,NBNSYS0000006838,Omocestus viridulus,G701562,170150,356250,OSI,100,,"Bent Hill, Mullaghmore",Don Cotton & F. Lucy,,FALSE,FALSE,,,,,,,Open dune exclosure.,,,,,,,
1.01118E+17,,,30/04/2024,30/04/2024,D,30/04/2024,NBNSYS0000006832,Tetrix subulata,J008575,300850,357550,OSI,100,,Derrycarne Road (garden of no 37) Portadown,Brian Nelson,,FALSE,FALSE,,Armagh,Armagh,rural garden,Brian Nelson,1,observed flying and presumed this was how it arrived in garden from nearby habitat,,adult,,,,field record,
2.40966E+16,,,01/08/1987,31/08/1987,DD,01/08/1987 - 31/08/1987,NBNSYS0000006833,Tetrix undulata,H2356,223500,356500,OSI,1000,,Necarne Forest,"Nelson, B.",,FALSE,FALSE,,,233,,"Nelson, B.",,,,,,"Widgery, J.",,,
2.40966E+16,,,01/07/1982,31/07/1982,DD,01/07/1982 - 31/07/1982,NBNSYS0000006838,Omocestus viridulus,G8356,183500,356500,OSI,1000,,"Kinlough,nr","Cotton, D.C.F.",,FALSE,FALSE,,,229,,"Cotton, D.C.F.",,,,,,Biological Records Centre,,,
2.40966E+16,,,01/10/1990,31/10/1990,DD,01/10/1990 - 31/10/1990,NHMSYS0001387317,Forficula auricularia,J008576,300850,357650,OSI,100,,"Derrycory,Portadown",,,FALSE,FALSE,,,237,,,,,,,,Biological Records Centre,,,NATIVE
1.01118E+17,,,24/08/2021,24/08/2021,D,24/08/2021,NBNSYS0000006838,Omocestus viridulus,J008576,300850,357650,OSI,100,,Derrycarne Road (garden of no 37) Portadown,Brian Nelson,,FALSE,FALSE,,Armagh,Armagh,,Brian Nelson,present,,,Adult,,,,,
1.01118E+17,,,16/08/2022,16/08/2022,D,16/08/2022,NBNSYS0000006838,Omocestus viridulus,J008576,300850,357650,OSI,100,,Derrycarne Road (garden of no 37) Portadown,Brian Nelson,,FALSE,FALSE,,Armagh,Armagh,,Brian Nelson,present,,,Adult,,,,,
9.94202E+16,,,25/07/2018,25/07/2018,D,25/07/2018,NBNSYS0000005625,Aeshna grandis,J008576,300850,357650,OSI,100,,Derrycarne Road (garden of no 37) Portadown,Brian Nelson,,FALSE,FALSE,,Armagh,Armagh,,Brian Nelson,,,,,,,,,
9.94202E+16,,,28/08/2016,28/08/2016,D,28/08/2016,NHMSYS0001387317,Forficula auricularia,J008576,300850,357650,OSI,100,,Derrycarne Road (garden of no 37) Portadown,Brian Nelson,,FALSE,FALSE,,Armagh,Armagh,rural garden,Brian Nelson,several,,,Adult,,,,swept,
9.94202E+16,,,31/08/2017,31/08/2017,D,31/08/2017,NHMSYS0001387317,Forficula auricularia,J008576,300850,357650,OSI,100,,Derrycarne Road (garden of no 37) Portadown,Brian Nelson,,FALSE,FALSE,,Armagh,Armagh,rural garden,Brian Nelson,,,,,,,,,
9.94202E+16,,,08/09/2017,08/09/2017,D,08/09/2017,NHMSYS0001387317,Forficula auricularia,J008576,300850,357650,OSI,100,,Derrycarne Road (garden of no 37) Portadown,Brian Nelson,,FALSE,FALSE,,Armagh,Armagh,rural garden,Brian Nelson,,,,,,,,,
9.94202E+16,,,25/07/2018,25/07/2018,D,25/07/2018,NHMSYS0001387317,Forficula auricularia,J008576,300850,357650,OSI,100,,Derrycarne Road (garden of no 37) Portadown,Brian Nelson,,FALSE,FALSE,,Armagh,Armagh,,Brian Nelson,,,,,,,,,
2.40966E+16,,,01/08/1995,31/08/1995,DD,01/08/1995 - 31/08/1995,NBNSYS0000006838,Omocestus viridulus,J007576,300750,357650,OSI,100,,"Derrycory,Portadown","Nelson, B.",,FALSE,FALSE,,,237,,"Nelson, B.",,,,,,"Widgery, J.",,,
2.40966E+16,,,25/08/1985,25/08/1985,D,25/08/1985,NBNSYS0000006838,Omocestus viridulus,H187566,218750,356650,OSI,100,,Rossgweer,"Nelson, B.",,FALSE,FALSE,,,233,,"Nelson, B.",,,,,,Biological Records Centre,,,
9.94202E+16,,,22/12/2019,22/12/2019,D,22/12/2019,NHMSYS0001387317,Forficula auricularia,J055578,305550,357850,OSI,100,,Craigavon Lakes and City Park,Brian Nelson,,FALSE,FALSE,,Armagh,Armagh,,Brian Nelson,,,,adult,,,,,
9.94202E+16,,,04/08/2013,04/08/2013,D,04/08/2013,NHMSYS0001387317,Forficula auricularia,J050578,305050,357850,OSI,100,,Craigavon Lakes and City Park,Brian Nelson,,FALSE,FALSE,,Armagh,Armagh,,Brian Nelson,,,,,,,,,
9.94202E+16,,,17/08/2013,17/08/2013,D,17/08/2013,NHMSYS0001387317,Forficula auricularia,J050578,305050,357850,OSI,100,,Craigavon Lakes and City Park,Brian Nelson,,FALSE,FALSE,,Armagh,Armagh,,Brian Nelson,,,,,,,,,
9.94202E+16,,,15/06/2014,15/06/2014,D,15/06/2014,NHMSYS0001387317,Forficula auricularia,J050578,305050,357850,OSI,100,,Craigavon Lakes and City Park,Brian Nelson,,FALSE,FALSE,,Armagh,Armagh,,Brian Nelson,,,,,,,,,
9.94202E+16,,,05/06/2016,05/06/2016,D,05/06/2016,NBNSYS0000006838,Omocestus viridulus,J050578,305050,357850,OSI,100,,Craigavon Lakes and City Park,Brian Nelson,,FALSE,FALSE,,Armagh,Armagh,,Brian Nelson,present,,,Adult,Orthoptera Atlas,,,Field record,
9.94202E+16,,,04/08/2013,04/08/2013,D,04/08/2013,NBNSYS0000006838,Omocestus viridulus,J050578,305050,357850,OSI,100,,Craigavon Lakes and City Park,Brian Nelson,,FALSE,FALSE,,Armagh,Armagh,,Brian Nelson,,,,,Orthoptera Atlas,,,,
9.94202E+16,,,17/08/2013,17/08/2013,D,17/08/2013,NBNSYS0000006838,Omocestus viridulus,J050578,305050,357850,OSI,100,,Craigavon Lakes and City Park,Brian Nelson,,FALSE,FALSE,,Armagh,Armagh,,Brian Nelson,,,,,Orthoptera Atlas,,,,
2.40966E+16,,,04/08/2013,04/08/2013,D,04/08/2013,NBNSYS0000006838,Omocestus viridulus,J050578,305050,357850,OSI,100,,Craigavon North Lake,Brian Nelson,,FALSE,FALSE,,,Armagh,,Brian Nelson,,,,,,,,,
2.40966E+16,,,17/08/2013,17/08/2013,D,17/08/2013,NBNSYS0000006838,Omocestus viridulus,J050578,305050,357850,OSI,100,,Craigavon North Lake,Brian Nelson,,FALSE,FALSE,,,Armagh,,Brian Nelson,,,,,,,,,
2.40966E+16,,,29/07/2012,29/07/2012,D,29/07/2012,NHMSYS0001387317,Forficula auricularia,J055579,305550,357950,OSI,100,,"Balancing Lakes, Craigavon",Roy Anderson,,FALSE,FALSE,,,,Waste ground with ruderals,,several,Under stones.,,,,,,,
9.94202E+16,,,26/07/2019,26/07/2019,D,26/07/2019,NBNSYS0000006838,Omocestus viridulus,J053579,305350,357950,OSI,100,,Craigavon Lakes and City Park,Brian Nelson,,FALSE,FALSE,,Armagh,Armagh,,Brian Nelson,,,,,Orthoptera Atlas,,,,
9.94202E+16,,,08/09/2017,08/09/2017,D,08/09/2017,NHMSYS0001387317,Forficula auricularia,J051579,305150,357950,OSI,100,,Craigavon Lakes and City Park,Brian Nelson,,FALSE,FALSE,,Armagh,Armagh,,Brian Nelson,,,,,,,,,
9.94202E+16,,,31/08/2017,31/08/2017,D,31/08/2017,NBNSYS0000006838,Omocestus viridulus,J057580,305750,358050,OSI,100,,Craigavon Lakes and City Park,Brian Nelson,,FALSE,FALSE,,Armagh,Armagh,,Brian Nelson,,,,,Orthoptera Atlas,,,,
9.94202E+16,,,04/08/2019,04/08/2019,D,04/08/2019,NHMSYS0001387317,Forficula auricularia,J054580,305450,358050,OSI,100,,Craigavon Lakes and City Park,Brian Nelson,,FALSE,FALSE,,Armagh,Armagh,,Brian Nelson,,,,,,,,,
9.94202E+16,,,29/06/2018,29/06/2018,D,29/06/2018,NBNSYS0000006838,Omocestus viridulus,J054580,305450,358050,OSI,100,,Craigavon Lakes and City Park,Brian Nelson,,FALSE,FALSE,,Armagh,Armagh,,Brian Nelson,,,,,Orthoptera Atlas,,,,
9.94202E+16,,,07/07/2019,07/07/2019,D,07/07/2019,NBNSYS0000006838,Omocestus viridulus,J053580,305350,358050,OSI,100,,Craigavon Lakes and City Park,Brian Nelson,,FALSE,FALSE,,Armagh,Armagh,,Brian Nelson,,,,,Orthoptera Atlas,,,,
9.94202E+16,,,08/07/2017,08/07/2017,D,08/07/2017,NBNSYS0000006838,Omocestus viridulus,J051581,305150,358150,OSI,100,,Craigavon Lakes and City Park,Brian Nelson,,FALSE,FALSE,,Armagh,Armagh,,Brian Nelson,,,,,Orthoptera Atlas,,,,
2.40966E+16,,,26/08/1985,26/08/1985,D,26/08/1985,NBNSYS0000006838,Omocestus viridulus,H243570,224350,357050,OSI,100,,"Irvinestown,Necarne,2km S of","Nelson, B.",,FALSE,FALSE,,,233,,"Nelson, B.",,,,,,Biological Records Centre,,,
2.40966E+16,,,01/07/1986,31/07/1986,DD,01/07/1986 - 31/07/1986,NBNSYS0000006833,Tetrix undulata,H240570,224050,357050,OSI,100,,Necarne Forest,"Nelson, B.",,FALSE,FALSE,,,233,"Woodland,deciduous","Nelson, B.",,,,,,"Nelson, B.",,,NATIVE
9.94202E+16,,,13/07/2019,13/07/2019,D,13/07/2019,NHMSYS0001387317,Forficula auricularia,J051582,305150,358250,OSI,100,,Craigavon Lakes and City Park,Brian Nelson,,FALSE,FALSE,,Armagh,Armagh,,Brian Nelson,,,,,,,,,
2.40966E+16,,,10/07/1987,10/07/1987,D,10/07/1987,NBNSYS0000006838,Omocestus viridulus,J443593,344350,359350,OSI,100,,Aughnadarragh Lough,"Anderson, R.",,FALSE,FALSE,,,238,,"Anderson, R.",,,,,,"Anderson, R.",,,
9.94202E+16,,,15/07/2017,15/07/2017,D,15/07/2017,NHMSYS0001387317,Forficula auricularia,J052585,305250,358550,OSI,100,,Craigavon Lakes and City Park,Brian Nelson,,FALSE,FALSE,,Armagh,Armagh,,Brian Nelson,,,,,,,,,
1.01118E+17,,,28/09/2024,28/09/2024,D,28/09/2024,NBNSYS0000006833,Tetrix undulata,H87245823,287245,358235,OSI,10,,The Argory,Brian Nelson,,FALSE,FALSE,,Armagh,Armagh,gravelly parking area,Brian Nelson,present,,,adult,,,,,
2.40966E+16,,,28/08/2010,28/08/2010,D,28/08/2010,NBNSYS0000006838,Omocestus viridulus,J2459,324500,359500,OSI,1000,,Hillsborough,Not documented,,FALSE,FALSE,,,,,,,http://www.ispot.org.uk/node/72259,,,,,,,
2.40966E+16,,,11/08/2013,11/08/2013,D,11/08/2013,NBNSYS0000006838,Omocestus viridulus,J011590,301150,359050,OSI,100,,"Derrycarne Road, Portadown",Brian Nelson,,FALSE,FALSE,,,Armagh,,Brian Nelson,,,,,,,,,
1.01118E+17,,,24/08/2021,24/08/2021,D,24/08/2021,NBNSYS0000006838,Omocestus viridulus,J011590,301150,359050,OSI,100,,"Derrycarne Road, Portadown",Brian Nelson,,FALSE,FALSE,,Armagh,Armagh,,Brian Nelson,present,,,Adult,,,,,
9.94202E+16,,,11/08/2013,11/08/2013,D,11/08/2013,NBNSYS0000006838,Omocestus viridulus,J011590,301150,359050,OSI,100,,"Derrycarne Road, Portadown",Brian Nelson,,FALSE,FALSE,,Armagh,Armagh,,Brian Nelson,,,,,Orthoptera Atlas,,,,
9.94202E+16,,,10/08/2013,10/08/2013,D,10/08/2013,NHMSYS0001387317,Forficula auricularia,J011590,301150,359050,OSI,100,,"Derrycarne Road, Portadown",Brian Nelson,,FALSE,FALSE,,Armagh,Armagh,,Brian Nelson,,,,,,,,,
9.94202E+16,,,04/08/2013,04/08/2013,D,04/08/2013,NHMSYS0001387317,Forficula auricularia,J003591,300350,359150,OSI,100,,"Derrycarne Road, Portadown",Brian Nelson,,FALSE,FALSE,,Armagh,Armagh,,Brian Nelson,,,,,,,,,
9.94202E+16,,,28/09/2014,28/09/2014,D,28/09/2014,NHMSYS0001387317,Forficula auricularia,J003591,300350,359150,OSI,100,,Derrycarne Road,Brian Nelson,,FALSE,FALSE,,Armagh,Armagh,,Brian Nelson,,,,,,,,,
9.94202E+16,,,04/08/2013,04/08/2013,D,04/08/2013,NBNSYS0000006838,Omocestus viridulus,J003591,300350,359150,OSI,100,,"Derrycarne Road, Portadown",Brian Nelson,,FALSE,FALSE,,Armagh,Armagh,,Brian Nelson,,,,,Orthoptera Atlas,,,,
2.40966E+16,,,04/08/2013,04/08/2013,D,04/08/2013,NBNSYS0000006838,Omocestus viridulus,J003591,300350,359150,OSI,100,,"Derrycarne Road, Portadown",Brian Nelson,,FALSE,FALSE,,,Armagh,,Brian Nelson,,,,,,,,,
2.40966E+16,,,28/03/2002,28/03/2002,D,28/03/2002,NHMSYS0001387317,Forficula auricularia,H6258,262500,358500,OSI,1000,,Martray House,Martin Cawley,,FALSE,FALSE,,,,ruins,,,,,,,,,,
1.01118E+17,,,10/04/2020,10/04/2020,D,10/04/2020,NBNSYS0000006832,Tetrix subulata,J00425976,300425,359765,OSI,10,,"River Bann, Derrycarne Road",Brian Nelson,,FALSE,FALSE,,Armagh,Armagh,grazed poached ground by river,Brian Nelson,1,,,adult,,,,field record,
2.40966E+16,,,19/07/1989,19/07/1989,D,19/07/1989,NBNSYS0000006838,Omocestus viridulus,J056605,305650,360550,OSI,100,,Turmoyra Marsh,"Nelson, B.",,FALSE,FALSE,,,237,,"Nelson, B.",,,,,,"Widgery, J.",,,
1.01118E+17,,,24/04/2021,24/04/2021,D,24/04/2021,NBNSYS0000006833,Tetrix undulata,H91356036,291355,360365,OSI,10,,Peatlands Park,Brian Nelson,,FALSE,FALSE,,Armagh,Armagh,bare peat on cutover bog,Brian Nelson,,,,adult,,,,,
2.40966E+16,,,08/09/1987,08/09/1987,D,08/09/1987,NBNSYS0000006833,Tetrix undulata,H897603,289750,360350,OSI,100,,Peatlands Park,"Anderson, R.",,FALSE,FALSE,,,237,,"Anderson, R.",,,,,,"Anderson, R.",,,
2.40966E+16,,,08/09/1987,08/09/1987,D,08/09/1987,NBNSYS0000006833,Tetrix undulata,H897603,289750,360350,OSI,100,,"Birches,Peatland Park","Anderson, R.",,FALSE,FALSE,,,237,,"Anderson, R.",,,,,,"Harding, P.T.",,,
2.40966E+16,,,14/06/2009,14/06/2009,D,14/06/2009,NBNSYS0000006833,Tetrix undulata,H897603,289750,360350,OSI,100,,Peatlands Park,J. Paul,,FALSE,FALSE,,,,,,1,Voucher specimen,,,,,,,
2.40966E+16,,,16/06/1990,16/06/1990,D,16/06/1990,NBNSYS0000006838,Omocestus viridulus,H898604,289850,360450,OSI,100,,Peatlands Park,"Anderson, R.",,FALSE,FALSE,,,237,,"Anderson, R.",,,,,,"Anderson, R.",,,
9.94202E+16,,,04/07/2019,04/07/2019,D,04/07/2019,NBNSYS0000006832,Tetrix subulata,H893604,289350,360450,OSI,100,,Peatlands Park,Brian Nelson,,FALSE,FALSE,,Armagh,Armagh,,Brian Nelson,,,,,Orthoptera Atlas,,,,
2.40966E+16,,,15/07/1990,15/07/1990,D,15/07/1990,NBNSYS0000006838,Omocestus viridulus,H890604,289050,360450,OSI,100,,Peatlands Country Park,"Nelson, B.",,FALSE,FALSE,,,237,,"Nelson, B.",,,,,,"Widgery, J.",,,
2.40966E+16,,,15/07/1990,15/07/1990,D,15/07/1990,NBNSYS0000006833,Tetrix undulata,H890604,289050,360450,OSI,100,,Peatlands Country Park,"Nelson, B.",,FALSE,FALSE,,,237,,"Nelson, B.",,,,,,"Widgery, J.",,,
9.94202E+16,,,28/09/2014,28/09/2014,D,28/09/2014,NHMSYS0001387317,Forficula auricularia,H9160,291500,360500,OSI,1000,,"Derryadd Lough, Peatlands Park",Brian Nelson,,FALSE,FALSE,,Armagh,Armagh,,Brian Nelson,,,,,,,,,
9.94202E+16,,,11/08/2013,11/08/2013,D,11/08/2013,NHMSYS0001387317,Forficula auricularia,H8960,289500,360500,OSI,1000,,Peatlands Park,Brian Nelson,,FALSE,FALSE,,Armagh,Armagh,,Brian Nelson,,,,,,,,,
2.40966E+16,,,28/03/2002,28/03/2002,D,28/03/2002,NHMSYS0001387317,Forficula auricularia,H6160,261500,360500,OSI,1000,,Tirnaskea,Martin Cawley,,FALSE,FALSE,,,,conifer plantation,,,,,,,,,,
2.40966E+16,,,01/07/1989,31/07/1989,DD,01/07/1989 - 31/07/1989,NBNSYS0000006838,Omocestus viridulus,J051613,305150,361350,OSI,100,,Oxford Island NNR,"Nelson, B.",,FALSE,FALSE,,,237,,"Nelson, B.",,,,,,"Nelson, B.",,,
2.40966E+16,,,01/08/1990,31/08/1990,DD,01/08/1990 - 31/08/1990,NHMSYS0001387317,Forficula auricularia,J050613,305050,361350,OSI,100,,Oxford Island NNR,,,FALSE,FALSE,,,237,,,,,,,,Biological Records Centre,,,NATIVE
9.94202E+16,,,22/09/2017,22/09/2017,D,22/09/2017,NHMSYS0001387317,Forficula auricularia,H897610,289750,361050,OSI,100,,Peatlands Park,Brian Nelson,,FALSE,FALSE,,Armagh,Armagh,,Brian Nelson,,,,,,,,,
2.40966E+16,,,01/08/1992,31/08/1992,DD,01/08/1992 - 31/08/1992,NBNSYS0000006838,Omocestus viridulus,J0461,304500,361500,OSI,1000,,Oxford Island NNR,"Nelson, B.",,FALSE,FALSE,,,237,,"Nelson, B.",,,,,,"Widgery, J.",,,
9.94202E+16,,,19/07/2018,19/07/2018,D,19/07/2018,NHMSYS0001387317,Forficula auricularia,J046615,304650,361550,OSI,100,,Oxford Island,Brian Nelson,,FALSE,FALSE,,Armagh,Armagh,mainly on ash,Brian Nelson,many,,,Adults,,,,beaten,
2.40966E+16,,,15/07/1990,15/07/1990,D,15/07/1990,NBNSYS0000006838,Omocestus viridulus,H9061,290500,361500,OSI,1000,,Peatlands Country Park,"Nelson, B.",,FALSE,FALSE,,,237,"Heath,wet","Nelson, B.",,,,,,"Nelson, B.",,,NATIVE
2.40966E+16,,,15/07/1990,15/07/1990,D,15/07/1990,NBNSYS0000006833,Tetrix undulata,H9061,290500,361500,OSI,1000,,Peatlands Country Park,"Nelson, B.",,FALSE,FALSE,,,237,"Heath,wet","Nelson, B.",,,,,,"Nelson, B.",,,NATIVE
2.40966E+16,,,01/03/1984,31/03/1984,DD,01/03/1984 - 31/03/1984,NHMSYS0001387317,Forficula auricularia,J524636,352450,363650,OSI,100,,"Mahee Is,Strangford L","Anderson, R.",,FALSE,FALSE,,,238,,"Anderson, R.",,,,,,Biological Records Centre,,,
2.40966E+16,,,21/08/2010,21/08/2010,D,21/08/2010,NBNSYS0000006839,Myrmeleotettix maculatus,G828611,182850,361150,OSI,100,,Tullan Strand,Martin Cawley,,FALSE,FALSE,,,,sand dunes,,,,,,,,,,
2.40966E+16,,,06/08/1991,06/08/1991,D,06/08/1991,NBNSYS0000006838,Omocestus viridulus,J615645,361550,364550,OSI,100,,Inishargy Moss,"Anderson, R.",,FALSE,FALSE,,,238,,"Anderson, R.",,,,,,"Anderson, R.",,,
2.40966E+16,,,25/03/2011,25/03/2011,D,25/03/2011,NHMSYS0001387317,Forficula auricularia,G840624,184050,362450,OSI,100,,Ballymacaward,Martin Cawley,,FALSE,FALSE,,,,sand dunes,,,,,,,,,,
2.40966E+16,,,26/08/1990,26/08/1990,D,26/08/1990,NBNSYS0000006838,Omocestus viridulus,H226635,222650,363550,OSI,100,,Crockanaver,"Nelson, B.",,FALSE,FALSE,,,233,Quarry,"Nelson, B.",,,,,,"Nelson, B.",,,NATIVE
2.40966E+16,,,26/08/1990,26/08/1990,D,26/08/1990,NBNSYS0000006838,Omocestus viridulus,H226635,222650,363550,OSI,100,,Crockanaver,"Nelson, B.",,FALSE,FALSE,,,233,,"Nelson, B.",,,,,,"Widgery, J.",,,
2.40966E+16,,,20/06/1991,20/06/1991,D,20/06/1991,NBNSYS0000006838,Omocestus viridulus,J093652,309350,365250,OSI,100,,Montiaghs,"Anderson, R.",,FALSE,FALSE,,,239,,"Anderson, R.",,,,,,"Anderson, R.",,,
2.40966E+16,,,20/06/1991,20/06/1991,D,20/06/1991,NBNSYS0000006833,Tetrix undulata,J093652,309350,365250,OSI,100,,Montiaghs,"Anderson, R.",,FALSE,FALSE,,,239,,"Anderson, R.",,,,,,"Anderson, R.",,,
2.40966E+16,,,02/07/1997,29/07/1997,DD,02/07/1997 - 29/07/1997,NBNSYS0000006833,Tetrix undulata,J091652,309150,365250,OSI,100,,Montiaghs Moss ASSI,"Nelson, Dr. B.",,FALSE,FALSE,,,Antrim,,"Nelson, Mr B.",,,,,,,,,
2.40966E+16,,,21/08/2007,21/08/2007,D,21/08/2007,NBNSYS0000006838,Omocestus viridulus,J092653,309250,365350,OSI,100,,Montiaghs Moss ASSI:Montiaghs Moss NNR,"Nelson, Mr B.",,FALSE,FALSE,,,Down,,"Nelson, Mr B.",,,,,,,,,
9.94202E+16,,,27/08/2017,27/08/2017,D,27/08/2017,NBNSYS0000006833,Tetrix undulata,J092653,309250,365350,OSI,100,,Montiaghs Moss,Brian Nelson,,FALSE,FALSE,,Antrim,Antrim,,Brian Nelson,,,,,,,,,
9.94202E+16,,,14/07/2019,14/07/2019,D,14/07/2019,NBNSYS0000006838,Omocestus viridulus,J092653,309250,365350,OSI,100,,Montiaghs Moss,Brian Nelson,,FALSE,FALSE,,Antrim,Antrim,,Brian Nelson,,,,,Orthoptera Atlas,,,,
2.40966E+16,,,24/07/1988,24/07/1988,D,24/07/1988,NBNSYS0000006838,Omocestus viridulus,J093654,309350,365450,OSI,100,,Montiaghs Moss,"Nelson, B.",,FALSE,FALSE,,,239,Bog,"Nelson, B.",,,,,,"Nelson, B.",,,NATIVE
2.40966E+16,,,12/08/1990,12/08/1990,D,12/08/1990,NBNSYS0000006838,Omocestus viridulus,J0965,309500,365500,OSI,1000,,Montiaghs Moss,"Nelson, B.",,FALSE,FALSE,,,239,,"Nelson, B.",,,,,,"Widgery, J.",,,
2.40966E+16,,,09/06/2007,09/06/2007,D,09/06/2007,NBNSYS0000006833,Tetrix undulata,J0965,309500,365500,OSI,1000,,Montiaghs Moss,J. Paul,,FALSE,FALSE,,,,,,1,Voucher specimen,,,,,,,
2.40966E+16,,,12/08/1990,12/08/1990,D,12/08/1990,NBNSYS0000006838,Omocestus viridulus,J093655,309350,365550,OSI,100,,Montiaghs Moss,,,FALSE,FALSE,,,239,,,,,,,,Biological Records Centre,,,NATIVE
2.40966E+16,,,27/07/2006,27/07/2006,D,27/07/2006,NBNSYS0000006838,Omocestus viridulus,J496669,349650,366950,OSI,100,,Castle Espie - runway,Roy Anderson,,FALSE,FALSE,,,,Coastland: coastal grassland,,occasional,Long grass.,,,,,,,
2.40966E+16,,,27/07/2006,27/07/2006,D,27/07/2006,NHMSYS0001387317,Forficula auricularia,J495670,349550,367050,OSI,100,,Castle Espie - barley field,Roy Anderson,,FALSE,FALSE,,,,Cultivated/disturbed land: arable,,frequent,Under stones in barley field.,,,,,,,
2.40966E+16,,,21/07/2006,21/07/2006,D,21/07/2006,NBNSYS0000006838,Omocestus viridulus,J495672,349550,367250,OSI,100,,Castle Espie - Old Stables,Roy Anderson,,FALSE,FALSE,,,,"Grassland: neutral, unimproved, lowland",,occasional,In tall grass around the old runway.,,,,,,,
2.40966E+16,,,01/01/1999,31/12/1999,Y,1999,NBNSYS0000006827,Acheta domesticus,G86,185000,365000,OSI,10000,,Coolmore,Johnson,,FALSE,FALSE,,,234,,,,,,,,"Harding, P.T.",,,INTRODUCTION
2.40966E+16,,,01/08/1940,31/08/1940,DD,01/08/1940 - 31/08/1940,NBNSYS0000006839,Myrmeleotettix maculatus,G86,185000,365000,OSI,10000,,Rossnowlagh,"Farris, R.C.",,FALSE,FALSE,,,234,,"Farris, R.C.",,,,,,Biological Records Centre,,,
2.40966E+16,,,01/01/1920,31/12/1920,Y,1920,NBNSYS0000006838,Omocestus viridulus,G86,185000,365000,OSI,10000,,Coolmore,,,FALSE,FALSE,,,234,,,,,,,,Biological Records Centre,,,
2.40966E+16,,,17/05/1978,17/05/1978,D,17/05/1978,NHMSYS0001387317,Forficula auricularia,H3565,235500,365500,OSI,1000,,"Dunmore,nr","Good, J.A.",,FALSE,FALSE,,,236,,,,,,,,Biological Records Centre,,,
2.48947E+16,,,24/07/2016,24/07/2016,D,24/07/2016,NBNSYS0000006838,Omocestus viridulus,H1465,214500,365500,OSI,1000,,Gortacar,Michael Bell,,FALSE,FALSE,,Fermanagh,Fermanagh,,,,,,,,,,,
2.40966E+16,,,01/07/1983,31/07/1983,DD,01/07/1983 - 31/07/1983,NBNSYS0000006838,Omocestus viridulus,J3268,332500,368500,OSI,1000,,"Belfast,Barnett's Park","Anderson, R.",,FALSE,FALSE,,,238,,"Anderson, R.",,,,,,Biological Records Centre,,,
2.40966E+16,,,26/08/1990,26/08/1990,D,26/08/1990,NBNSYS0000006838,Omocestus viridulus,H343667,234350,366750,OSI,100,,"Dromore, 3.5 km NNW of","Nelson, B.",,FALSE,FALSE,,,236,Quarry,"Nelson, B.",,,,,,"Nelson, B.",,,NATIVE
2.40966E+16,,,26/08/1990,26/08/1990,D,26/08/1990,NBNSYS0000006838,Omocestus viridulus,H343667,234350,366750,OSI,100,,Straduff Quarry,"Nelson, B.",,FALSE,FALSE,,,236,,"Nelson, B.",,,,,,"Widgery, J.",,,
2.40966E+16,,,10/07/2009,10/07/2009,D,10/07/2009,NHMSYS0001387317,Forficula auricularia,J116683,311650,368350,OSI,100,,"RSPB Reserve, Portmore Lough",Roy Anderson,,FALSE,FALSE,,,,Marginal/inundation: inundation,,frequent,On Salix; margin of wet woods.,,,,,,,
2.41065E+16,,,07/08/2012,07/08/2012,D,07/08/2012,NHMSYS0001387317,Forficula auricularia,H377672,237750,367250,OSI,100,,"32 Aghadulla Road, Omagh, Co. Tyrone",Aoife Smith,,FALSE,FALSE,,Tyrone,Tyrone,Amenity grassland (improved),,Nov-50,A gazebo in the garden was host to more earwigs than I have ever seen in one palce.,,,,,,,
2.40966E+16,,,31/08/1985,31/08/1985,D,31/08/1985,NBNSYS0000006838,Omocestus viridulus,J530697,353050,369750,OSI,100,,Mount Stewart Ho+Garden N.T.,"Nelson, B.",,FALSE,FALSE,,,238,,"Nelson, B.",,,,,,Biological Records Centre,,,
2.40966E+16,,,10/09/2002,10/09/2002,D,10/09/2002,NBNSYS0000006838,Omocestus viridulus,J247689,324750,368950,OSI,100,,Mullaghglass Quarry,Roy Anderson,,FALSE,FALSE,,,,Quarry - disused,,several,Singing on drier slopes.,,,,,,,
2.40966E+16,,,19/06/2009,19/06/2009,D,19/06/2009,NHMSYS0001387317,Forficula auricularia,J105686,310550,368650,OSI,100,,"RSPB Reserve, Portmore Lough",Roy Anderson,,FALSE,FALSE,,,,"Boundaries, intact hedge, species-rich",,frequent,Lower branches of cherry.,,,,,,,
2.40966E+16,,,11/08/2010,11/08/2010,D,11/08/2010,NHMSYS0001387317,Forficula auricularia,J549700,354950,370050,OSI,100,,Mount Stewart - lake and house,Roy Anderson,,FALSE,FALSE,,,,Cultivated/disturbed land: arable,,frequent,"On redshank, arable field.",,,,,,,
2.40966E+16,,,01/08/1983,31/08/1983,DD,01/08/1983 - 31/08/1983,NHMSYS0001387317,Forficula auricularia,J3369,333500,369500,OSI,1000,,"Belfast,New Forge","Anderson, R.",,FALSE,FALSE,,,238,,"Anderson, R.",,,,,,Biological Records Centre,,,
2.40966E+16,,,01/06/1984,30/06/1984,DD,01/06/1984 - 30/06/1984,NHMSYS0001387317,Forficula auricularia,J258707,325850,370750,OSI,100,,Collin Mountain,"Anderson, R.",,FALSE,FALSE,,,239,,"Anderson, R.",,,,,,Biological Records Centre,,,
2.40966E+16,,,26/05/2009,26/05/2009,D,26/05/2009,NHMSYS0001387304,Euborellia annulipes,J392712,339250,371250,OSI,100,,Hillmount Garden centre,Roy Anderson,,FALSE,FALSE,,,,"Cold, plant-rearing greenhouse",,1f,Under mats,,,,,,,
2.40966E+16,,,18/04/2005,18/04/2005,D,18/04/2005,NHMSYS0001387317,Forficula auricularia,J324713,332450,371350,OSI,100,,"Victoria College, Cranmore Park, Malone",Roy Anderson,,FALSE,FALSE,,,,"Woodland: mixed, plantation, high forest",,several,Under embedded stone near the allweather pitch.,,,,,,,
2.40966E+16,,,11/05/2007,11/05/2007,D,11/05/2007,NHMSYS0001387317,Forficula auricularia,J116713,311650,371350,OSI,100,,"Sandy Bay, Lough Neagh",Roy Anderson,,FALSE,FALSE,,,,"Lake shore, sandy",,several,Under driftwood in carr.,,,,,,,
2.40966E+16,,,01/08/1983,31/08/1983,DD,01/08/1983 - 31/08/1983,NHMSYS0001387317,Forficula auricularia,J3572,335500,372500,OSI,1000,,"Belfast,Cregagh","Anderson, R.",,FALSE,FALSE,,,238,,"Anderson, R.",,,,,,Biological Records Centre,,,
2.41065E+16,,,09/08/2012,09/08/2012,D,09/08/2012,NHMSYS0001387317,Forficula auricularia,J361729,336150,372950,OSI,100,,Belfast,Ruth Wilson,,FALSE,FALSE,,Antrim,Antrim,Flower beds and borders,,<10,Urban garden,,,,,,,
2.40966E+16,,,03/08/2013,03/08/2013,D,03/08/2013,NBNSYS0000006838,Omocestus viridulus,H9372,293500,372500,OSI,1000,,Brookend Nature Reserve,Brian Nelson,,FALSE,FALSE,,,Tyrone,,Brian Nelson,,,,,,,,,
9.94202E+16,,,03/08/2013,03/08/2013,D,03/08/2013,NBNSYS0000006838,Omocestus viridulus,H9372,293500,372500,OSI,1000,,Brookend Nature Reserve,Brian Nelson,,FALSE,FALSE,,Tyrone,Tyrone,,Brian Nelson,,,,,Orthoptera Atlas,,,,
9.94202E+16,,,04/08/2013,04/08/2013,D,04/08/2013,NHMSYS0001387317,Forficula auricularia,H9372,293500,372500,OSI,1000,,Brookend Nature Reserve,Brian Nelson,,FALSE,FALSE,,Tyrone,Tyrone,,Brian Nelson,,,,,,,,,
2.41065E+16,,,07/08/2012,07/08/2012,D,07/08/2012,NHMSYS0001387317,Forficula auricularia,J397738,339750,373850,OSI,100,,Belfast,Christopher Allen,,FALSE,FALSE,,Antrim,Antrim,Flower beds and borders,,<10,,,,,,,,
2.40966E+16,,,08/05/2007,08/05/2007,D,08/05/2007,NHMSYS0001387317,Forficula auricularia,H945727,294550,372750,OSI,100,,Lough Neagh ASSI at Brookend Td.,Roy Anderson,,FALSE,FALSE,,,,"Boundaries, hedge with trees, species-rich",,abundant,Soft rotten birch wood.,,,,,,,
2.40966E+16,,,01/01/1963,31/12/1963,DD,01/01/1963 - 31/12/1963,NBNSYS0000006838,Omocestus viridulus,J57,355000,375000,OSI,10000,,Donaghadee,,,FALSE,FALSE,,,238,,,,,,,,Biological Records Centre,,,
2.40966E+16,,,01/01/1964,31/12/1964,Y,1964,NBNSYS0000006838,Omocestus viridulus,J57,355000,375000,OSI,10000,,Donaghadee,Goodhue,,FALSE,FALSE,,,238,,Goodhue,,,,,,Biological Records Centre,,,
2.40966E+16,,,01/01/1964,31/12/1964,Y,1964,NBNSYS0000006838,Omocestus viridulus,J57,355000,375000,OSI,10000,,Donaghadee,Goodhue,,FALSE,FALSE,,,238,,Goodhue,,,,,,"Andrewes, C.H.",,,
2.41065E+16,,,07/09/2012,07/09/2012,D,07/09/2012,NHMSYS0001387317,Forficula auricularia,J308744,330850,374450,OSI,100,,"Springmartin, Belfast",Samuel Millar,,FALSE,FALSE,,Antrim,Antrim,Buildings and artificial surfaces,,1,,,,,,,,
2.41065E+16,,,28/09/2012,28/09/2012,D,28/09/2012,NBNSYS0000006838,Omocestus viridulus,G897729,189750,372950,OSI,100,,Murvagh,Fiona Wheeldon,,FALSE,FALSE,,Donegal,East Donegal,Marram dunes,,1,In car park behind sand dunes at Murvagh.,,,,,,,
2.40966E+16,,,01/07/1982,31/07/1982,DD,01/07/1982 - 31/07/1982,NBNSYS0000006838,Omocestus viridulus,G8973,189500,373500,OSI,1000,,Mullanasole,"Cotton, D.C.F.",,FALSE,FALSE,,,234,,"Cotton, D.C.F.",,,,,,Biological Records Centre,,,
2.40966E+16,,,01/07/1982,31/07/1982,DD,01/07/1982 - 31/07/1982,NBNSYS0000006839,Myrmeleotettix maculatus,G8973,189500,373500,OSI,1000,,Mullanasole,"Cotton, D.C.F.",,FALSE,FALSE,,,234,,"Cotton, D.C.F.",,,,,,Biological Records Centre,,,
2.41065E+16,,,20/08/2012,20/08/2012,D,20/08/2012,NHMSYS0001387317,Forficula auricularia,J285753,328550,375350,OSI,100,,Divis and Black Mountain,Stephen Craig,,FALSE,FALSE,,Antrim,Antrim,Heath,,1,,,,,,,,
2.40966E+16,,,01/06/1984,30/06/1984,DD,01/06/1984 - 30/06/1984,NBNSYS0000006838,Omocestus viridulus,J492760,349250,376050,OSI,100,,Conlig Hill nr Newtownards,"Anderson, R.",,FALSE,FALSE,,,238,,"Anderson, R.",,,,,,Biological Records Centre,,,
2.40966E+16,,,01/06/1984,30/06/1984,DD,01/06/1984 - 30/06/1984,NHMSYS0001387317,Forficula auricularia,J492760,349250,376050,OSI,100,,Conlig Hill nr Newtownards,"Anderson, R.",,FALSE,FALSE,,,238,,"Anderson, R.",,,,,,Biological Records Centre,,,
2.40966E+16,,,11/05/2007,11/05/2007,D,11/05/2007,NHMSYS0001387317,Forficula auricularia,J115750,311550,375050,OSI,100,,"Lennymore Bay, Lough Neagh",Roy Anderson,,FALSE,FALSE,,,,"Grassland: marshy, lowland",,abundant,Under log; sandy pasture.,,,,,,,
2.40966E+16,,,16/09/2006,16/09/2006,D,16/09/2006,NHMSYS0001387317,Forficula auricularia,J490768,349050,376850,OSI,100,,"Lead Mines Wood, Clandeboye Estate",Roy Anderson,,FALSE,FALSE,,,,Woodland edge,,frequent,On Scots pine; estate wall.,,,,,,,
2.40966E+16,,,18/07/1988,18/07/1988,D,18/07/1988,NBNSYS0000006838,Omocestus viridulus,H967760,296750,376050,OSI,100,,Arboe Point,"Nelson, B.",,FALSE,FALSE,,,236,"Grassland,non-calcareous or unspecified,tall vegetation","Nelson, B.",,,,,,"Nelson, B.",,,NATIVE
2.40966E+16,,,06/09/2006,06/09/2006,D,06/09/2006,NHMSYS0001387317,Forficula auricularia,J401773,340150,377350,OSI,100,,"Redburn Country Park, Old Holywood Rd., Redburn",Roy Anderson,,FALSE,FALSE,,,,Woodland edge,,frequent,Beaten off downy birch.,,,,,,,
2.40966E+16,,,23/06/2008,23/06/2008,D,23/06/2008,NHMSYS0001387317,Forficula auricularia,J354773,335450,377350,OSI,100,,"Inner Lough, Duncrue St./Herdman Channel Rd., Belfast Harbour Estate",Roy Anderson,,FALSE,FALSE,,,,Coastland: strandline vegetation,,several,Shell sand beach.,,,,,,,
2.40966E+16,,,23/06/2008,23/06/2008,D,23/06/2008,NBNSYS0000006838,Omocestus viridulus,J354773,335450,377350,OSI,100,,Inner Belfast Lough ASSI:Creek in Ind. Est.,Mark G. Telfer,,FALSE,FALSE,,,Down,,Mark G. Telfer,,,,,,,,,
2.40966E+16,,,19/06/1992,19/06/1992,D,19/06/1992,NBNSYS0000006838,Omocestus viridulus,J384774,338450,377450,OSI,100,,Sydenham,"Anderson, R.",,FALSE,FALSE,,,238,,"Anderson, R.",,,,,,"Anderson, R.",,,
2.40966E+16,,,26/08/1990,26/08/1990,D,26/08/1990,NBNSYS0000006838,Omocestus viridulus,H356761,235650,376150,OSI,100,,"Drumquin,3km NE of,Claragumore Lough",,,FALSE,FALSE,,,236,,,,,,,,Biological Records Centre,,,
2.40966E+16,,,26/08/1990,26/08/1990,D,26/08/1990,NBNSYS0000006838,Omocestus viridulus,H356761,235650,376150,OSI,100,,Claraghmore Lough,"Nelson, B.",,FALSE,FALSE,,,236,,"Nelson, B.",,,,,,"Widgery, J.",,,
9.94202E+16,,,08/08/2016,08/08/2016,D,08/08/2016,NHMSYS0001387317,Forficula auricularia,J382782,338250,378250,OSI,100,,Belfast Harbour Estate Conservation Area,Brian Nelson,,FALSE,FALSE,,Down,Down,,Brian Nelson,,,,Adult,,,,Field record,
9.94202E+16,,,03/09/2016,03/09/2016,D,03/09/2016,NHMSYS0001387317,Forficula auricularia,J382782,338250,378250,OSI,100,,Belfast Harbour Estate Conservation Area,Brian Nelson,,FALSE,FALSE,,Down,Down,,Brian Nelson,,,,,,,,Field record,
9.94202E+16,,,08/08/2016,08/08/2016,D,08/08/2016,NBNSYS0000006838,Omocestus viridulus,J382782,338250,378250,OSI,100,,Belfast Harbour Estate Conservation Area,Brian Nelson,,FALSE,FALSE,,Down,Down,,Brian Nelson,,,,Adult,Orthoptera Atlas,,,Field record,
2.40966E+16,,,02/11/2005,02/11/2005,D,02/11/2005,NHMSYS0001387317,Forficula auricularia,G8876,188500,376500,OSI,1000,,Beefpark,Martin Cawley,,FALSE,FALSE,,,,sand dunes,,,,,,,,,,
2.40966E+16,,,21/07/1987,21/07/1987,D,21/07/1987,NBNSYS0000006838,Omocestus viridulus,J322788,332250,378850,OSI,100,,Cave Hill,"Anderson, R.",,FALSE,FALSE,,,239,,"Anderson, R.",,,,,,"Anderson, R.",,,
2.40966E+16,,,19/06/1990,19/06/1990,D,19/06/1990,NBNSYS0000006838,Omocestus viridulus,J347790,334750,379050,OSI,100,,Belfast North Foreshore,"Anderson, R.",,FALSE,FALSE,,,239,,"Anderson, R.",,,,,,"Anderson, R.",,,
9.94202E+16,,,20/09/2014,20/09/2014,D,20/09/2014,NHMSYS0001387317,Forficula auricularia,J426801,342650,380150,OSI,100,,Cultra,Brian Nelson,,FALSE,FALSE,,Down,Down,,Brian Nelson,present,,,,,,,Field record,
2.40966E+16,,,16/07/2005,16/07/2005,D,16/07/2005,NBNSYS0000006838,Omocestus viridulus,H842788,284250,378850,OSI,100,,"Drumgarrell Td., 4km NE of Cookstown",Roy Anderson,,FALSE,FALSE,,,,"Mire: lowland raised bog, mosaic",,1,Sweeping peaty pasture interface.,,,,,,,
2.41065E+16,,,07/08/2012,07/08/2012,D,07/08/2012,NHMSYS0001387317,Forficula auricularia,J524818,352450,381850,OSI,100,,In my kitchen.,Sean,,FALSE,FALSE,,Down,Down,Buildings and artificial surfaces,,1,I've been finding more earwigs in my house this year than in the previous few years. I think they come in from the garden or the gravel driveway.,,,,,,,
2.40966E+16,,,26/08/1991,26/08/1991,D,26/08/1991,NBNSYS0000006838,Omocestus viridulus,J4181,341500,381500,OSI,1000,,"Belfast Lough,Craigavad","Irwin, A.G.",,FALSE,FALSE,,,238,,"Irwin, A.G.",,,,,,"Irwin, A.G.",,,
2.40966E+16,,,14/04/2010,14/04/2010,D,14/04/2010,NHMSYS0001387317,Forficula auricularia,J457819,345750,381950,OSI,100,,Ballygrot,Martin Cawley,,FALSE,FALSE,,,,deciduous woodland,,,,,,,,,,
2.40966E+16,,,21/05/2007,21/05/2007,D,21/05/2007,NHMSYS0001387317,Forficula auricularia,J5383,353500,383500,OSI,1000,,Ballymacormick Point (ASSI),Roy Anderson,,FALSE,FALSE,,,,Coastland: strandline vegetation,,frequent,Stones etc.,,,,,,,
2.40966E+16,,,18/07/1988,18/07/1988,D,18/07/1988,NBNSYS0000006838,Omocestus viridulus,H953830,295350,383050,OSI,100,,"Salters Castle, W shore Lough Neagh","Nelson, B.",,FALSE,FALSE,,,240,"Grassland,non-calcareous or unspecified,tall vegetation","Nelson, B.",,,,,,"Nelson, B.",,,NATIVE
2.40966E+16,,,25/07/2006,25/07/2006,D,25/07/2006,NHMSYS0001387317,Forficula auricularia,H3682,236500,382500,OSI,1000,,Baronscourt Park,Keith Alexander,,FALSE,FALSE,,,,,,,,,,,,,,
2.40966E+16,,,15/06/2006,15/06/2006,D,15/06/2006,NHMSYS0001387317,Forficula auricularia,H3682,236500,382500,OSI,1000,,Baronscourt Park,Keith Alexander,,FALSE,FALSE,,,,,,,,,,,,,,
2.41065E+16,,,27/08/2012,27/08/2012,D,27/08/2012,NHMSYS0001387317,Forficula auricularia,J153849,315350,384950,OSI,100,,Greenmount Campus,Rodney Monteith,,FALSE,FALSE,,Antrim,Antrim,Horticultural land,,1,,,,,,,,
2.40966E+16,,,01/06/1978,30/06/1978,DD,01/06/1978 - 30/06/1978,NBNSYS0000006833,Tetrix undulata,G9683,196500,383500,OSI,1000,,Lough Eske,"Cotton, D.C.F.",,FALSE,FALSE,,,235,,"Cotton, D.C.F.",,,,,,Biological Records Centre,,,
2.41065E+16,,,19/07/2008,19/07/2008,D,19/07/2008,NBNSYS0000006838,Omocestus viridulus,J154851,315450,385150,OSI,100,,Greenmount Campus,Rodney Monteith,,FALSE,FALSE,,Antrim,Antrim,Semi-natural grassland,,<10,Wildflower meadows around constructed wetlands feature.,,,,,,,
2.40966E+16,,,10/07/2006,10/07/2006,D,10/07/2006,NHMSYS0001387317,Forficula auricularia,J164853,316450,385350,OSI,100,,"Muckamore, Antrim",Roy Anderson,,FALSE,FALSE,,,,"Woodland: mixed, plantation, high forest",,several,Under dead wood.,,,,,,,
2.40966E+16,,,12/07/2006,12/07/2006,D,12/07/2006,NHMSYS0001387317,Forficula auricularia,J143856,314350,385650,OSI,100,,"Rea's Wood, Antrim Bay (Massereene)",Roy Anderson,,FALSE,FALSE,,,,Fen Carr Woodland,,occasional,Under dead wood or under bark.,,,,,,,
2.40966E+16,,,24/05/1992,24/05/1992,D,24/05/1992,NHMSYS0001387317,Forficula auricularia,G9685,196500,385500,OSI,1000,,"Ardnamona Wood, Lough Eske","Alexander, K.N.A.",,FALSE,FALSE,,,234,,,,,,,,"Alexander, K.N.A.",,,
2.40966E+16,,,01/07/1981,31/07/1981,DD,01/07/1981 - 31/07/1981,NBNSYS0000006838,Omocestus viridulus,G9785,197500,385500,OSI,1000,,L Eske,"Cotton, D.C.F.",,FALSE,FALSE,,,234,,"Cotton, D.C.F.",,,,,,Biological Records Centre,,,
2.40966E+16,,,03/06/2010,03/06/2010,D,03/06/2010,NHMSYS0001387317,Forficula auricularia,J446888,344650,388850,OSI,100,,Kilroot River (Unlocalised),Roy Anderson,,FALSE,FALSE,,,,"Grassland: marshy, lowland",,abundant,Under stones dead wood.,,,,,,,
2.40966E+16,,,20/08/2010,20/08/2010,D,20/08/2010,NHMSYS0001387317,Forficula auricularia,J095879,309550,387950,OSI,100,,"River Main Oakwood, Shane's Castle",Roy Anderson,,FALSE,FALSE,,,,Woodland edge,,several,Lower branches of large oak.,,,,,,,
2.40966E+16,,,01/07/1984,31/07/1984,DD,01/07/1984 - 31/07/1984,NBNSYS0000006838,Omocestus viridulus,J108880,310850,388050,OSI,100,,Shanes Castle,"Anderson, R.",,FALSE,FALSE,,,239,,"Anderson, R.",,,,,,Biological Records Centre,,,
2.40966E+16,,,01/07/2010,01/07/2010,D,01/07/2010,NHMSYS0001387317,Forficula auricularia,J114881,311450,388150,OSI,100,,"Shane's Castle Estate, Lough Neagh",Roy Anderson,,FALSE,FALSE,,,,Parkland/scattered trees: broad-leaved,,frequent,Lower branches of oak.,,,,,,,
2.40966E+16,,,01/08/2009,01/08/2009,D,01/08/2009,NHMSYS0001387317,Forficula auricularia,J306891,330650,389150,OSI,100,,Logwood Garden Centre,Roy Anderson,,FALSE,FALSE,,,,"Built up area, agricultural/forestry",,occasional,Under plant pots on the ground.,,,,,,,
2.40966E+16,,,16/07/2010,16/07/2010,D,16/07/2010,NHMSYS0001387317,Forficula auricularia,J092893,309250,389350,OSI,100,,"Moss Plantation, Randalstown Forest, Lough Neagh",Roy Anderson,,FALSE,FALSE,,,,Parkland/scattered trees: broad-leaved,,frequent,Under bark of fallen oak branch.,,,,,,,
2.40966E+16,,,03/05/2007,03/05/2007,D,03/05/2007,NHMSYS0001387317,Forficula auricularia,H988902,298850,390250,OSI,100,,LNFSB 2: Toome Weir Beach,Roy Anderson,,FALSE,FALSE,,,,"Lake shore, sandy",,several,Under driftwood.,,,,,,,
2.40966E+16,,,01/09/1983,30/09/1983,DD,01/09/1983 - 30/09/1983,NHMSYS0001387317,Forficula auricularia,H975903,297550,390350,OSI,100,,"L Neagh,Toom,Far Water Foot","Anderson, R.",,FALSE,FALSE,,,240,,"Anderson, R.",,,,,,Biological Records Centre,,,
2.40966E+16,,,01/08/1983,31/08/1983,DD,01/08/1983 - 31/08/1983,NBNSYS0000006838,Omocestus viridulus,H9690,296500,390500,OSI,1000,,"L Neagh,Toom,Far Water Foot","Anderson, R.",,FALSE,FALSE,,,240,,"Anderson, R.",,,,,,Biological Records Centre,,,
2.40966E+16,,,02/11/2001,02/11/2001,D,02/11/2001,NHMSYS0001387317,Forficula auricularia,J055914,305550,391450,OSI,100,,Craigmore Quarry,Roy Anderson,,FALSE,FALSE,,,,Quarry - disused,,several,"Basalt stones, mounds.",,,,,,,
2.40966E+16,,,03/06/2006,03/06/2006,D,03/06/2006,NHMSYS0001387317,Forficula auricularia,H948926,294850,392650,OSI,100,,Slugawn upper bog,Roy Anderson,,FALSE,FALSE,,,,Rubbish tips,,several,"Under stones, infill.",,,,,,,
2.41065E+16,,,09/08/2012,09/08/2012,D,09/08/2012,NHMSYS0001387317,Forficula auricularia,J357944,335750,394450,OSI,100,,"Ballyvallagh road, Ballynure",hugh stevenson,,FALSE,FALSE,,Antrim,Antrim,Buildings and artificial surfaces,,1,,,,,,,,
2.40966E+16,,,07/06/1990,07/06/1990,D,07/06/1990,NBNSYS0000006838,Omocestus viridulus,J343948,334350,394850,OSI,100,,Fair Hill,"Anderson, R.",,FALSE,FALSE,,,239,,"Anderson, R.",,,,,,"Anderson, R.",,,
2.40966E+16,,,07/09/2010,07/09/2010,D,07/09/2010,NBNSYS0000006838,Omocestus viridulus,H967939,296750,393950,OSI,100,,Lough Beg at Church Island and S to Coney Island,Roy Anderson,,FALSE,FALSE,,,,Marginal/inundation: inundation,,7,Taking flood shelter on large rock.,,,,,,,
9.94202E+16,,,03/10/2010,03/10/2010,D,03/10/2010,NHMSYS0001387317,Forficula auricularia,H974941,297450,394150,OSI,100,,Lough Beg,Brian Nelson,,FALSE,FALSE,,Londonderry,Londonderry,,Brian Nelson,,,,,,,,Scab Island,
9.94202E+16,,,27/06/2010,27/06/2010,D,27/06/2010,NBNSYS0000006838,Omocestus viridulus,H974941,297450,394150,OSI,100,,Lough Beg,Brian Nelson,,FALSE,FALSE,,Londonderry,Londonderry,,Brian Nelson,,,,,Orthoptera Atlas,,,Scab Island,
2.40966E+16,,,01/01/1963,31/12/1963,DD,01/01/1963 - 31/12/1963,NBNSYS0000006838,Omocestus viridulus,H99,295000,395000,OSI,10000,,Castledawson,,,FALSE,FALSE,,,240,,,,,,,,Biological Records Centre,,,
2.40966E+16,,,01/01/1920,31/12/1920,Y,1920,NBNSYS0000006830,Gryllotalpa gryllotalpa,H99,295000,395000,OSI,10000,,Toome,,,FALSE,FALSE,,,239,,,,,,,,Biological Records Centre,,,
2.40966E+16,,,01/01/1984,31/01/1984,DD,01/01/1984 - 31/01/1984,NHMSYS0001387317,Forficula auricularia,H971953,297150,395350,OSI,100,,"L Beg,Long Is","Anderson, R.",,FALSE,FALSE,,,240,,"Anderson, R.",,,,,,Biological Records Centre,,,
2.40966E+16,,,29/08/2007,29/08/2007,D,29/08/2007,NBNSYS0000006838,Omocestus viridulus,G6994,169500,394500,OSI,1000,,southern part of Sheskinmore NNR,Don Cotton & Jean Dunleavy,,FALSE,FALSE,,,,,,,,,,,,,,
2.40966E+16,,,28/08/1993,28/08/1993,D,28/08/1993,NBNSYS0000006833,Tetrix undulata,H8795,287500,395500,OSI,1000,,Curran Bog,"Nelson, B.",,FALSE,FALSE,,,240,,"Nelson, B.",,,,,,"Widgery, J.",,,
2.40966E+16,,,14/06/1990,14/06/1990,D,14/06/1990,NBNSYS0000006838,Omocestus viridulus,J315968,331550,396850,OSI,100,,Ballyboley Forest,"Anderson, R.",,FALSE,FALSE,,,239,,"Anderson, R.",,,,,,"Anderson, R.",,,
9.94202E+16,,,10/09/2014,10/09/2014,D,10/09/2014,NBNSYS0000006838,Omocestus viridulus,G6995,169500,395500,OSI,1000,,Sheskinmore Nature Reserve,Brian Nelson,,FALSE,FALSE,,Donegal,West Donegal,Dune grassland,Brian Nelson,present,,,,Orthoptera Atlas,,,Field record,
2.40966E+16,,,10/09/2014,10/09/2014,D,10/09/2014,NBNSYS0000006838,Omocestus viridulus,G6995,169500,395500,OSI,1000,,Sheskinmore Nature Reserve,Brian Nelson,,FALSE,FALSE,,,Donegal,,Brian Nelson,,,,,,,,,
2.40966E+16,,,01/07/1982,31/07/1982,DD,01/07/1982 - 31/07/1982,NBNSYS0000006838,Omocestus viridulus,G6995,169500,395500,OSI,1000,,Sheskinmore L,"Cotton, D.C.F.",,FALSE,FALSE,,,235,,"Cotton, D.C.F.",,,,,,Biological Records Centre,,,
2.40966E+16,,,04/08/2008,04/08/2008,D,04/08/2008,NBNSYS0000006842,Chorthippus brunneus,G7095,170500,395500,OSI,1000,,"Sandfield, east of Sheskinmore NNR",Don Cotton & Jean Dunleavy,,FALSE,FALSE,,,,,,,,,,,,,,
2.40966E+16,,,07/09/1994,07/09/1994,D,07/09/1994,NBNSYS0000006838,Omocestus viridulus,J4498,344500,398500,OSI,1000,,Magheramorne,"Nelson, B.",,FALSE,FALSE,,,239,,"Nelson, B.",,,,,,"Widgery, J.",,,
2.40966E+16,,,01/08/1981,31/08/1981,DD,01/08/1981 - 31/08/1981,NBNSYS0000006838,Omocestus viridulus,G6796,167500,396500,OSI,1000,,Kiltooris L nr Rossbeg,"Cotton, D.C.F.",,FALSE,FALSE,,,235,,"Cotton, D.C.F.",,,,,,Biological Records Centre,,,
2.40966E+16,,,06/08/2005,06/08/2005,D,06/08/2005,NHMSYS0001387317,Forficula auricularia,H734996,273450,399650,OSI,100,,Moydamlaght Forest,Roy Anderson,,FALSE,FALSE,,,,Woodland clearing,,several,Sitka spruce etc.,,,,,,,
2.40966E+16,,,06/08/2005,06/08/2005,D,06/08/2005,NBNSYS0000006838,Omocestus viridulus,H735997,273550,399750,OSI,100,,Moydamlaght Forest,Roy Anderson,,FALSE,FALSE,,,,Woodland clearing,,1,Forest roadside.,,,,,,,
2.40966E+16,,,15/08/2008,15/08/2008,D,15/08/2008,NBNSYS0000006838,Omocestus viridulus,D3701,337500,401500,OSI,1000,,Larne,Not documented,,FALSE,FALSE,,,,,,,http://www.ispot.org.uk/node/48594,,,,,,,
2.40966E+16,,,23/09/2004,23/09/2004,D,23/09/2004,NHMSYS0001387317,Forficula auricularia,D460020,346050,402050,OSI,100,,Port Muck Bay,Keith Alexander,,FALSE,FALSE,,,,,,,,,,,,,,
2.40966E+16,,,01/07/1981,31/07/1981,DD,01/07/1981 - 31/07/1981,NBNSYS0000006838,Omocestus viridulus,B7502,175500,402500,OSI,1000,,Dooey Point,"Cotton, D.C.F.",,FALSE,FALSE,,,235,,"Cotton, D.C.F.",,,,,,Biological Records Centre,,,
2.40966E+16,,,26/05/2001,26/05/2001,D,26/05/2001,NHMSYS0001387317,Forficula auricularia,C839039,283950,403950,OSI,100,,"Drumlamph Woodland Trust Reserve, Carrowmenagh Td.",Roy Anderson,,FALSE,FALSE,,,,"Woodland: broadleaved, semi-natural, high forest",,frequent,Under stones in litter.,,,,,,,
2.40966E+16,,,12/08/2006,12/08/2006,D,12/08/2006,NHMSYS0001387317,Forficula auricularia,D222054,322250,405450,OSI,100,,Slemish Mountain,Roy Anderson,,FALSE,FALSE,,,,Heathland: montane heath/dwarf herb,,several,Under boulders and in moss.,,,,,,,
2.40966E+16,,,01/06/1984,30/06/1984,DD,01/06/1984 - 30/06/1984,NHMSYS0001387317,Forficula auricularia,D333074,333350,407450,OSI,100,,Scawt Hill,"Anderson, R.",,FALSE,FALSE,,,239,,"Anderson, R.",,,,,,Biological Records Centre,,,
2.40966E+16,,,23/10/2003,23/10/2003,D,23/10/2003,NHMSYS0001387317,Forficula auricularia,C80100633,280105,406335,OSI,10,,Carntogher Mountain,Roy Anderson,,FALSE,FALSE,,,,"Mire: blanket bog, bog vegetation with Sphagnum",,frequent,Under stones by stonytrack.,,,,,,,
2.40966E+16,,,26/06/2006,26/06/2006,D,26/06/2006,NBNSYS0000006838,Omocestus viridulus,B7206,172500,406500,OSI,1000,,Crohy near Dunglow,Don Cotton & Jean Dunleavy,,FALSE,FALSE,,,,,,,,,,,,,,
2.40966E+16,,,01/06/1984,30/06/1984,DD,01/06/1984 - 30/06/1984,NBNSYS0000006838,Omocestus viridulus,D336086,333650,408650,OSI,100,,Scawt Hill,"Anderson, R.",,FALSE,FALSE,,,239,,"Anderson, R.",,,,,,Biological Records Centre,,,
2.40966E+16,,,13/06/2006,13/06/2006,D,13/06/2006,NBNSYS0000006833,Tetrix undulata,D2911,329500,411500,OSI,1000,,Glenarm: Great Deer Park,Keith Alexander,,FALSE,FALSE,,,,,,,,,,,,,,
2.40966E+16,,,13/06/2006,13/06/2006,D,13/06/2006,NHMSYS0001387317,Forficula auricularia,D2911,329500,411500,OSI,1000,,Glenarm: Great Deer Park,Keith Alexander,,FALSE,FALSE,,,,,,,,,,,,,,
2.41065E+16,,,01/08/2012,01/08/2012,D,01/08/2012,NBNSYS0000006838,Omocestus viridulus,B802102,180250,410250,OSI,100,,Oughtmeen,Rob Wheeldon,,FALSE,FALSE,,Leitrim,Leitrim,Bog woodland,,1,,,,,,,,
2.41065E+16,,,24/07/2012,24/07/2012,D,24/07/2012,NBNSYS0000006838,Omocestus viridulus,B767105,176750,410550,OSI,100,,Crucknagerragh,Irene Deisler,,FALSE,FALSE,,Donegal,West Donegal,Dry meadows and grassy verges,,,2 noisy grasshoppers..,,,,,,,
2.40966E+16,,,25/07/2012,25/07/2012,D,25/07/2012,NBNSYS0000006838,Omocestus viridulus,B767105,176750,410550,OSI,100,,Crucknagerragh,Irene Deisler,,FALSE,FALSE,,Donegal,West Donegal,Dry meadows and grassy verges,,,2 noisy grasshoppers,,,,,,,
2.40966E+16,,,17/07/1985,17/07/1985,D,17/07/1985,NBNSYS0000006838,Omocestus viridulus,D305128,330550,412850,OSI,100,,"Glenarm,Great Deer Park","Nelson, B.",,FALSE,FALSE,,,239,,"Nelson, B.",,,,,,Biological Records Centre,,,
2.40966E+16,,,23/06/2009,23/06/2009,D,23/06/2009,NBNSYS0000006838,Omocestus viridulus,B7111,171500,411500,OSI,1000,,Inishfree Upper Island,Roy Anderson,,FALSE,FALSE,,,,Coastland: dune grassland,,2,In rough grassland.,,,,,,,
9.94202E+16,,,24/08/2019,24/08/2019,D,24/08/2019,NHMSYS0001387317,Forficula auricularia,C838153,283850,415350,OSI,100,,Garvagh Forest,Brian Nelson,,FALSE,FALSE,,Londonderry,Londonderry,,Brian Nelson,,,,,,,,,
2.40966E+16,,,17/08/1992,17/08/1992,D,17/08/1992,NBNSYS0000006838,Omocestus viridulus,C460149,246050,414950,OSI,100,,"Drumahoe Bridge,R Faughan","Anderson, R.",,FALSE,FALSE,,,240,,"Anderson, R.",,,,,,"Anderson, R.",,,
2.40966E+16,,,01/01/1693,31/12/1961,DD,01/01/1693 - 31/12/1961,NHMSYS0001387317,Forficula auricularia,B61,165000,415000,OSI,10000,,Arainn Mhor,,,FALSE,FALSE,,,235,,,,,,,,Biological Records Centre,,,
2.40966E+16,,,01/01/1693,31/12/1955,DD,01/01/1693 - 31/12/1955,NHMSYS0001387317,Forficula auricularia,B61,165000,415000,OSI,10000,,Great Aran,,,FALSE,FALSE,,,235,,,,,,,,Biological Records Centre,,,
2.40966E+16,,,01/01/1963,31/12/1963,DD,01/01/1963 - 31/12/1963,NBNSYS0000006838,Omocestus viridulus,C01,205000,415000,OSI,10000,,"Letterkenny,6m W of",,,FALSE,FALSE,,,235,,,,,,,,Biological Records Centre,,,
2.40966E+16,,,01/01/1964,31/12/1964,Y,1964,NBNSYS0000006838,Omocestus viridulus,C01,205000,415000,OSI,10000,,Letterkenny,Goodhue,,FALSE,FALSE,,,235,,Goodhue,,,,,,"Andrewes, C.H.",,,
2.40966E+16,,,01/01/1964,31/12/1964,Y,1964,NBNSYS0000006838,Omocestus viridulus,C01,205000,415000,OSI,10000,,Letterkenny,Goodhue,,FALSE,FALSE,,,235,,Goodhue,,,,,,Biological Records Centre,,,
2.40966E+16,,,30/05/2009,30/05/2009,D,30/05/2009,NBNSYS0000006833,Tetrix undulata,D264189,326450,418950,OSI,100,,Waterfall Rd,Not documented,,FALSE,FALSE,,,,,,,http://www.ispot.org.uk/node/248524,,,,,,,
2.40966E+16,,,21/06/2009,21/06/2009,D,21/06/2009,NBNSYS0000006838,Omocestus viridulus,D268190,326850,419050,OSI,100,,Waterfall Rd,Not documented,,FALSE,FALSE,,,,,,,http://www.ispot.org.uk/node/248235,,,,,,,
2.40966E+16,,,16/06/2007,16/06/2007,D,16/06/2007,NBNSYS0000006838,Omocestus viridulus,D261191,326150,419150,OSI,100,,"Cranny Glen, Carnlough, Co Antrim.",Not documented,,FALSE,FALSE,,,,,,,http://www.ispot.org.uk/node/250303,,,,,,,
2.40966E+16,,,14/06/1990,14/06/1990,D,14/06/1990,NBNSYS0000006838,Omocestus viridulus,D275194,327550,419450,OSI,100,,Gortnagory,"Anderson, R.",,FALSE,FALSE,,,239,,"Anderson, R.",,,,,,"Anderson, R.",,,
2.40966E+16,,,17/06/2007,17/06/2007,D,17/06/2007,NBNSYS0000006838,Omocestus viridulus,D2519,325500,419500,OSI,1000,,Garron plateau County Antrim,Not documented,,FALSE,FALSE,,,,,,,http://www.ispot.org.uk/node/51246,,,,,,,
2.40966E+16,,,03/09/2010,03/09/2010,D,03/09/2010,NBNSYS0000006833,Tetrix undulata,D2519,325500,419500,OSI,1000,,Garron plateau County Antrim,Not documented,,FALSE,FALSE,,,,,,,http://www.ispot.org.uk/node/74444,,,,,,,
2.40966E+16,,,01/07/1983,31/07/1983,DD,01/07/1983 - 31/07/1983,NBNSYS0000006838,Omocestus viridulus,D2119,321500,419500,OSI,1000,,Glenariff Forest,"Anderson, R.",,FALSE,FALSE,,,239,,"Anderson, R.",,,,,,Biological Records Centre,,,
2.40966E+16,,,19/06/1987,19/06/1987,D,19/06/1987,NBNSYS0000006838,Omocestus viridulus,D274197,327450,419750,OSI,100,,Loughnatrosk,"Anderson, R.",,FALSE,FALSE,,,239,,"Anderson, R.",,,,,,"Anderson, R.",,,
2.41065E+16,,,16/08/2012,16/08/2012,D,16/08/2012,NBNSYS0000006834,Stethophyma grossum,B772184,177250,418450,OSI,100,,The Rosses,Rob Wheeldon,,FALSE,FALSE,,Leitrim,Leitrim,Cutover bog,,<10,Seen and heard in small area around the road junctions,,,,,,,
2.41065E+16,,,16/08/2012,16/08/2012,D,16/08/2012,NBNSYS0000006838,Omocestus viridulus,B772184,177250,418450,OSI,100,,The Rosses,Rob Wheeldon,,FALSE,FALSE,,Leitrim,Leitrim,Cutover bog,,Nov-50,Seen and heard in large area around the road junctions,,,,,,,
2.40966E+16,,,28/08/1991,28/08/1991,D,28/08/1991,NBNSYS0000006838,Omocestus viridulus,D2120,321500,420500,OSI,1000,,Glenarrif,"Irwin, A.G.",,FALSE,FALSE,,,239,,"Irwin, A.G.",,,,,,"Irwin, A.G.",,,NATIVE
2.40966E+16,,,27/02/2012,27/02/2012,D,27/02/2012,NHMSYS0001387317,Forficula auricularia,D221215,322150,421550,OSI,100,,A43,Not documented,,FALSE,FALSE,,,,,,,http://www.ispot.org.uk/node/249820,,,,,,,
2.40966E+16,,,10/06/1987,10/06/1987,D,10/06/1987,NHMSYS0001387317,Forficula auricularia,D2922,329500,422500,OSI,1000,,"Loughan,nr","Harding, P.T.",,FALSE,FALSE,,,239,,,,,,,,Biological Records Centre,,,
2.40966E+16,,,21/08/2002,21/08/2002,D,21/08/2002,NBNSYS0000006838,Omocestus viridulus,B763212,176350,421250,OSI,100,,Mullaghdoo dunes near Kincaslough,Don Cotton,,FALSE,FALSE,,,,,,,Occasional.,,,,,,,
2.40966E+16,,,21/07/2011,21/07/2011,D,21/07/2011,NBNSYS0000006838,Omocestus viridulus,C102226,210250,422650,OSI,100,,"R255, Drumdeevin",Not documented,,FALSE,FALSE,,,,,,,http://www.ispot.org.uk/node/246828,,,,,,,
2.40966E+16,,,15/09/2006,15/09/2006,D,15/09/2006,NHMSYS0001387317,Forficula auricularia,C6923,269500,423500,OSI,1000,,Drenagh Estate,Keith Alexander,,FALSE,FALSE,,,,,,,,,,,,,,
2.40966E+16,,,19/05/2006,19/05/2006,D,19/05/2006,NHMSYS0001387317,Forficula auricularia,C6923,269500,423500,OSI,1000,,Drenagh Estate,Keith Alexander,,FALSE,FALSE,,,,,,,,,,,,,,
2.41065E+16,,,08/08/2012,08/08/2012,D,08/08/2012,NBNSYS0000006838,Omocestus viridulus,C087230,208750,423050,OSI,100,,Drumfin Hill,Rob Wheeldon,,FALSE,FALSE,,Leitrim,Leitrim,Upland blanket bog,,Nov-50,See and heard along a bog access track from roadside vegetation up to pure blanket bog,,,,,,,
2.41065E+16,,,08/08/2012,08/08/2012,D,08/08/2012,NBNSYS0000006838,Omocestus viridulus,C323238,232350,423850,OSI,100,,inch island,j b bryce,,FALSE,FALSE,,Donegal,East Donegal,Dry meadows and grassy verges,,<10,,,,,,,,
2.41065E+16,,,25/08/2012,25/08/2012,D,25/08/2012,NHMSYS0001387317,Forficula auricularia,C470245,247050,424550,OSI,100,,Derry,Lynne Gillespie,,FALSE,FALSE,,Derry,Londonderry,Buildings and artificial surfaces,,>50,In the garage tend to congregate under bird food tins etc.  Also under plant pots in garden,,,,,,,
2.41065E+16,,,08/08/2012,08/08/2012,D,08/08/2012,NHMSYS0001387317,Forficula auricularia,C918263,291850,426350,OSI,100,,29 Taughey Road,Dellwyn Kane,,FALSE,FALSE,,Antrim,Antrim,Refuse and other waste,,Nov-50,Observed on and around compost heap,,,,,,,
2.40966E+16,,,06/06/1992,06/06/1992,D,06/06/1992,NBNSYS0000006838,Omocestus viridulus,C814277,281450,427750,OSI,100,,"Macosquin,Kennedy's Quarry","Anderson, R.",,FALSE,FALSE,,,240,,"Anderson, R.",,,,,,"Anderson, R.",,,
2.40966E+16,,,07/06/2010,07/06/2010,D,07/06/2010,NBNSYS0000006838,Omocestus viridulus,C941286,294150,428650,OSI,100,,Drunkendult,Roy Anderson,,FALSE,FALSE,,,,"Grassland: marshy, lowland",,frequent,Wet grass and sedge.,,,,,,,
2.40966E+16,,,19/05/1978,19/05/1978,D,19/05/1978,NHMSYS0001387317,Forficula auricularia,C3428,234500,428500,OSI,1000,,Fahen,"Good, J.A.",,FALSE,FALSE,,,235,,,,,,,,Biological Records Centre,,,
2.40966E+16,,,20/06/2008,20/06/2008,D,20/06/2008,NHMSYS0001387317,Forficula auricularia,C683300,268350,430050,OSI,100,,Tamlaght woodland,Roy Anderson,,FALSE,FALSE,,,,"Scrub: dense/continuous, neutral",,several,In soil under stones.,,,,,,,
9.94202E+16,,,13/10/2016,13/10/2016,D,13/10/2016,NHMSYS0001387317,Forficula auricularia,c063299,206350,429950,OSI,100,,Duntally Nature Reserve,Brian Nelson,,FALSE,FALSE,,Donegal,West Donegal,,Brian Nelson,,,,Adult,,,,Field record,
2.41065E+16,,,23/08/2012,23/08/2012,D,23/08/2012,NHMSYS0001387317,Forficula auricularia,C763312,276350,431250,OSI,100,,limavady,Wendy Keys,,FALSE,FALSE,,Derry,Londonderry,Buildings and artificial surfaces,,>50,,,,,,,,
2.40966E+16,,,01/07/1985,31/07/1985,DD,01/07/1985 - 31/07/1985,NBNSYS0000006838,Omocestus viridulus,D227323,322750,432350,OSI,100,,Craigagh Wood,"Nelson, B.",,FALSE,FALSE,,,239,,"Nelson, B.",,,,,,"Widgery, J.",,,
2.40966E+16,,,19/07/1985,19/07/1985,D,19/07/1985,NBNSYS0000006838,Omocestus viridulus,D245326,324550,432650,OSI,100,,"Cushendun,Craigachwood","Nelson, B.",,FALSE,FALSE,,,239,,"Nelson, B.",,,,,,Biological Records Centre,,,
2.40966E+16,,,07/06/1992,07/06/1992,D,07/06/1992,NHMSYS0001387317,Forficula auricularia,D1233,312500,433500,OSI,1000,,Breen Wood NNR,"Alexander, K.N.A.",,FALSE,FALSE,,,239,,,,,,,,"Alexander, K.N.A.",,,
2.40966E+16,,,01/08/1981,31/08/1981,DD,01/08/1981 - 31/08/1981,NBNSYS0000006838,Omocestus viridulus,B9632,196500,432500,OSI,1000,,"Falcarragh,nr","Cotton, D.C.F.",,FALSE,FALSE,,,235,,"Cotton, D.C.F.",,,,,,Biological Records Centre,,,
2.40966E+16,,,01/07/1966,31/07/1966,DD,01/07/1966 - 31/07/1966,NBNSYS0000006854,Blatta orientalis,C83,285000,435000,OSI,10000,,Portrush,"Walters, M.P.",,FALSE,FALSE,,,239,,"Tolhurst, D.J.",,,,,,Biological Records Centre,,,INTRODUCTION
2.40966E+16,,,01/01/1693,31/12/1940,DD,01/01/1693 - 31/12/1940,NBNSYS0000006842,Chorthippus brunneus,C83,285000,435000,OSI,10000,,Portrush,"Richardson, A.",,FALSE,FALSE,,,240,,"Marshall, J.A.",,,,,,Biological Records Centre,,,
2.40966E+16,,,04/07/2009,04/07/2009,D,04/07/2009,NBNSYS0000006838,Omocestus viridulus,C802349,280250,434950,OSI,100,,Grangemore Dunes,Roy Anderson,,FALSE,FALSE,,,,"Cultivated farmland, mainly grass and hedge boundaries.",,1,Grassy meadow.,,,,,,,
2.40966E+16,,,04/07/2009,04/07/2009,D,04/07/2009,NHMSYS0001387317,Forficula auricularia,C804351,280450,435150,OSI,100,,Grangemore Dunes,Roy Anderson,,FALSE,FALSE,,,,"Cultivated farmland, mainly grass and hedge boundaries.",,several,Under dried dung on sandy ground.,,,,,,,
2.40966E+16,,,10/08/1978,10/08/1978,D,10/08/1978,NBNSYS0000006838,Omocestus viridulus,C0834,208500,434500,OSI,1000,,"Rinnasligo, Co. Donegal.","Speight, M.C.D.",,FALSE,FALSE,,,235,,,,Grasshoppers and crickets of Ireland; county should be West Donegal,,,,National Biodiversity Data Centre Ireland,,,
2.40966E+16,,,01/08/1978,31/08/1978,DD,01/08/1978 - 31/08/1978,NBNSYS0000006838,Omocestus viridulus,C0834,208500,434500,OSI,1000,,,"Speight, M.C.D.",,FALSE,FALSE,,,235,,"Speight, M.C.D.",,,,,,Biological Records Centre,,,
2.40966E+16,,,01/08/1973,31/08/1973,DD,01/08/1973 - 31/08/1973,NBNSYS0000006838,Omocestus viridulus,C7235,272500,435500,OSI,1000,,"Magilligan,dunes","Anderson, R.",,FALSE,FALSE,,,240,,"Anderson, R.",,,,,,Biological Records Centre,,,
2.40966E+16,,,01/08/1973,31/08/1973,DD,01/08/1973 - 31/08/1973,NBNSYS0000006842,Chorthippus brunneus,C7235,272500,435500,OSI,1000,,"Magilligan,dunes","Anderson, R.",,FALSE,FALSE,,,240,,"Anderson, R.",,,,,,Biological Records Centre,,,
2.40966E+16,,,19/06/2014,19/06/2014,D,19/06/2014,NBNSYS0000006833,Tetrix undulata,C080354,208050,435450,OSI,100,,Ards Forest Park,Brian Nelson,,FALSE,FALSE,,,Donegal,,Brian Nelson,,,,,,,,,
2.40966E+16,,,19/06/2014,19/06/2014,D,19/06/2014,NBNSYS0000006842,Chorthippus brunneus,C080354,208050,435450,OSI,100,,Ards Forest Park,Brian Nelson,,FALSE,FALSE,,,Donegal,,Brian Nelson,,,,,,,,,
9.94202E+16,,,19/06/2014,19/06/2014,D,19/06/2014,NBNSYS0000006842,Chorthippus brunneus,C080354,208050,435450,OSI,100,,Ards Forest Park,Brian Nelson,,FALSE,FALSE,,Donegal,West Donegal,,Brian Nelson,,,,,Orthoptera Atlas,,,,
9.94202E+16,,,19/06/2014,19/06/2014,D,19/06/2014,NBNSYS0000006833,Tetrix undulata,C080354,208050,435450,OSI,100,,Ards Forest Park,Brian Nelson,,FALSE,FALSE,,Donegal,West Donegal,,Brian Nelson,,,,,Orthoptera Atlas,,,,
2.40966E+16,,,01/07/1984,31/07/1984,DD,01/07/1984 - 31/07/1984,NHMSYS0001387317,Forficula auricularia,C732360,273250,436050,OSI,100,,Umbra nr Magilligan,"Anderson, R.",,FALSE,FALSE,,,240,,"Anderson, R.",,,,,,Biological Records Centre,,,
2.40966E+16,,,01/07/1984,31/07/1984,DD,01/07/1984 - 31/07/1984,NBNSYS0000006838,Omocestus viridulus,C732360,273250,436050,OSI,100,,Umbra nr Magilligan,"Anderson, R.",,FALSE,FALSE,,,240,,"Anderson, R.",,,,,,Biological Records Centre,,,
2.40966E+16,,,01/07/1984,31/07/1984,DD,01/07/1984 - 31/07/1984,NBNSYS0000006839,Myrmeleotettix maculatus,C732360,273250,436050,OSI,100,,Umbra nr Magilligan,"Anderson, R.",,FALSE,FALSE,,,240,,"Anderson, R.",,,,,,Biological Records Centre,,,
2.40966E+16,,,25/06/2008,25/06/2008,D,25/06/2008,NBNSYS0000006839,Myrmeleotettix maculatus,C8036,280500,436500,OSI,1000,,Bann Estuary ASSI:Portstewart Dunes,Mark G. Telfer,,FALSE,FALSE,,,Londonderry,,Mark G. Telfer,,,,,,,,,
2.40966E+16,,,24/06/2003,24/06/2003,D,24/06/2003,NBNSYS0000006838,Omocestus viridulus,C699364,269950,436450,OSI,100,,Ballymaclary Dunes,Roy Anderson,,FALSE,FALSE,,,,Coastland: dune slack,,frequent,In fen vegetation among Epipactis palustris.,,,,,,,
2.40966E+16,,,06/06/2008,06/06/2008,D,06/06/2008,NBNSYS0000006838,Omocestus viridulus,C7236,272500,436500,OSI,1000,,Magilligan ASSI: The Umbra sand dunes,J. Paul,,FALSE,FALSE,,,,,,1,Voucher specimen,,,,,,,
2.40966E+16,,,15/05/2007,15/05/2007,D,15/05/2007,NHMSYS0001387317,Forficula auricularia,C7236,272500,436500,OSI,1000,,Benone Strand,Roy Anderson,,FALSE,FALSE,,,,Coastland: fore dunes,,Present,Dune fringe.,,,,,,,
2.40966E+16,,,06/06/2008,06/06/2008,D,06/06/2008,NBNSYS0000006839,Myrmeleotettix maculatus,C7236,272500,436500,OSI,1000,,Magilligan ASSI: The Umbra sand dunes,J. Paul,,FALSE,FALSE,,,,,,1,Voucher specimen,,,,,,,
9.94202E+16,,,16/08/2014,16/08/2014,D,16/08/2014,NBNSYS0000006839,Myrmeleotettix maculatus,C662389,266250,438950,OSI,100,,Magilligan Point,Brian Nelson,,FALSE,FALSE,,Londonderry,Londonderry,sand dunes,Brian Nelson,1,,,Adult,Orthoptera Atlas,,,,
2.41065E+16,,,30/08/2012,30/08/2012,D,30/08/2012,NHMSYS0001387317,Forficula auricularia,C608390,260850,439050,OSI,100,,Moville,Mark Daly,,FALSE,FALSE,,Donegal,East Donegal,Flower beds and borders,,<10,,,,,,,,
2.41065E+16,,,02/09/2012,02/09/2012,D,02/09/2012,NHMSYS0001387317,Forficula auricularia,D116404,311650,440450,OSI,100,,Ballycastle,Daniel McAfee,,FALSE,FALSE,,Antrim,Antrim,Dune scrub and woodland,,,there was 15-20,,,,,,,
2.41065E+16,,,26/09/2012,26/09/2012,D,26/09/2012,NHMSYS0001387317,Forficula auricularia,D115404,311550,440450,OSI,100,,Ballycastle,Serena Dool,,FALSE,FALSE,,Antrim,Antrim,,,Nov-50,,,,,,,,
2.41065E+16,,,10/08/2012,10/08/2012,D,10/08/2012,NBNSYS0000006838,Omocestus viridulus,D025407,302550,440750,OSI,100,,47 Craigalappin Road Bushmills,Clare Dore,,FALSE,FALSE,,Antrim,Antrim,Semi-natural grassland,,,In our garden which is managed at low intensity and has half an acre of SNG.  Commonly heard each summer since we moved to this location in 2003. Presume is common species but not ID'd.,,,,,,,
2.41065E+16,,,10/08/2012,10/08/2012,D,10/08/2012,NHMSYS0001387317,Forficula auricularia,D025407,302550,440750,OSI,100,,47 Craigalappin Road Bushmills,Clare Dore,,FALSE,FALSE,,Antrim,Antrim,Semi-natural grassland,,>50,In our garden which is managed at low intensity and has half an acre of SNG.  Commonlyseen each summer since we moved to this location in 2003. Presume is common species but not ID'd.,,,,,,,
2.41065E+16,,,23/08/2012,23/08/2012,D,23/08/2012,NHMSYS0001387317,Forficula auricularia,C475409,247550,440950,OSI,100,,"Galwilly, Glentogher",Michael Doherty,,FALSE,FALSE,,Donegal,,Horticultural land,,>50,I have been trapping and disposing of them in our 50'x20' polytunnel for the past 3 months - very numerous. At the moment they can be found inside male and female flowers of the squash family. I also see plenty of them generally in the ground outside our house.,,,,,,,
2.40966E+16,,,18/07/1985,18/07/1985,D,18/07/1985,NBNSYS0000006838,Omocestus viridulus,D186423,318650,442350,OSI,100,,"Ballycastle,Lough Fadden nr","Nelson, B.",,FALSE,FALSE,,,239,,"Nelson, B.",,,,,,Biological Records Centre,,,
2.41065E+16,,,28/07/2012,28/07/2012,D,28/07/2012,NBNSYS0000006838,Omocestus viridulus,C946440,294650,444050,OSI,100,,Giant's Causeway,Brian Nelson,,FALSE,FALSE,,Antrim,Antrim,Dry meadows and grassy verges,,<10,,,,,,,,
2.40966E+16,,,24/06/2009,24/06/2009,D,24/06/2009,NHMSYS0001387317,Forficula auricularia,C941440,294150,444050,OSI,100,,"Runkerry Area, Giant's Causeway",Roy Anderson,,FALSE,FALSE,,,,"Cultivated farmland, mainly grass and hedge boundaries.",,several,In cut Juncus piles.,,,,,,,
2.40966E+16,,,03/09/2007,03/09/2007,D,03/09/2007,NBNSYS0000006838,Omocestus viridulus,D0644,306500,444500,OSI,1000,,Carrickarade ASSI:cliff-slope before rope-bridge,Mark G. Telfer,,FALSE,FALSE,,,Antrim,,Mark G. Telfer,,,,,,,,,
2.40966E+16,,,27/06/2007,27/06/2007,D,27/06/2007,NBNSYS0000006838,Omocestus viridulus,D02904465,302905,444655,OSI,10,,White Park Bay ASSI:,Mark G. Telfer,,FALSE,FALSE,,,Antrim,,Mark G. Telfer,,,,,,,,,
2.40966E+16,,,28/08/1998,28/08/1998,D,28/08/1998,NBNSYS0000006842,Chorthippus brunneus,C9544,295500,444500,OSI,1000,,"Causeway Coast,Airds","Alexander, K.N.A.",,FALSE,FALSE,,,239,,,,,,,,Biological Records Centre,,,NATIVE
2.40966E+16,,,17/07/1985,17/07/1985,D,17/07/1985,NBNSYS0000006838,Omocestus viridulus,C987447,298750,444750,OSI,100,,Dunseverick,"Nelson, B.",,FALSE,FALSE,,,239,,"Nelson, B.",,,,,,Biological Records Centre,,,
2.40966E+16,,,01/01/1963,31/12/1963,DD,01/01/1963 - 31/12/1963,NBNSYS0000006838,Omocestus viridulus,C94,295000,445000,OSI,10000,,Giant's Causeway,,,FALSE,FALSE,,,239,,,,,,,,Biological Records Centre,,,
2.40966E+16,,,01/01/1964,31/12/1964,Y,1964,NBNSYS0000006839,Myrmeleotettix maculatus,C94,295000,445000,OSI,10000,,Giant's Causeway,Goodhue,,FALSE,FALSE,,,239,,Goodhue,,,,,,Biological Records Centre,,,
2.40966E+16,,,01/01/1963,31/12/1963,DD,01/01/1963 - 31/12/1963,NBNSYS0000006839,Myrmeleotettix maculatus,C94,295000,445000,OSI,10000,,Giant's Causeway,,,FALSE,FALSE,,,239,,,,,,,,Biological Records Centre,,,
2.40966E+16,,,01/01/1964,31/12/1964,Y,1964,NBNSYS0000006838,Omocestus viridulus,C94,295000,445000,OSI,10000,,Giant's Causeway,Goodhue,,FALSE,FALSE,,,239,,Goodhue,,,,,,"Andrewes, C.H.",,,
2.40966E+16,,,01/01/1964,31/12/1964,Y,1964,NBNSYS0000006838,Omocestus viridulus,C94,295000,445000,OSI,10000,,Giant's Causeway,Goodhue,,FALSE,FALSE,,,239,,Goodhue,,,,,,Biological Records Centre,,,
2.40966E+16,,,01/10/1968,31/10/1968,DD,01/10/1968 - 31/10/1968,NBNSYS0000006842,Chorthippus brunneus,C84,285000,445000,OSI,10000,,"Portrush,dunes","Newbold, C.",,FALSE,FALSE,,,239,,"Newbold, C.",,,,,,Biological Records Centre,,,
2.40966E+16,,,01/10/1968,31/10/1968,DD,01/10/1968 - 31/10/1968,NBNSYS0000006842,Chorthippus brunneus,C84,285000,445000,OSI,10000,,Portrush,"Newbold, C.",,FALSE,FALSE,,,239,,"Newbold, C.",,,,,,Biological Records Centre,,,
2.40966E+16,,,01/01/1693,31/12/1955,DD,01/01/1693 - 31/12/1955,NHMSYS0001387317,Forficula auricularia,B84,185000,445000,OSI,10000,,Tory Island,,,FALSE,FALSE,,,235,,,,,,,,Biological Records Centre,,,
2.40966E+16,,,01/01/1693,31/12/1961,DD,01/01/1693 - 31/12/1961,NHMSYS0001387317,Forficula auricularia,B84,185000,445000,OSI,10000,,Tory Island,,,FALSE,FALSE,,,235,,,,,,,,Biological Records Centre,,,
2.40966E+16,,,01/01/1999,31/12/1999,Y,1999,NHMSYS0001387317,Forficula auricularia,B84,185000,445000,OSI,10000,,Tory Island,,,FALSE,FALSE,,,235,,"O'Connor, J.P.",,,,,,"Harding, P.T.",,,
2.40966E+16,,,18/05/1978,18/05/1978,D,18/05/1978,NHMSYS0001387317,Forficula auricularia,C9347,293500,447500,OSI,1000,,Giant's Causeway,"Good, J.A.",,FALSE,FALSE,,,239,,,,,,,,Biological Records Centre,,,
2.40966E+16,,,01/08/1998,31/08/1998,DD,01/08/1998 - 31/08/1998,NBNSYS0000006842,Chorthippus brunneus,D152522,315250,452250,OSI,100,,"Rathlin,Ballyconagan","Alexander, K.N.A.",,FALSE,FALSE,,,239,,,,,,,,Biological Records Centre,,,NATIVE
2.40966E+16,,,01/08/1998,31/08/1998,DD,01/08/1998 - 31/08/1998,NBNSYS0000006833,Tetrix undulata,D152522,315250,452250,OSI,100,,"Rathlin,Ballyconagan","Alexander, K.N.A.",,FALSE,FALSE,,,239,,,,,,,,Biological Records Centre,,,NATIVE
2.40966E+16,,,03/06/2012,03/06/2012,D,03/06/2012,NHMSYS0001387317,Forficula auricularia,C398523,239850,452350,OSI,100,,"Carrickabraghy, Doagh Isle",Roy Anderson,,FALSE,FALSE,,,,Coastland: hard cliff,,several,"Under stones, peaty soil.",,,,,,,
2.40966E+16,,,04/06/2012,04/06/2012,D,04/06/2012,NHMSYS0001387317,Forficula auricularia,C423525,242350,452550,OSI,100,,"Five Finger Strand, Trawbreaga Bay",Roy Anderson,,FALSE,FALSE,,,,Coastland: yellow dunes,,several,Under driftwood.,,,,,,,
2.40966E+16,,,02/08/1938,02/08/1938,D,02/08/1938,NHMSYS0001387317,Forficula auricularia,C46,245000,465000,OSI,10000,,Inishtrahull,"McD, R.",,FALSE,FALSE,,,234,,"O'Connor, J.P.",,,,,,"Harding, P.T.",,,
